품목기준코드,제품명,제품영문명,업체명,업체영문명,허가일,품목구분,허가번호,취소/취하,취소/취하일자,주성분,첨가제,품목분류,전문의약품,완제/원료,허가/신고,제조/수입,마약구분,모양,색상,제형,장축,단축,신약구분,표준코드명,ATC코드,묶음의약품정보,e은약요,수입제조국,주성분영문
200810939,감콜데이나이트정(수출용),Gamcol DayNight Cap.,(주)마더스제약,MOTHER'S PHARMACEUTICAL.,2008-11-11,의약품,319,정상,,슈도에페드린염산염/아세트아미노펜/페닐레프린염산염/클로르페니라민말레산염,"미결정셀룰로오스,폴리에틸렌글리콜6000,산화티탄,포비돈,스테아르산마그네슘,히프로멜로오스 2910,경질무수규산,전분글리콜산나트륨,히드록시프로필셀룰로오스,식약청인정타르색소",,일반의약품,완제의약품,신고,제조,,,,,,,N,"8806228000202,8806552015903,8806228000219,8806552015910",N02BE51,,,,Pseudoephedrine Hydrochloride/Acetaminophen/Phenylephrine Hydrochloride/Chlorpheniramine Maleate
202006924,감콜씨플러스캡슐,Gamcol C plus Cap.,(주)마더스제약,MOTHER'S PHARMACEUTICAL.,2020-10-12,의약품,5352,유효기간만료,2025-10-12,아세트아미노펜/클로르페니라민말레산염/dl-메틸에페드린염산염/클로페라스틴염산염/카페인무수물/티아민질산염/리보플라빈/아스코르브산,"겔화전분,실리콘디옥사이드,스테아르산마그네슘,크로스카멜로오스나트륨,히드록시프로필셀룰로오스,캡슐",,일반의약품,완제의약품,신고,제조,,,,,,,N,,,,,,Acetaminophen/Chlorpheniramine Maleate/DL-Methylephedrine Hydrochloride/Cloperastine Hydrochloride/Anhydrous Caffeine/Thiamine Nitrate/Riboflavin/Ascorbic Acid
200604208,감콜캡슐(수출용),Gamcol Cap.,(주)마더스제약,MOTHER'S PHARMACEUTICAL.,2006-05-19,의약품,220,정상,,카페인무수물/티아민질산염/메타규산알루민산마그네슘/클로르페니라민말레산염/아세트아미노펜/dl-메틸에페드린염산염/덱스트로메토르판브롬화수소산염수화물/길경엑스산(10→1)/감초엑스산(5→1),"유당수화물,스테아르산마그네슘,경질무수규산,캡슐제",,일반의약품,완제의약품,신고,제조,,장방형,,,19.10,6.63,N,"8806228001506,8806552000107,8806228001513,8806552000114,8806228001520,8806552000121",R05X,,,,Anhydrous Caffeine/Thiamine Nitrate/Magnesium Aluminometasilicate/Chlorpheniramine Maleate/Acetaminophen/DL-Methylephedrine Hydrochloride/Dextromethorphan Hydrobromide Hydrate/Platycodon Root Extract Powder (10→1)/Glycyrrhiza Extract Powder (5→1)
202002523,건트라셋서방정,Kuhntraset SR Tab.,건일바이오팜주식회사,"Kuhnilbiopharm.Co.,Ltd.",2020-04-09,의약품,428,정상,,아세트아미노펜/트라마돌염산염,"저치환도히드록시프로필셀룰로오스,크로스포비돈,히프로멜로오스,콜로이드성이산화규소,포비돈,스테아르산마그네슘,오파드라이Ⅱ노란색(85F420033)",,전문의약품,완제의약품,허가,제조,,장방형,,,19.2,8.7,N,"8800730003409,8806744021903,8800730003416,8806744021910,8800730003423,8806744021927",N02AJ13,,,,Acetaminophen/Tramadol Hydrochloride
202002522,건트라셋세미서방정,Kuhntrasetsemi SR Tab.,건일바이오팜주식회사,"Kuhnilbiopharm.Co.,Ltd.",2020-04-09,의약품,427,정상,,아세트아미노펜/트라마돌염산염,"저치환도히드록시프로필셀룰로오스,크로스포비돈,히프로멜로오스,콜로이드성이산화규소,포비돈,스테아르산마그네슘,오파드라이Ⅱ노란색(85F420033)",,전문의약품,완제의약품,허가,제조,,원형,,,9.9,9.9,N,"8800730003508,8806744021804,8800730003515,8806744021811,8800730003522,8806744021828",N02AJ13,,,,Acetaminophen/Tramadol Hydrochloride
199806929,게리동정(수출용),,(주)넥스팜코리아,nexpharm korea,1966-10-06,의약품,11,정상,,아세트아미노펜/에텐자미드/카페인무수물/클로르페니라민말레산염,"적색40호알루미늄레이크,유당,스테아르산마그네슘,카르복시메틸셀룰로오스칼슘,옥수수전분,히드록시프로필셀룰로오스",,일반의약품,완제의약품,신고,제조,,삼각형,,,12.3,12.3,N,"8806625000300,8806625000317,8806625000324,8806625000331",R05X,,,,Acetaminophen/Ethenzamide/Anhydrous Caffeine/Chlorpheniramine Maleate
202107495,게보린브이정(아세트아미노펜),GEWORIN V Tablet,삼진제약(주),"SAMJIN PHARM.CO.,LTD",2021-11-16,의약품,5194,정상,,아세트아미노펜,"저치환도히드록시프로필셀룰로오스,스테아르산,오파드라이흰색(03B28796),크로스카멜로오스나트륨,콜로이드성이산화규소,스테아르산마그네슘,히드록시프로필셀룰로오스",,일반의약품,완제의약품,신고,제조,,삼각형,,,11.3,11.1,N,"8806478053300,8806478053317",N02BE01,,202107495,,Acetaminophen
201111097,게보린에스정(수출용),GEWORIN S Tab.,삼진제약(주),"SAMJIN PHARM.CO.,LTD",2011-12-22,의약품,5016,정상,,아세트아미노펜/카페인무수물/제피아스코르브산,"저치환도히드록시프로필셀룰로오스,콜로이드성 이산화규소,스테아르산,크로스포비돈,식약청인정타르색소(적색3호),스테아르산마그네슘,전호화전분",,일반의약품,완제의약품,신고,제조,,,,,,,N,8806478036808,N02BE51,,,,Acetaminophen/Anhydrous Caffeine/Ascorbic Acid Coated
197900277,게보린정(수출명:돌로린정),Geworin Tab.,삼진제약(주),"SAMJIN PHARM.CO.,LTD",1979-03-15,의약품,375,정상,,아세트아미노펜/카페인무수물/이소프로필안티피린,"적색3호,저치환도히드록시프로필셀룰로오스,미결정셀룰로오스,스테아르산마그네슘,실리콘디옥시드,전분글리콜산나트륨,히드록시프로필셀룰로오스",,일반의약품,완제의약품,신고,제조,,삼각형,,,11.2,11.2,N,"8806478000403,8806478000410,8806478000427",N02BE51,,197900277,,Acetaminophen/Anhydrous Caffeine/Isopropylantipyrine
202006756,게보린쿨다운정,GEWORIN Cooldown Tablet,삼진제약(주),"SAMJIN PHARM.CO.,LTD",2020-10-06,의약품,5167,취하,2025-01-09,아세트아미노펜/벤포티아민/리보플라빈/제피아스코르브산,"오파드라이 클리어(03K19229),저치환도히드록시프로필셀룰로오스,크로스카르멜로오스나트륨,스테아르산,오파드라이QX녹색(321A610044),콜로이드성이산화규소,스테아르산마그네슘,히드록시프로필셀룰로오스",,일반의약품,완제의약품,신고,제조,,,,,,,N,"8806478050613,8806478050606",N02BE51,,202006756,,Acetaminophen/Benfotiamine/Riboflavin/Ascorbic Acid Coated
197600432,경동아세트아미노펜정(수출용),Kyungdong Acetaminophen Tab.,경동제약(주),"KyungDong Pharm. Co., Ltd.",1976-06-17,의약품,106,취하,2025-12-11,아세트아미노펜,"스테아르산,미결정셀룰로오스,이산화규소,전분글리콜산나트륨",,일반의약품,완제의약품,신고,제조,,,,,,,N,"8806481001107,8806481001114,8806481001121,8806481001138,8806481001145,8806481001152",N02BE01,,,,Acetaminophen
201204672,고프레노즈연질캡슐,GOPLE NOSE,국제약품(주),"KUKJE pharmaceutical co., ltd",2012-05-16,의약품,5024,유효기간만료,2024-01-01,아세트아미노펜/슈도에페드린염산염/클로르페니라민말레산염,"프로필렌글리콜,폴리에틸렌글리콜400,솔비톨스페샬글리세린블렌드,젤라틴,포비돈,황색203호,정제수,청색1호",,일반의약품,완제의약품,신고,제조,,,,,,,N,"8806437034807,8806437034814",R05X,,,,Acetaminophen/Pseudoephedrine Hydrochloride/Chlorpheniramine Maleate
202501561,광동콜에스액,Kwangdongcold S solution,광동제약(주),"Kwangdong Pharm Co., Ltd.",2025-06-24,의약품,5275,정상,,아세트아미노펜/구아이페네신/에페드린염산염/클로르페니라민말레산염/카페인무수물,"베타덱스,시트르산수화물,드링크향 KBR-150108,자일리톨,고과당,백당,수크랄로스,에데트산나트륨수화물,시트르산나트륨수화물,L-멘톨,아세설팜칼륨,정제수,조합향료딸기향KBR-140705",,일반의약품,완제의약품,신고,제조,,,,,,,N,"8806418074716,8806418074709",R05X,,,,Acetaminophen/Guaifenesin/Ephedrine Hydrochloride/Chlorpheniramine Maleate/Anhydrous Caffeine
200502338,광동탕골드액,,광동제약(주),"Kwangdong Pharm Co., Ltd.",2005-06-27,의약품,231,유효기간만료,2024-01-01,진광탕연조엑스/아세트아미노펜,"시트르산수화물,인산,고과당,아스파탐,염화나트륨,시트르산나트륨수화물,쌍화향,아세설팜칼륨,정제수",,일반의약품,완제의약품,신고,제조,,,,,,,N,"8806418008803,8806418008810",N02BE51,,,,Jinkwangtang Extract/Acetaminophen
201404328,광동탕에이액,,광동제약(주),"Kwangdong Pharm Co., Ltd.",2014-09-23,의약품,5085,정상,,감초/건강/육계/대추/작약/아세트아미노펜,"시트르산수화물,펙틴,인산,고과당,아스파탐,염화나트륨,백당,잔탄검,시트르산나트륨수화물,아세설팜칼륨,쌍화향 KBR-150110,정제수",,일반의약품,완제의약품,신고,제조,,,,,,,N,"8806418057603,8806418057610,8806418059713,8806418059706",N02BG,,201404328,,Licorice/Ginger/Cinnamon Bark/Jujube/Peony Root/Acetaminophen
201908635,광동탕엠액,,광동제약(주),"Kwangdong Pharm Co., Ltd.",2019-12-26,의약품,5208,정상,,감초/육계/행인/마황/아세트아미노펜,"시트르산수화물,펙틴,인산,고과당,염화나트륨,백당,잔탄검,시트르산나트륨수화물,쌍화향 KBR-240742,아세설팜칼륨,쌍화향 KBR-150110,정제수",,일반의약품,완제의약품,신고,제조,,,,,,,N,"8806418068609,8806418068616",R05X,,201908635,,Licorice/Cinnamon Bark/Apricot Kernel/Ephedra Herb/Acetaminophen
197300294,국전아세트아미노펜(원료),,(주)국전,"Kukjeon Pharmaceutical Co., Ltd",1973-02-16,의약품,251,취하,2023-05-12,아세트아미노펜,,,,원료의약품,신고,제조,,,,,,,N,"8806953004803,8806953004810",N02BE01,,,중국,Acetaminophen
200203777,국전아세트아미노펜제피세립,,(주)국전,"Kukjeon Pharmaceutical Co., Ltd",2002-12-17,의약품,201,취하,2023-05-12,아세트아미노펜제피세립,,,,원료의약품,신고,제조,,,,,,,N,,,,,,Microencapsulated Acetaminophen
201503529,굿엔코액,,광동제약(주),"Kwangdong Pharm Co., Ltd.",2015-05-29,의약품,5112,유효기간만료,2025-05-29,아세트아미노펜/페닐레프린염산염/클로르페니라민말레산염,"시트르산수화물,드링크향 KBR-150108,오렌지향 KBR-109001,고과당,백당,에데트산나트륨수화물,수크랄로오스,정제수",,일반의약품,완제의약품,신고,제조,,,,,,,N,"8806418059508,8806418059515",R05X,,201503529,,Acetaminophen/Phenylephrine Hydrochloride/Chlorpheniramine Maleate
201503528,굿엔콜액,,광동제약(주),"Kwangdong Pharm Co., Ltd.",2015-05-29,의약품,5111,유효기간만료,2025-05-29,아세트아미노펜/구아이페네신/에페드린염산염/클로르페니라민말레산염/카페인무수물,"베타덱스,시트르산수화물,드링크향 KBR-150108,오렌지향 KBR-109001,고과당,자일리톨,백당,에데트산나트륨수화물,에탄올(95),시트르산나트륨수화물,L-멘톨,수크랄로오스,아세설팜칼륨,정제수",,일반의약품,완제의약품,신고,제조,,,,,,,N,"8806418059409,8806418059416",R05X,,201503528,,Acetaminophen/Guaifenesin/Ephedrine Hydrochloride/Chlorpheniramine Maleate/Anhydrous Caffeine
201906521,굿트라셋세미정,GOODTRACET SEMI Tab.,(주)다산제약,"Dasan Pharmaceutical Co., Ltd.",2019-09-18,의약품,5141,정상,,트라마돌염산염/아세트아미노펜,"미결정셀룰로오스,크로스포비돈,스테아르산마그네슘,전호화전분,오파드라이II노란색(85F420033)",,전문의약품,완제의약품,허가,제조,,장방형,,,12.1,5.4,N,"8806786015007,8806786015014,8806786015021",N02AJ13,201906521,,,Tramadol Hydrochloride/Acetaminophen
201800309,굿트라셋정,GOODTRACET Tab.,(주)다산제약,"Dasan Pharmaceutical Co., Ltd.",2018-01-23,의약품,5075,정상,,트라마돌염산염/아세트아미노펜,"미결정셀룰로오스,크로스포비돈,스테아르산마그네슘,전호화전분,오파드라이II노란색(85F420033)",,전문의약품,완제의약품,허가,제조,,타원형,,,15.5,6.6,N,"8806786007705,8806786007712,8806786007736",N02AJ13,201800309,,,Tramadol Hydrochloride/Acetaminophen
202302739,그날엔노즈에이연질캡슐,Gnal-N Nose A Soft Cap.,경동제약(주),"KyungDong Pharm. Co., Ltd.",2023-09-12,의약품,5214,정상,,아세트아미노펜/클로르페니라민말레산염/슈도에페드린염산염,"프로필렌글리콜,부분탈수액상소르비톨,중쇄트리글리세리드,락색소,폴리에틸렌글리콜400,젤라틴,포비돈,카르나우바납,정제수,농글리세린",,일반의약품,완제의약품,신고,제조,,타원형,,,15.8,10.0,N,"8806481049604,8806481049611",R05X,,202302739,,Acetaminophen/Chlorpheniramine Maleate/Pseudoephedrine Hydrochloride
201109333,그날엔노즈연질캡슐,Gnal-N Nose Soft Cap.,경동제약(주),"KyungDong Pharm. Co., Ltd.",2011-10-31,의약품,5017,유효기간만료,2024-01-01,아세트아미노펜/수도에페드린염산염/클로르페니라민말레산염,"프로필렌글리콜,폴리에틸렌글리콜400,솔비톨스페샬글리세린블렌드,젤라틴,포비돈,정제수,청색1호",,일반의약품,완제의약품,신고,제조,,,,,,,N,"8806481031302,8806481031319",R05X,,201109333,,Acetaminophen/Pseudoephedrine Hydrochloride/Chlorpheniramine Maleate
201705221,그날엔노즈플러스연질캡슐,Gnal-N Nose Plus Soft Cap.,경동제약(주),"KyungDong Pharm. Co., Ltd.",2017-07-04,의약품,5105,정상,,아세트아미노펜/브롬페니라민말레산염/슈도에페드린염산염,"프로필렌글리콜,치자청색소,폴리에틸렌글리콜400,솔비톨스페샬글리세린블렌드,젤라틴,포비돈,정제수",,일반의약품,완제의약품,신고,제조,,타원형,,,20,9.9,N,"8806481039612,8806481039605",R05X,,201705221,,Acetaminophen/Brompheniramine Maleate/Pseudoephedrine Hydrochloride
202302140,그날엔에이스연질캡슐,Gnal-N Ace Soft Cap.,경동제약(주),"KyungDong Pharm. Co., Ltd.",2023-07-12,의약품,5211,정상,,아세트아미노펜/리보플라빈,"프로필렌글리콜,부분탈수액상소르비톨,폴리에틸렌글리콜4000,폴리에틸렌글리콜400,이산화규소,젤라틴,산화티탄,포비돈,적색40호,정제수,농글리세린,청색1호",,일반의약품,완제의약품,신고,제조,,타원형,,,16.8,9.1,N,"8806481049307,8806481049314",N02BE51,,202302140,,Acetaminophen/Riboflavin
202302948,그날엔코프에이연질캡슐,Gnal-N Cough A Soft Cap.,경동제약(주),"KyungDong Pharm. Co., Ltd.",2023-10-19,의약품,5215,정상,,아세트아미노펜/dl-메틸에페드린염산염/덱스트로메토르판브롬화수소산염수화물/구아이페네신,"프로필렌글리콜,부분탈수액상소르비톨,중쇄트리글리세리드,치자청색소,폴리에틸렌글리콜400,젤라틴,포비돈,카르나우바납,정제수,농글리세린",,일반의약품,완제의약품,신고,제조,,타원형,,,16.2,10.3,N,"8806481049703,8806481049710",R05X,,202302948,,Acetaminophen/DL-Methylephedrine Hydrochloride/Dextromethorphan Hydrobromide Hydrate/Guaifenesin
201705220,그날엔코프플러스연질캡슐,Gnal-N Cough Plus Soft Cap.,경동제약(주),"KyungDong Pharm. Co., Ltd.",2017-07-04,의약품,5104,정상,,아세트아미노펜/노스카핀염산염수화물/클로페라스틴염산염,"프로필렌글리콜,치자청색소,폴리에틸렌글리콜400,젤라틴,홍화황색소,포비돈,소르비톨스페셜글리세린블렌드,정제수",,일반의약품,완제의약품,신고,제조,,타원형,,,20,9.9,N,"8806481039414,8806481039407",R05X,,201705220,,Acetaminophen/Noscapine Hydrochloride Hydrate/Cloperastine Hydrochloride
202302949,그날엔콜드에이연질캡슐,Gnal-N Cold A Soft Cap.,경동제약(주),"KyungDong Pharm. Co., Ltd.",2023-10-19,의약품,5216,정상,,아세트아미노펜/클로르페니라민말레산염/dl-메틸에페드린염산염/슈도에페드린염산염/덱스트로메토르판브롬화수소산염수화물/구아이페네신,"프로필렌글리콜,부분탈수액상소르비톨,중쇄트리글리세리드,폴리에틸렌글리콜400,젤라틴,홍화황색소,포비돈,카르나우바납,정제수,농글리세린",,일반의약품,완제의약품,신고,제조,,타원형,,,16.5,9.7,N,"8806481049802,8806481049819",R05X,,202302949,,Acetaminophen/Chlorpheniramine Maleate/DL-Methylephedrine Hydrochloride/Pseudoephedrine Hydrochloride/Dextromethorphan Hydrobromide Hydrate/Guaifenesin
201109334,그날엔콜드연질캡슐,Gnal-N Cold Soft Cap.,경동제약(주),"KyungDong Pharm. Co., Ltd.",2011-10-31,의약품,5018,유효기간만료,2024-01-01,아세트아미노펜/구아이페네신/수도에페드린염산염/클로르페니라민말레산염/덱스트로메토르판브롬화수소산염수화물,"프로필렌글리콜,황색5호,폴리에틸렌글리콜400,솔비톨스페샬글리세린블렌드,젤라틴,포비돈,정제수,청색1호",,일반의약품,완제의약품,신고,제조,,,,,,,N,"8806481031500,8806481031517",R05X,,201109334,,Acetaminophen/Guaifenesin/Pseudoephedrine Hydrochloride/Chlorpheniramine Maleate/Dextromethorphan Hydrobromide Hydrate
201705219,그날엔콜드플러스연질캡슐,Gnal-N Cold Plus Soft Cap.,경동제약(주),"KyungDong Pharm. Co., Ltd.",2017-07-04,의약품,5103,정상,,아세트아미노펜/슈도에페드린염산염/브롬페니라민말레산염/클로페라스틴염산염/구아이페네신,"프로필렌글리콜,폴리에틸렌글리콜400,젤라틴,홍화황색소,포비돈,소르비톨스페셜글리세린블렌드,정제수",,일반의약품,완제의약품,신고,제조,,타원형,,,20,10,N,"8806481039513,8806481039506",R05X,,201705219,,Acetaminophen/Pseudoephedrine Hydrochloride/Brompheniramine Maleate/Cloperastine Hydrochloride/Guaifenesin
201402984,그린콜샷리퀴드연질캡슐,Green Colshot Liquid Soft Cap.,(주)알피바이오,RP Bio Inc.,2014-07-07,의약품,5150,취하,2024-06-05,아세트아미노펜/구아이페네신/슈도에페드린염산염/덱스트로메토르판브롬화수소산염수화물/카르비녹사민말레산염,"프로필렌글리콜,락색소,폴리에틸렌글리콜400,젤라틴,포비돈,소르비톨스페셜글리세린블렌드,정제수",,일반의약품,완제의약품,신고,제조,,,,,,,N,"8806616043804,8806616043811",R05X,,201402984,,Acetaminophen/Guaifenesin/Pseudoephedrine Hydrochloride/Dextromethorphan Hydrobromide Hydrate/Carbinoxamine Maleate
200502775,그린콜샷에스시럽,Green Colshot Syrup,(주)녹십자,GC Biopharma Corp.,2005-10-12,의약품,131,정상,,클로르페니라민말레산염/아세트아미노펜/dl-메틸에페드린염산염/덱스트로메토르판브롬화수소산염수화물,"시트르산수화물,글리세린,메틸파라벤,자일리톨,프로필파라벤,시트르산나트륨수화물,스트로베리 후레바 티-6653,정제수",,일반의약품,완제의약품,신고,제조,,,,,,,N,"8806436001800,8806436001817,8806436001824,8806436001831",R05X,,200502775,,Chlorpheniramine Maleate/Acetaminophen/DL-Methylephedrine Hydrochloride/Dextromethorphan Hydrobromide Hydrate
200711330,그린콜샷에스캡슐,Green Colshot S Cap.,(주)녹십자,GC Biopharma Corp.,2007-10-15,의약품,510,취하,2023-07-12,아세트아미노펜/클로르페니라민말레산염/슈도에페드린염산염/클로페라스틴염산염/dl-메틸에페드린염산염/구아이페네신,"상부 흰색, 하부 연한빨간색의 경질캡슐,유당수화물,이산화규소,스테아르산마그네슘,탤크,히드록시프로필셀룰로오스",,일반의약품,완제의약품,신고,제조,,,,,,,N,"8806436001909,8806436001916,8806436001923",R05X,,200711330,,Acetaminophen/Chlorpheniramine Maleate/Pseudoephedrine Hydrochloride/Cloperastine Hydrochloride/DL-Methylephedrine Hydrochloride/Guaifenesin
200608329,그린콜연질캡슐,Greencol Soft Cap.,(주)알피바이오,RP Bio Inc.,2006-07-21,의약품,268,정상,,아세트아미노펜/클로르페니라민말레산염/슈도에페드린염산염,"프로필렌글리콜,폴리에틸렌글리콜400,젤라틴,포비돈,소르비톨스페셜글리세린블렌드,정제수",,일반의약품,완제의약품,신고,제조,,타원형,,,25,9.4,N,"8806616000203,8806616000210",R05X,,200608329,,Acetaminophen/Chlorpheniramine Maleate/Pseudoephedrine Hydrochloride
201403560,근편정,Geun-Pyeon Tab.,코오롱제약(주),KOLON PHARMA,2014-07-31,의약품,5064,취하,2023-09-15,클로르족사존/아세트아미노펜,"미결정셀룰로오스,히프로멜로오스,폴리에틸렌글리콜6000,산화티탄,스테아르산마그네슘,탤크,전분글리콜산나트륨,히드록시프로필셀룰로오스",,일반의약품,완제의약품,신고,제조,,타원형,,,14,8.1,N,"8806703038102,8806703038119",M03BB53,,201403560,,Chlorzoxazone/Acetaminophen
201309432,기감탕노즈액,Gigamtang Nose Solution,한국신텍스제약(주),KOREA SYNTEX PHARMACEUTICAL,2013-09-26,의약품,704,정상,,감초/건강/육계/마황/반하/세신/오미자/작약/아세트아미노펜/클로르페니라민말레산염,"시트르산수화물,벤조산나트륨,고과당55,에탄올(95),시트르산나트륨수화물,L-멘톨,정제수",,일반의약품,완제의약품,신고,제조,,,,,,,N,"8806230033205,8806230033212,8806230033229",R05X,,201309432,,Licorice/Ginger/Cinnamon Bark/Ephedra Herb/Pinellia Tuber/Asiasarum Root and Rhizome/Schisandra Fruit/Peony Root/Acetaminophen/Chlorpheniramine Maleate
201309433,기감탕에프액,Gigamtang F Solution,한국신텍스제약(주),KOREA SYNTEX PHARMACEUTICAL,2013-09-26,의약품,705,정상,,작약/육계/감초/갈근/마황/대추/건강/아세트아미노펜,"시트르산수화물,벤조산나트륨,고과당55,에탄올(95),시트르산나트륨수화물,L-멘톨,정제수",,일반의약품,완제의약품,신고,제조,,,,,,,N,"8806230033304,8806230033311,8806230033328",R05X,,201309433,,Peony Root/Cinnamon Bark/Licorice/Pueraria Root/Ephedra Herb/Jujube/Ginger/Acetaminophen
201309431,기감탕코프액,Gigamtangkop Solution,한국신텍스제약(주),KOREA SYNTEX PHARMACEUTICAL,2013-09-26,의약품,703,정상,,감초/갱미/대추/맥문동/반하/인삼/아세트아미노펜/티페피딘히벤즈산염,"시트르산수화물,벤조산나트륨,고과당55,에탄올(95),시트르산나트륨수화물,L-멘톨,정제수",,일반의약품,완제의약품,신고,제조,,,,,,,N,"8806230033106,8806230033113,8806230033120",R05X,,201309431,,Licorice/Oryzae Semen/Jujube/Liriope Tuber/Pinellia Tuber/Ginseng/Acetaminophen/Tipepidine Hibenzate
202200088,나나정500밀리그램(아세트아미노펜),NaNa Tab. 500mg,초당약품공업(주),"CHO-DANG Pharm. Co., Ltd.",2022-01-05,의약품,5047,정상,,아세트아미노펜,"스테아르산,저치환도히드록시프로필셀룰로오스,히프로멜로오스2910,크로스포비돈,히프로멜로오스,폴리에틸렌글리콜6000,산화티탄,포비돈,크로스포비돈(타입A),탤크",,일반의약품,완제의약품,신고,제조,,타원형,,,17.7,7.2,N,"8806707020219,8806707020202,8806707020226,8806707020233,8806707020240",N02BE01,,202200088,,Acetaminophen
202202552,나노아세트정160mg(아세트아미노펜)(수출용),PARA KIM Tab. 160mg,초당약품공업(주),"CHO-DANG Pharm. Co., Ltd.",2022-06-17,의약품,5052,정상,,아세트아미노펜,"시트르산수화물,저치환도히드록시프로필셀룰로오스,사카린나트륨수화물,스테비올배당체,미결정셀룰로오스,크로스포비돈,체리미크론(A-921102),포비돈,스테아르산마그네슘,탤크",,일반의약품,완제의약품,신고,제조,,,,,,,N,"8806707020509,8806707020516,8806707020523,8806707020530,8806707020547",N02BE01,,,,Acetaminophen
200302831,나노펜정,Nanophen Tab.,경방신약(주),"KYUNGBANG Pharmaceutical Co.,Ltd",2003-03-18,의약품,188,유효기간만료,2024-01-01,작약가루/감초가루/아세트아미노펜/에텐자미드/카페인수화물,"미결정셀룰로오스,유당수화물,폴리에틸렌글리콜6000,산화티탄,포비돈,스테아르산마그네슘,카르복시메틸셀룰로오스칼슘,적색40호,옥수수전분,히드록시프로필메틸셀룰로오스",,일반의약품,완제의약품,신고,제조,,장방형,,,18.35,8.30,N,"8806613022109,8806613022116,8806613022123,8806613022130,8806613022147",N02BE51,,200302831,,Peony Root Powder/Glycyrrhiza Powder/Acetaminophen/Ethenzamide/Caffeine Hydrate
202200195,나스펜시럽(아세트아미노펜),Naspen syrup,조아제약(주),"Cho-a pharm.co.,ltd",2022-01-11,의약품,5204,정상,,아세트아미노펜,"프로필렌글리콜,시트르산수화물,딸기향(3104145),프로필파라벤,수크랄로스,백당,잔탄검,미결정셀룰로오스·카르복시메틸셀룰로오스,농글리세린,D-소르비톨액(70%),조합향료(체리후레바(6009)),정제수",,일반의약품,완제의약품,신고,제조,,,,,,,N,"8806446043401,8806446043418,8806446043425",N02BE01,,202200195,,Acetaminophen
201906314,나스펜연질캡슐(아세트아미노펜),naspen soft caps,조아제약(주),"Cho-a pharm.co.,ltd",2019-09-05,의약품,5160,정상,,아세트아미노펜,"프로필렌글리콜,폴리에틸렌글리콜400,젤라틴,포비돈,소르비톨소르비탄 액,안나토색소,정제수",,일반의약품,완제의약품,신고,제조,,타원형,,,21.9,9.8,N,"8806446040011,8806446040004",N02BE01,,201906314,,Acetaminophen
201604724,나이스노즈연질캡슐,Nice nose Soft capsule,코스맥스파마(주),"COSMAX PHARMA CO., LTD.",2016-08-01,의약품,19,취하,2024-09-11,아세트아미노펜/구아이페네신/슈도에페드린염산염/클로르페니라민말레산염,"프로필렌글리콜,치자청색소,폴리에틸렌글리콜400,젤라틴,포비돈,정제수,소르비톨 소르비탄액",,일반의약품,완제의약품,신고,제조,,,,,,,N,"8800540000407,8800542000603,8800551015001,8806129001209,8800540000414,8800542000610,8800551015018,8806129001216",R05X,,201604724,,Acetaminophen/Guaifenesin/Pseudoephedrine Hydrochloride/Chlorpheniramine Maleate
201604721,나이스콜드연질캡슐,Nice cold Soft capsule,코스맥스파마(주),"COSMAX PHARMA CO., LTD.",2016-08-01,의약품,18,취하,2024-09-11,아세트아미노펜/구아이페네신/슈도에페드린염산염/덱스트로메토르판브롬화수소산염수화물/클로르페니라민말레산염,"프로필렌글리콜,폴리에틸렌글리콜400,젤라틴,포비돈,안나토색소,정제수,소르비톨 소르비탄액",,일반의약품,완제의약품,신고,제조,,,,,,,N,"8800540000605,8800542001303,8800551015605,8806129001407,8800540000612,8800542001310,8800551015612,8806129001414",R05X,,201604721,,Acetaminophen/Guaifenesin/Pseudoephedrine Hydrochloride/Dextromethorphan Hydrobromide Hydrate/Chlorpheniramine Maleate
200801186,나이트타임연질캡슐(수출용),Night-time soft Capsule,(주)동구바이오제약,"DongKoo Bio&Pharma Co., Ltd.",2008-01-29,의약품,536,정상,,아세트아미노펜/덱스트로메토르판브롬화수소산염수화물/독시라민숙신산염,"프로필렌글리콜,황색5호,폴리에틸렌글리콜400,젤라틴,포비돈,부분무수소르비톨액,정제수,청색1호",,일반의약품,완제의약품,신고,제조,,,,,,,N,"8806573040908,8806573040915",N02BE51,,,,Acetaminophen/Dextromethorphan Hydrobromide Hydrate/Doxylamine Succinate
199500319,나콜플러스시럽,Nacol Plus Syrup,일동제약(주),"Ildong Pharmaceutical Co., Ltd.",1995-11-04,의약품,138,정상,,아세트아미노펜/클로르페니라민말레산염/티페피딘시트르산염/dl-메틸에페드린염산염/카페인수화물,"베타덱스,시트르산수화물,글리세린,메틸파라벤,그레이프후레바,백당,프로필파라벤,시트르산나트륨수화물,D-소르비톨액,정제수",,일반의약품,완제의약품,신고,제조,,,,,,,N,"8806429000407,8806429000414,8806429000421",R05X,,199500319,,Acetaminophen/Chlorpheniramine Maleate/Tipepidine Citrate/DL-Methylephedrine Hydrochloride/Caffeine Hydrate
202107510,나트콜연질캡슐,Natcol Soft Capsule,(주)서흥,"Suheung Co., Ltd.",2021-11-16,의약품,3102,정상,,아세트아미노펜/dl-메틸에페드린염산염/구아이페네신/슈도에페드린염산염/클로르페니라민말레산염/리보플라빈/덱스트로메토르판브롬화수소산염수화물,"프로필렌글리콜,부분탈수액상소르비톨,폴리에틸렌글리콜4000,폴리에틸렌글리콜400,이산화규소,젤라틴,산화티탄,홍화황색소,포비돈,정제수,농글리세린",,일반의약품,완제의약품,신고,제조,,,,,,,N,"8806796014601,8806796014618",R05X,,,,Acetaminophen/DL-Methylephedrine Hydrochloride/Guaifenesin/Pseudoephedrine Hydrochloride/Chlorpheniramine Maleate/Riboflavin/Dextromethorphan Hydrobromide Hydrate
201101508,난타코연질캡슐,Tienose Soft Cap.,(주)알피바이오,RP Bio Inc.,2011-03-21,의약품,5028,취하,2024-06-03,아세트아미노펜/클로르페니라민말레산염/슈도에페드린염산염,"프로필렌글리콜,락색소,폴리에틸렌글리콜400,젤라틴,포비돈,소르비톨스페셜글리세린블렌드,정제수",,일반의약품,완제의약품,신고,제조,,,,,,,N,"8806616033706,8806616033713,8806616033720",R05X,,201101508,,Acetaminophen/Chlorpheniramine Maleate/Pseudoephedrine Hydrochloride
201107450,난타콜연질캡슐,Mirico Soft Cap.,(주)알피바이오,RP Bio Inc.,2011-09-29,의약품,5055,취하,2024-06-03,클로르페니라민말레산염/슈도에페드린염산염/구아이페네신/아세트아미노펜,"프로필렌글리콜,적색3호,황색5호,폴리에틸렌글리콜400,젤라틴,포비돈,소르비톨스페셜글리세린블렌드,정제수",,일반의약품,완제의약품,신고,제조,,,,,,,N,"8806616036608,8806616036615,8806616036622",R05X,,201107450,,Chlorpheniramine Maleate/Pseudoephedrine Hydrochloride/Guaifenesin/Acetaminophen
202201984,내린다시럽(아세트아미노펜),Lower syrup(acetaminophen),(주)텔콘알에프제약,telconRF pharmaceutical company,2022-05-12,의약품,122,정상,,아세트아미노펜,"프로필렌글리콜,시트르산수화물,D-소르비톨 액,수크랄로스,백당,프로필파라벤,잔탄검,포도엣센스#6,적색40호,미결정셀룰로오스·카르복시메틸셀룰로오스,농글리세린,정제수",,일반의약품,완제의약품,신고,제조,,,,,,,N,"8806255013602,8806255013619,8806255013626",N02BE01,,202201984,,Acetaminophen
199402372,네가펜캡슐(수출용),Negaphen Cap.(for export),한국코러스(주),"Hankook Korus Pharm. Co., Ltd",1994-08-04,의약품,18,정상,,아세트아미노펜/디크로랄페나존/이소메텝턴뮤케이트,"스테아르산마그네슘,탤크,캡슐",,일반의약품,완제의약품,신고,제조,,장방형,,,21.4,7.33,N,"8806472000102,8806472000119",N02CX,,,,Acetaminophen/Dichloralphenazone/Isometheptene Mucate
201601542,네버콜에스연질캡슐(수출용),Never Cold S Soft Cap.(For export),동성제약(주),"DONGSUNG BIO PHARM. CO., LTD",2016-03-17,의약품,5061,취하,2023-06-19,아세트아미노펜/덱스트로메토르판브롬화수소산염수화물/페닐레프린염산염,"프로필렌글리콜,폴리에틸렌글리콜400,솔비톨스페샬글리세린블렌드,젤라틴,포비돈,카카오색소,정제수",,일반의약품,완제의약품,허가,제조,,,,,,,N,"8806432028207,8806432028214",R05X,,,,Acetaminophen/Dextromethorphan Hydrobromide Hydrate/Phenylephrine Hydrochloride
201309541,네오코정,Neoco Tab.,한국신텍스제약(주),KOREA SYNTEX PHARMACEUTICAL,2013-10-01,의약품,706,취하,2025-09-19,아세트아미노펜/클로르페니라민말레산염/카페인무수물/슈도에페드린염산염/소청룡탕건조엑스,"프로필렌글리콜,미결정셀룰로오스,히프로멜로오스,피마자유,유당수화물,산화티탄,콜로이드성이산화규소,스테아르산마그네슘,카르나우바납,카르복시메틸셀룰로오스칼슘,옥수수전분,전분글리콜산나트륨,히드록시프로필셀룰로오스,청색1호",,일반의약품,완제의약품,신고,제조,,,,,,,N,"8806230033502,8806230033519",R05X,,201309541,,Acetaminophen/Chlorpheniramine Maleate/Anhydrous Caffeine/Pseudoephedrine Hydrochloride/Socheongryongtang Dried Extract
201706691,네오콜캡슐,Neocol Cap.,한국신텍스제약(주),KOREA SYNTEX PHARMACEUTICAL,2017-08-21,의약품,728,정상,,소청룡탕건조엑스/아세트아미노펜/티페피딘히벤즈산염/클로르페니라민말레산염/카페인무수물,"유당수화물,클로이달실리콘디옥사이드,스테아르산마그네슘,옥수수전분,캡슐",,일반의약품,완제의약품,신고,제조,,장방형,,,21.37,6.85,N,"8806230049213,8806230049206",R05X,,201706691,,Socheongryongtang Dried Extract/Acetaminophen/Tipepidine Hibenzate/Chlorpheniramine Maleate/Anhydrous Caffeine
201901124,넥스펜정,,(주)넥스팜코리아,nexpharm korea,2019-02-22,의약품,5168,취하,2024-02-02,아세트아미노펜/푸르설티아민,"라우릴황산나트륨,저치환도히드록시프로필셀룰로오스,미결정셀룰로오스,황색4호,스테아르산마그네슘,카르복시메틸셀룰로오스칼슘,옥수수전분,히드록시프로필셀룰로오스",,일반의약품,완제의약품,신고,제조,,,,,,,N,"8806625041501,8806625041518",N02BE51,,201901124,,Acetaminophen/Fursultiamine
202501839,넬슨아세트아미노펜주(아세트아미노펜),NelsonAcetaminophen inj.(Acetaminophen),한국넬슨제약(주),"Hankooknelsonpharm.Co.,Ltd",2025-07-21,의약품,256,정상,,아세트아미노펜,"인산일수소나트륨무수물,수산화나트륨,L-시스테인염산염일수화물,염산,주사용수,D-만니톨",,전문의약품,완제의약품,허가,제조,,,,,,,N,"8806567023900,8806567023917",N02BE01,202501839,,,Acetaminophen
200000743,노노콜캡슐,Nonocoll Cap.,정우신약(주),"Jung Woo Pharm Co.,Ltd.",2000-12-19,의약품,235,유효기간만료,2024-01-01,인삼/황금/시호/반하/대추/감초/생강/아세트아미노펜/d-클로르페니라민말레산염/티페피딘히벤즈산염/카페인무수물/아스코르브산97%과립,"콜로이달실리콘디옥사이드,유당수화물,스테아르산마그네슘,옥수수전분,캡슐",,일반의약품,완제의약품,신고,제조,,,,,,,N,"8806510000309,8806942004807,8806510000316,8806942004814,8806942004821,8806942004838,8806942004845,8806942004852",R05X,,200000743,,Ginseng/Scutellaria Root/Bupleurum Root/Pinellia Tuber/Jujube/Licorice/Raw Ginger/Acetaminophen/D-Chlorpheniramine Maleate/Tipepidine Hibenzate/Anhydrous Caffeine/Ascorbic Acid Granules 97%
202300634,노즈코프연질캡슐,nosecough soft capsule,태극제약(주),"TAI GUK PHARM. Co., Ltd.",2023-02-21,의약품,5231,정상,,클로르페니라민말레산염/슈도에페드린염산염/아세트아미노펜,"프로필렌글리콜,부분탈수액상소르비톨,청색1호(브릴리안트블루FCF),폴리에틸렌글리콜400,젤라틴,포비돈,적색40호,정제수,농글리세린",,일반의약품,완제의약품,신고,제조,,타원형,,,23.3,8.3,N,"8806448066408,8806448066415",R05X,,202300634,,Chlorpheniramine Maleate/Pseudoephedrine Hydrochloride/Acetaminophen
200903285,노통펜쿨정(수출용),Notongphen Cool Tab.,(주)마더스제약,MOTHER'S PHARMACEUTICAL.,2009-05-14,의약품,336,정상,,아세트아미노펜/디펜히드라민염산염,"미결정셀룰로오스,유당수화물,스테아르산마그네슘,탈크,전분글리콜산나트륨,히드록시프로필셀룰로오스,식약청인정타르색소",,일반의약품,완제의약품,신고,제조,,,,,,,N,"8806228005207,8806552017204,8806552017211",N02BE51,,,,Acetaminophen/Diphenhydramine Hydrochloride
201310500,노통펜프러스미니정,Notongpen plus mini Tab.,화일약품(주),"hwail pharam.co., ltd.",2013-12-04,의약품,5065,정상,,트라마돌염산염/아세트아미노펜,"미결정셀룰로오스,크로스포비돈,스테아르산마그네슘,전호화전분,오파드라이II노란색(85F420033)",,전문의약품,완제의약품,허가,제조,,장방형,,,11.9,5.3,N,"8806845010301,8806845010318,8806845010325",N02AJ13,201310500,,,Tramadol Hydrochloride/Acetaminophen
200804821,노통펜프러스정,Notongphen Plus tab.,화일약품(주),"hwail pharam.co., ltd.",2008-04-28,의약품,5031,정상,,트라마돌염산염/아세트아미노펜,"황색4호알루미늄레이크,미결정셀룰로오스,히프로멜로오스,이산화규소,산화티탄,포비돈,스테아르산마그네슘,전호화전분,전분글리콜산나트륨",,전문의약품,완제의약품,신고,제조,,장방형,,,13.2,8.2,N,"8806552014609,8806845006601,8806552014616,8806845006618,8806552014623,8806845006625,8806552014630",N02AJ13,200804821,,,Tramadol Hydrochloride/Acetaminophen
200900005,노페인에프정(수출용),Nopain F Tab.,(주)휴온스생명과학,HuonsLifeSciences,2009-01-02,의약품,256,취하,2024-04-02,아세트아미노펜/DL-메티오닌,"유당수화물,스테아르산마그네슘,탤크,전분글리콜산나트륨,히드록시프로필셀룰로오스",,일반의약품,완제의약품,신고,제조,,,,,,,N,"8806891011307,8806891011314",N02BE51,,,,Acetaminophen/DL-Methionine
200204346,노페인정(수출용),Nopain Tab.,(주)휴온스생명과학,HuonsLifeSciences,2002-08-20,의약품,72,취하,2024-04-02,아세트아미노펜/DL-메티오닌,"히프로멜로오스,유당수화물,폴리에틸렌글리콜6000,디아세틸화모노글리세라이드,산화티탄,스테아르산마그네슘,카르복시메틸셀룰로오스칼슘,탤크,황색203호,옥수수전분,히드록시프로필셀룰로오스",,일반의약품,완제의약품,신고,제조,,,,,,,N,"8806673000307,8806673000314,8806891001506,8806891001513",N02BE51,,,,Acetaminophen/DL-Methionine
202203657,노펜에스정,NophenS Tab.,한국신텍스제약(주),KOREA SYNTEX PHARMACEUTICAL,2022-09-23,의약품,932,정상,,아세트아미노펜/카페인무수물,"크로스카멜로오스나트륨,스테아르산마그네슘,경질무수규산,전분글리콜산나트륨,히드록시프로필셀룰로오스",,일반의약품,완제의약품,신고,제조,,타원형,,,17.6,7.5,N,"8806230068801,8806230068818,8806230068825,8806230068832,8806230068849,8806230068856,8806230068863,8806230068870,8806230068887",N02BE51,,202203657,,Acetaminophen/Anhydrous Caffeine
197200483,뇌선,Neusun Powder,씨에이치디제약주식회사,"ChunHeDang Pharm, Co, Ltd.",1972-08-28,의약품,2,정상,,무수카페인/아세트아미노펜,"스테아르산마그네슘,옥수수전분",,일반의약품,완제의약품,신고,제조,,,,,,,N,"8806477000305,8806477000312,8806477000329,8806477000336",N02BE51,,197200483,,Anhydrous Caffeine/Acetaminophen
199500967,뇌신에이산,Noi Sin A Pewder,씨에이치디제약주식회사,"ChunHeDang Pharm, Co, Ltd.",1995-03-02,의약품,96,정상,,무수카페인/아세트아미노펜,"스테아르산마그네슘,옥수수전분",,일반의약품,완제의약품,신고,제조,,,,,,,N,"8806477000602,8806477000619,8806477000626,8806477000633",N02BE51,,199500967,,Anhydrous Caffeine/Acetaminophen
202402774,뉴스코정,Newsco Tab.,(주)시어스제약,Cires Pharmaceutical Inc.,2024-11-26,의약품,641,정상,,아세트아미노펜/슈도에페드린염산염/클로르페니라민말레산염,"미결정셀룰로오스,유당수화물,탭쉴드흰색(19W623),콜로이드성이산화규소,스테아르산마그네슘,전분글리콜산나트륨,히드록시프로필셀룰로오스",,일반의약품,완제의약품,신고,제조,,,,,,,N,"8806890018819,8806890018802",R05X,,,,Acetaminophen/Pseudoephedrine Hydrochloride/Chlorpheniramine Maleate
202102323,뉴아미노펜프리믹스주(아세트아미노펜),Newpropa Injection,신라젠주식회사,,2021-03-15,의약품,1,정상,,아세트아미노펜,"수산화나트륨,L-시스테인염산염수화물,염산,주사용수,무수인산수소나트륨,D-만니톨",,전문의약품,완제의약품,허가,제조,,,,,,,N,"8800737000104,8800737000111,8800737000128,8800737000135,8800737000142",N02BE01,202102323,,,Acetaminophen
200709910,뉴트라셋세미정,Newtraset Semi Tab.,(주)경보제약,kyongbo pharma,2007-08-28,의약품,135,정상,,아세트아미노펜/트라마돌염산염,"미결정셀룰로오스,오파드라이QX노란색(321A620000) ,스테아르산마그네슘,전분글리콜산나트륨,히드록시프로필셀룰로오스",,전문의약품,완제의약품,신고,제조,,장방형,,,12.1,5.1,N,"8806650002102,8806650002119,8806650002126,8806650002133",N02AJ13,200709910,,,Acetaminophen/Tramadol Hydrochloride
200709909,뉴트라셋정,Newtracet Tab.,(주)경보제약,kyongbo pharma,2007-08-28,의약품,134,정상,,아세트아미노펜/트라마돌염산염,"미결정셀룰로오스,오파드라이 QX 노란색 (321A620000),스테아르산마그네슘,전분글리콜산나트륨,히드록시프로필셀룰로오스",,전문의약품,완제의약품,신고,제조,,장방형,,,15.6,6.5,N,"8806650002201,8806650002218,8806650002225,8806650002232",N02AJ13,200709909,,,Acetaminophen/Tramadol Hydrochloride
201603986,뉴트라정,Newtra Tab.,안국뉴팜(주),Ahngook Newpharm.,2016-06-27,의약품,32,정상,,아세트아미노펜/트라마돌염산염,"저치환도히드록시프로필셀룰로오스,포비돈,스테아르산마그네슘,콜로이드성이산화규소,오파드라이Ⅱ노란색(85F12347),분말셀룰로오스",,전문의약품,완제의약품,허가,제조,,장방형,,,15.5,6.4,N,"8800536002309,8800536002316,8800536002323,8800536002330",N02AJ13,201603986,,,Acetaminophen/Tramadol Hydrochloride
199904753,니시콜펜정(수출용),,(주)넥스팜코리아,nexpharm korea,1999-09-22,의약품,107,정상,,아세트아미노펜/DL-메티오닌,"유당수화물,젤라틴,스테아르산마그네슘,카르복시메틸셀룰로오스칼슘,옥수수전분",,일반의약품,완제의약품,신고,제조,,,,,,,N,"8806625005305,8806625005312,8806625005329,8806625005336",N02BE51,,,,Acetaminophen/DL-Methionine
202300233,다나콜정,DanaCold Tab.,주식회사더유제약,"Theu PHARMACEUTICAL Co., Ltd.",2023-01-12,의약품,173,정상,,아세트아미노펜/카페인무수물/에페드린염산염,"황색4호,유당수화물,포비돈,크로스카멜로오스나트륨,스테아르산마그네슘",,일반의약품,완제의약품,신고,제조,,,,,,,N,"8800570017000,8800570017024,8800570017017,8800570017031",R05X,,,,Acetaminophen/Anhydrous Caffeine/Ephedrine Hydrochloride
202300470,다나콜플러스캡슐,DanaA Cold Plus Cap.,주식회사더유제약,"Theu PHARMACEUTICAL Co., Ltd.",2023-02-07,의약품,174,정상,,아세트아미노펜/슈도에페드린염산염/클로르페니라민말레산염/티페피딘히벤즈산염/dl-메틸에페드린염산염/구아이페네신,"유당수화물,스테아르산마그네슘,카르복시메틸셀룰로오스칼슘,캡슐",,일반의약품,완제의약품,신고,제조,,,,,,,N,"8800570016904,8800570016911",R05X,,,,Acetaminophen/Pseudoephedrine Hydrochloride/Chlorpheniramine Maleate/Tipepidine Hibenzate/DL-Methylephedrine Hydrochloride/Guaifenesin
201903792,다노펜세미정,Danophen Semi Tab.,(주)한풍제약,"HANPOONG PHARM. Co., Ltd.",2019-06-10,의약품,5111,정상,,트라마돌염산염/아세트아미노펜,"라우릴황산나트륨,오파드라이노란색(85F12347),미결정셀룰로오스,스테아르산마그네슘,옥수수전분,전분글리콜산나트륨",,전문의약품,완제의약품,허가,제조,,장방형,,,11.8,4.8,N,"8806581063715,8806581063722,8806581063708",N02AJ13,,,,Tramadol Hydrochloride/Acetaminophen
201903793,다노펜정,Danophen Tab.,(주)한풍제약,"HANPOONG PHARM. Co., Ltd.",2019-06-10,의약품,5112,정상,,트라마돌염산염/아세트아미노펜,"라우릴황산나트륨,오파드라이노란색(85F12347),미결정셀룰로오스,스테아르산마그네슘,옥수수전분,전분글리콜산나트륨",,전문의약품,완제의약품,허가,제조,,장방형,,,15.6,6.4,N,"8806581063616,8806581063623,8806581063609",N02AJ13,,,,Tramadol Hydrochloride/Acetaminophen
201907719,다미탁정,Damitak Tab,알파제약(주),"Alpha Pharm. Co., Ltd.",2019-11-05,의약품,5044,취하,2023-10-04,아세트아미노펜/클로르족사존,"적색3호,저치환도히드록시프로필셀룰로오스,미결정셀룰로오스,크로스포비돈,스테아르산마그네슘,전분글리콜산나트륨,히드록시프로필셀룰로오스",,일반의약품,완제의약품,신고,제조,,,,,,,N,"8806542025103,8806542025110",M03BB53,,,,Acetaminophen/Chlorzoxazone
202402635,다미펜정,DAMIPEN,성이바이오제약주식회사,"SUNGYI BIO CO., LTD.",2024-11-07,의약품,55,정상,,아세트아미노펜/산화마그네슘/푸르설티아민,"저치환도히드록시프로필셀룰로오스,미결정셀룰로오스,스테아르산마그네슘,경질무수규산,탭쉴드노란색(11Y1550),히드록시프로필셀룰로오스",,일반의약품,완제의약품,신고,제조,,,,,,,N,,,,,,Acetaminophen/Magnesium Oxide/Fursultiamine
201908640,다산아세트아미노펜정500밀리그램,DASAN Acetaminophem Tab. 500mg,(주)다산제약,"Dasan Pharmaceutical Co., Ltd.",2019-12-26,의약품,5153,유효기간만료,2024-12-26,아세트아미노펜,"저치환도히드록시프로필셀룰로오스,미결정셀룰로오스,오파드라이흰색 03B28796,글리세릴디베헤네이트,전분글리콜산나트륨",,일반의약품,완제의약품,신고,제조,,,,,,,N,"8806786020001,8806786020018",N02BE01,,,,Acetaminophen
200502128,다아펜정,Da-Aphen Tab.,미래바이오제약(주),"Mirae Pharmaceutical Co., Ltd",2005-04-08,의약품,276,정상,,아세트아미노펜/DL-메티오닌,"저치환도히드록시프로필셀룰로오스,미결정셀룰로오스,히프로멜로오스,유당수화물,폴리에틸렌글리콜6000,스테아르산마그네슘,카르복시메틸셀룰로오스칼슘,전분글리콜산나트륨,히드록시프로필셀룰로오스",,일반의약품,완제의약품,신고,제조,,장방형,,,18.1,7.1,N,"8806575001501,8806575001518,8806575001525,8806575001532,8806575001549",N02BE51,,200502128,,Acetaminophen/DL-Methionine
202502719,닥플펜주(아세트아미노펜),docplephen Inj.,(주)제뉴파마,GENUPharma Inc.,2025-10-22,의약품,5393,정상,,아세트아미노펜,"인산일수소나트륨무수물,수산화나트륨,L-시스테인염산염일수화물,염산,주사용수,D-만니톨",,전문의약품,완제의약품,허가,제조,,,,,,,N,"8806980048405,8806980048511,8806980048412,8806980048504",N02BE01,202502719,,,Acetaminophen
201902794,담엔싹정,DamEnSsac Tab.,제일헬스사이언스(주),Jeil Health Science Inc.,2019-04-30,의약품,60,취하,2023-08-16,클로르족사존/아세트아미노펜,"폴리에틸렌글리콜 6000,미결정셀룰로오스,히프로멜로오스,산화티탄,스테아르산마그네슘,탤크,전분글리콜산나트륨,히드록시프로필셀룰로오스",,일반의약품,완제의약품,신고,제조,,,,,,,N,"8800543006819,8800543006802",M03BB53,,201902794,,Chlorzoxazone/Acetaminophen
200009400,대봉아세트아미노펜,,대봉엘에스(주),"DAEBONG LS Co., LTD.",2000-01-21,의약품,2013,정상,,아세트아미노펜,,,,원료의약품,신고,제조,,,,,,,N,,,,,,Acetaminophen
198501691,대신아세트아미노펜(원료),,대신무약(주),"Daeshin Pharm & Trading Co., ltd.",1985-04-22,의약품,153,정상,,아세트아미노펜,,,,원료의약품,신고,제조,,,,,,,N,,,,,,Acetaminophen
200203862,대신아세트아미노펜제피세립,,대신무약(주),"Daeshin Pharm & Trading Co., ltd.",2002-03-26,의약품,133,정상,,아세트아미노펜제피세립,,,,원료의약품,신고,제조,,,,,,,N,,,,,,Microencapsulated Acetaminophen
201903292,대웅바이오아세트아미노펜주,DAEWOONGBIO ACETAMINOPHEN INJ.,대웅바이오(주),Daewoong Bio Inc.,2019-05-21,의약품,5220,정상,,아세트아미노펜,"수산화나트륨,인산일수소나트륨이수화물,염산,주사용수,시스테인염산염수화물,만니톨",,전문의약품,완제의약품,허가,제조,,,,,,,N,"8806940024418,8806940024401",N02BE01,201903292,,,Acetaminophen
202502618,대원콜노즈연질캡슐,Daewoncol nose Soft Cap.,대원제약(주),"Daewon Pharmaceutical Co., Ltd.",2025-10-02,의약품,5305,정상,,아세트아미노펜/슈도에페드린염산염/클로르페니라민말레산염/구아이페네신,"프로필렌글리콜,부틸레이티드히드록시톨루엔,치자청색소,폴리에틸렌글리콜400,에틸바닐린,젤라틴,홍화황색소,포비돈,부분탈수유동소르비톨,정제수,농글리세린",,일반의약품,완제의약품,신고,제조,,타원형,,,16.6,10.7,N,"8806718081308,8806718081315",R05X,,,,Acetaminophen/Pseudoephedrine Hydrochloride/Chlorpheniramine Maleate/Guaifenesin
202502688,대원콜코프연질캡슐,Daewoncol cough Soft cap.,대원제약(주),"Daewon Pharmaceutical Co., Ltd.",2025-10-17,의약품,5306,정상,,아세트아미노펜/구아이페네신/DL-메틸에페드린염산염/덱스트로메토르판브롬화수소산염수화물,"프로필렌글리콜,부틸레이티드히드록시톨루엔,치자청색소,폴리에틸렌글리콜400,에틸바닐린,젤라틴,포비돈,부분탈수유동소르비톨,정제수,농글리세린",,일반의약품,완제의약품,신고,제조,,타원형,,,16.6,10.7,N,"8806718081407,8806718081414",R05X,,,,Acetaminophen/Guaifenesin/DL-Methylephedrine Hydrochloride/Dextromethorphan Hydrobromide Hydrate
202502690,대원콜콜드연질캡슐,Daewoncol cold Soft Cap.,대원제약(주),"Daewon Pharmaceutical Co., Ltd.",2025-10-17,의약품,5307,정상,,아세트아미노펜/구아이페네신/슈도에페드린염산염/DL-메틸에페드린염산염/덱스트로메토르판브롬화수소산염수화물/클로르페니라민말레산염,"프로필렌글리콜,부틸레이티드히드록시톨루엔,락색소,폴리에틸렌글리콜400,에틸바닐린,젤라틴,포비돈,부분탈수유동소르비톨,정제수,농글리세린",,일반의약품,완제의약품,신고,제조,,타원형,,,16.6,10.7,N,"8806718081506,8806718081513",R05X,,,,Acetaminophen/Guaifenesin/Pseudoephedrine Hydrochloride/DL-Methylephedrine Hydrochloride/Dextromethorphan Hydrobromide Hydrate/Chlorpheniramine Maleate
202501743,대한뉴팜아세트아미노펜주,DHNP Acetaminophen Inj.,대한뉴팜(주),"Daehan New Pharm Co.,Ltd",2025-07-10,의약품,5318,정상,,아세트아미노펜,"인산일수소나트륨무수물,수산화나트륨,L-시스테인염산염일수화물,염산,주사용수,D-만니톨",,전문의약품,완제의약품,허가,제조,,,,,,,N,"8806699085616,8806699085609",N02BE01,202501743,,,Acetaminophen
200703511,대화아세트아미노펜정500밀리그람(수출용)(수출명:TYLEDOL),Daewha Acetaminophen Tab. 500mg,대화제약(주),"Daehwa Pharmaceutical Co., Ltd.",2007-03-27,의약품,360,정상,,아세트아미노펜,"저치환도히드록시프로필셀룰로오스,미결정셀룰로오스,산화티탄,폴리에칠렌글리콜6000,전분글리콘산나트륨,스테아린산마그네슘,히드록시프로필셀룰로오스,히드록시프로필메칠셀룰로오스2910",,일반의약품,완제의약품,신고,제조,,,,,,,N,"8806456003204,8806456003211,8806456003228,8806456003235,8806456003242,8806456003259,8806456003266",N02BE01,,,,Acetaminophen
201903226,데노넥스주(아세트아미노펜),Denonex Inj.,영진약품(주),"YUNGJIN PHARM. CO.,LTD",2019-05-20,의약품,5164,정상,,아세트아미노펜,"수산화나트륨,인산일수소나트륨이수화물,염산,주사용수,시스테인염산염수화물,만니톨",,전문의약품,완제의약품,허가,제조,,,,,,,N,"8806424044406,8806424044413",N02BE01,201903226,,,Acetaminophen
200301766,데이감에스정,Daygam S Tab.,미래바이오제약(주),"Mirae Pharmaceutical Co., Ltd",2003-09-24,의약품,244,유효기간만료,2024-01-01,아세트아미노펜/클로르페니라민말레산염/슈도에페드린염산염,"라우릴황산나트륨,저치환도히드록시프로필셀룰로오스,미결정셀룰로오스,히프로멜로오스,유당수화물,폴리에틸렌글리콜6000,산화티탄,스테아르산마그네슘,카르복시메틸셀룰로오스칼슘,탤크,전분글리콜산나트륨,히드록시프로필셀룰로오스",,일반의약품,완제의약품,신고,제조,,,,,,,N,"8806575002003,8806575002010,8806575002027,8806575002034",R05X,,200301766,,Acetaminophen/Chlorpheniramine Maleate/Pseudoephedrine Hydrochloride
200801187,데이타임연질캡슐(수출용),Day-time soft capsule,(주)동구바이오제약,"DongKoo Bio&Pharma Co., Ltd.",2007-06-26,의약품,537,정상,,아세트아미노펜/덱스트로메토르판브롬화수소산염수화물/페닐레프린염산염,"프로필렌글리콜,폴리에틸렌글리콜400,젤라틴,부분무수소르비톨액,적색40호,포비돈K-25,정제수",,일반의약품,완제의약품,신고,제조,,,,,,,N,"8806573041004,8806573041011,8806573041028",N02BE51,,,,Acetaminophen/Dextromethorphan Hydrobromide Hydrate/Phenylephrine Hydrochloride
201402850,도라셋세미정,Dolacet Semi Tab.,진양제약(주),"JINYANG PHARM CO.,LTD.",2014-06-26,의약품,5042,정상,,트라마돌염산염/아세트아미노펜,"미결정셀룰로오스,오파드라이QX노란색(321A620000) ,스테아르산마그네슘,전분글리콜산나트륨,히드록시프로필셀룰로오스",,전문의약품,완제의약품,허가,제조,,장방형,,,12.0,5.1,N,"8806503031709,8806503031716,8806503031723,8806503031730",N02AJ13,201402850,,,Tramadol Hydrochloride/Acetaminophen
200712885,도라셋정,Dolacet Tab.,진양제약(주),"JINYANG PHARM CO.,LTD.",2007-11-28,의약품,408,정상,,아세트아미노펜/트라마돌염산염,"저치환도히드록시프로필셀룰로오스,히프로멜로오스2910,글리세릴베헤네이트,폴리에틸렌글리콜6000,산화티탄,황색산화철,콜로이드성이산화규소,포비돈,스테아르산마그네슘,카르복시메틸셀룰로오스칼슘,탤크,황색5호알루미늄레이크",,전문의약품,완제의약품,신고,제조,,장방형,,,15.0,7.0,N,"8806503017109,8806503017116,8806503017123,8806503017130",N02AJ13,200712885,,,Acetaminophen/Tramadol Hydrochloride
200201733,도브콜정,Dovecol Tab.,오스틴제약(주),"Austin pharm.co.,Ltd",2002-11-11,의약품,276,유효기간만료,2024-01-01,아세트아미노펜/수도에페드린염산염/클로르페니라민말레산염,"폴리에틸렌글리콜 6000,크로스카르멜로오스나트륨,미결정셀룰로오스,히프로멜로오스,산화티탄,포비돈,스테아르산마그네슘,카르복시메틸셀룰로오스칼슘,탤크,전분글리콜산나트륨,히드록시프로필셀룰로오스,청색1호알루미늄레이크",,일반의약품,완제의약품,신고,제조,,,,,,,N,"8806543004602,8806543004619,8806543004626",R05X,,200201733,,Acetaminophen/Pseudoephedrine Hydrochloride/Chlorpheniramine Maleate
200710638,돌트람셋세미정,Doltramsetsemi Tab.,광동제약(주),"Kwangdong Pharm Co., Ltd.",2007-09-19,의약품,761,정상,,트라마돌염산염/아세트아미노펜,"오파드라이노랑85F42138,미결정셀룰로오스,유당수화물,포비돈,크로스카멜로오스나트륨,스테아르산마그네슘,전호화전분",,전문의약품,완제의약품,신고,제조,,장방형,,,12.0,5.1,N,"8806418012107,8806418012114,8806418012121",N02AJ13,,,,Tramadol Hydrochloride/Acetaminophen
200710197,돌트람셋정,Doltramset Tab.,광동제약(주),"Kwangdong Pharm Co., Ltd.",2007-09-06,의약품,760,정상,,트라마돌염산염/아세트아미노펜,"오파드라이노랑85F42138,미결정셀룰로오스,유당수화물,포비돈,크로스카멜로오스나트륨,스테아르산마그네슘,전호화전분",,전문의약품,완제의약품,신고,제조,,장방형,,,15.6,6.4,N,"8806418012206,8806418012213,8806418012220",N02AJ13,,,,Tramadol Hydrochloride/Acetaminophen
199500156,동광아세트아미노펜정160밀리그람,Dongkwang Acetaminophen Tab. 160mg,동광제약(주),"Dongkwang Pharm. Co., Ltd.",1995-09-27,의약품,38,유효기간만료,2024-01-01,아세트아미노펜제피세립,"스테비오사이드,저치환도히드록시프로필셀룰로오스,미결정셀룰로오스,크로스포비돈,딸기향코톤,유당수화물,아스파탐,스테아르산마그네슘,히드록시프로필셀룰로오스",,일반의약품,완제의약품,신고,제조,,,,,,,N,"8806459007308,8806459007315,8806459007322",N02BE01,,199500156,,Microencapsulated Acetaminophen
202402430,동아제약아세트아미노펜산160밀리그램(아세트아미노펜),Donga Acetaminophen powder 160mg(Acetaminophen),동아제약(주),"Dong-A Pharmaceutical Co., Ltd.",2024-10-15,의약품,5207,정상,,아세트아미노펜,"에틸셀룰로오스,트리에틸시트르산염,자일리톨,히드록시프로필베타덱스,수크랄로스,스테아르산마그네슘,콜로이드성이산화규소,탤크,조합향료(포도향코튼)",,일반의약품,완제의약품,신고,제조,,,,,,,N,,,,,,Acetaminophen
199702504,두청정(수출용),Dochung Tab.,미래바이오제약(주),"Mirae Pharmaceutical Co., Ltd",1997-11-10,의약품,55,정상,,아세트아미노펜/질산치아민/염산 피리독신/시아노코발라민,"라우릴황산나트륨,저치환도히드록시프로필셀룰로오스,미결정셀룰로오스,히프로멜로오스,황색4호,산화티탄,경질무수규산,카르복시메틸셀룰로오스칼슘,전분글리콜산나트륨,스테아린산마그네슘,히드록시프로필셀룰로오스,청색1호",,일반의약품,완제의약품,신고,제조,,장방형,,,18.3,7.2,N,"8806575002201,8806575002218,8806575002225,8806575002232,8806575002249,8806575002256,8806575002263,8806575002270",N02BE51,,,,Acetaminophen/Thiamine Nitrate/Pyridoxine Hydrochloride/Cyanocobalamin
200804917,듀라셋세미정,Duracet Semi Tab.,영일제약(주),YoungilPharm,2008-04-29,의약품,745,정상,,아세트아미노펜/트라마돌염산염,"오파드라이노란색(85F12347),미결정셀룰로오스,스테아르산마그네슘,전분글리콜산나트륨,히드록시프로필셀룰로오스",,전문의약품,완제의약품,신고,제조,,장방형,,,12.1,5.1,N,"8806494030507,8806494030514,8806494030521",N02AJ13,200804917,,,Acetaminophen/Tramadol Hydrochloride
200804916,듀라셋정,Duracet Tab.,영일제약(주),YoungilPharm,2008-04-29,의약품,744,정상,,아세트아미노펜/트라마돌염산염,"오파드라이 85F12347,저치환도히드록시프로필셀룰로오스,미결정셀룰로오스,스테아르산마그네슘,전분글리콜산나트륨,히드록시프로필셀룰로오스",,전문의약품,완제의약품,신고,제조,,장방형,,,15.5,6.3,N,"8806494030408,8806494030415,8806494030422,8806494030439",N02AJ13,200804916,,,Acetaminophen/Tramadol Hydrochloride
201502972,듀얼셋서방정,Dualcet ER Tab.,(주)중헌제약,"Joonghun Pharmaceutical Co., Ltd.",2015-05-18,의약품,50,유효기간만료,2025-05-18,아세트아미노펜/트라마돌염산염,"저치환도히드록시프로필셀룰로오스,크로스포비돈,히프로멜로오스,콜로이드성이산화규소,포비돈,스테아르산마그네슘,오파드라이Ⅱ노란색(85F420033)",,전문의약품,완제의약품,허가,제조,,,,,,,N,"8800533004900,8806689029606,8800533004917,8806689029613,8800533004924,8806689029637",N02AJ13,201502972,,,Acetaminophen/Tramadol Hydrochloride
201506597,듀얼셋세미서방정,Dualcet Semi ER Tab.,(주)중헌제약,"Joonghun Pharmaceutical Co., Ltd.",2015-09-17,의약품,89,정상,,아세트아미노펜/트라마돌염산염,"저치환도히드록시프로필셀룰로오스,크로스포비돈,히프로멜로오스,콜로이드성이산화규소,포비돈,스테아르산마그네슘,오파드라이II노란색(85F420033)",,전문의약품,완제의약품,허가,제조,,원형,,,9.9,9.9,N,"8800533009004,8806689029705,8800533009011,8806689029712,8800533009028,8806689029729",N02AJ13,201506597,,,Acetaminophen/Tramadol Hydrochloride
200804631,듀얼셋세미정,Dualcet Semi Tab.,(주)중헌제약,"Joonghun Pharmaceutical Co., Ltd.",2008-04-24,의약품,24,정상,,트라마돌염산염/아세트아미노펜,"미결정셀룰로오스,오파드라이QX노란색(321A620000) ,스테아르산마그네슘,전분글리콜산나트륨,히드록시프로필셀룰로오스",,전문의약품,완제의약품,신고,제조,,장방형,,,12.1,5.4,N,"8800533002401,8806689013704,8800533002418,8806689013711,8800533002425,8806689013728,8800533002432",N02AJ13,200804631,,,Tramadol Hydrochloride/Acetaminophen
200709529,듀얼셋정,Dualcet Tab.,(주)중헌제약,"Joonghun Pharmaceutical Co., Ltd.",2007-08-16,의약품,23,정상,,아세트아미노펜/트라마돌염산염,"오파드라이노란색(QX321A620000),미결정셀룰로오스,스테아르산마그네슘,전분글리콜산나트륨,히드록시프로필셀룰로오스",,전문의약품,완제의약품,신고,제조,,장방형,,,15.5,6.4,N,"8800533002302,8806689011205,8800533002319,8806689011212,8800533002326,8806689011229,8800533002333,8806689011236",N02AJ13,200709529,,,Acetaminophen/Tramadol Hydrochloride
201905346,듀얼콜시럽,,(주)라이트팜텍,"LitePharmTech Co.,Ltd.",2019-07-29,의약품,115,유효기간만료,2024-07-29,아세트아미노펜/클로르페니라민말레산염/펜톡시베린시트르산염/dl-메틸에페드린염산염/구아이페네신/카페인무수물,"벤조산나트륨,시트르산수화물,혼합과일향,D-소르비톨 액,글리세린,염화나트륨,백당,수크랄로스,폴리에틸렌글리콜 1500,시트르산나트륨수화물,적색40호,카르복시메틸셀룰로오스나트륨,히드록시에틸셀룰로오스,조합향료(사과향HF-30630),정제수",,일반의약품,완제의약품,신고,제조,,,,,,,N,"8806903014616,8806903014623,8806903014609",R05X,,,,Acetaminophen/Chlorpheniramine Maleate/Pentoxyverine Citrate/DL-Methylephedrine Hydrochloride/Guaifenesin/Anhydrous Caffeine
201902150,듀오다인세미정,Duodyne Semi Tab.,(주)제뉴파마,GENUPharma Inc.,2019-04-09,의약품,5259,정상,,아세트아미노펜/트라마돌염산염,"오파드라이흰색(03B28796),황색산화철,스테아르산마그네슘,전호화전분,분말셀룰로오스,옥수수전분,전분글리콜산나트륨,적색산화철",,전문의약품,완제의약품,허가,제조,,장방형,,,12.2,5.2,N,"8806980040805,8806980040812,8806980040829",N02AJ13,201902150,,,Acetaminophen/Tramadol Hydrochloride
200805575,듀오다인정,Duodyne Tab.,(주)제뉴파마,GENUPharma Inc.,2008-05-19,의약품,409,취하,2023-09-20,트라마돌염산염/아세트아미노펜,"미결정셀룰로오스,크로스포비돈,스테아르산마그네슘,전호화전분,오파드라이Ⅱ노란색(85F420033)",,전문의약품,완제의약품,신고,제조,,,,,,,N,"8806566027305,8806980009703,8806566027312,8806980009710,8806566027329,8806980009727",N02AJ13,200805575,,,Tramadol Hydrochloride/Acetaminophen
200804561,듀오셋정,Duocet Tab.,삼천당제약(주),Sam-chun-dang Pharm,2008-04-23,의약품,418,정상,,아세트아미노펜/트라마돌염산염,"포비돈K-30,저치환도히드록시프로필셀룰로오스,오파드라이 옐로우(03F62330),미결정셀룰로오스,크로스포비돈,저치환도히드록시프로필렌셀룰로오스,오파드라이II85F12347옐로우,스테아르산마그네슘,카르나우바납,에탄올(95),포비돈,카르복시메틸셀룰로오스칼슘,오파드라이85F12347 황색,전호화전분,분말셀룰로오스,전분글리콜산나트륨,정제수,히드록시프로필셀룰로오스",,전문의약품,완제의약품,신고,제조,,장방형,,,16.0,6.2,N,"8806512025409,8806512025416,8806512025423,8806512025430",N02AJ13,,,,Acetaminophen/Tramadol Hydrochloride
200400078,드라코에스캡슐,,(주)한풍제약,"HANPOONG PHARM. Co., Ltd.",2004-08-04,의약품,116,폐업,2023-09-27,소청룡탕연조엑스/아세트아미노펜/슈도에페드린염산염/클로르페니라민말레산염/카페인무수물,"무수규산,옥수수전분,캡슐",,일반의약품,완제의약품,신고,제조,,장방형,,,21.27,7.53,N,"8806581004008,8806581004015,8806581004022",R05X,,,,Socheongryongtang Soft Extract/Acetaminophen/Pseudoephedrine Hydrochloride/Chlorpheniramine Maleate/Anhydrous Caffeine
200712872,디워렌정,Diwaren Tab.,오스틴제약(주),"Austin pharm.co.,Ltd",2007-11-27,의약품,510,정상,,트라마돌염산염/아세트아미노펜,"저치환도히드록시프로필셀룰로오스,미결정셀룰로오스,콜로이드성이산화규소,포비돈,스테아르산마그네슘,전분글리콜산나트륨,오파드라이 85F12347 옐로우",,전문의약품,완제의약품,신고,제조,,장방형,,,15.5,6.4,N,"8806543036504,8806543036511,8806543036528,8806543036535,8806543036542,8806543036559",N02AJ13,,,,Tramadol Hydrochloride/Acetaminophen
202200793,디큐펜맥스연질캡슐,D-Q-pain max Soft Cap.,(주)알피바이오,RP Bio Inc.,2022-02-21,의약품,5287,취하,2026-01-06,아세트아미노펜/카페인무수물/리보플라빈부티레이트,"콩기름,레시틴,락색소,젤라틴,홍화황색소,산화티탄,소르비톨 액(비결정성),야자경화유,황납,농글리세린",,일반의약품,완제의약품,신고,제조,,,,,,,N,"8806616056606,8806616056613",N02BE51,,202200793,,Acetaminophen/Anhydrous Caffeine/Riboflavin Butyrate
202301097,디큐펜맥스정500밀리그램(아세트아미노펜),D Q Pen Max Tab. 500mg.,(주)알피바이오,RP Bio Inc.,2023-03-31,의약품,5300,정상,,아세트아미노펜,"미결정셀룰로오스,오파드라이흰색(03B28796),크로스카멜로오스나트륨,스테아르산마그네슘,카르나우바납,전분글리콜산나트륨,히드록시프로필셀룰로오스",,일반의약품,완제의약품,신고,제조,,타원형,,,17.5,7.1,N,"8806616057405,8806616057412",N02BE01,,202301097,,Acetaminophen
202203959,디펜스코연질캡슐,Defense Co Soft capsule,(주)서흥,"Suheung Co., Ltd.",2022-11-01,의약품,3111,정상,,아세트아미노펜/슈도에페드린염산염/dl-메틸에페드린염산염/클로르페니라민말레산염,"프로필렌글리콜,부분탈수액상소르비톨,락색소,폴리에틸렌글리콜400,젤라틴,포비돈,정제수,농글리세린",,일반의약품,완제의약품,신고,제조,,,,,,,N,"8806796014700,8806796014717",R05X,,202203959,,Acetaminophen/Pseudoephedrine Hydrochloride/DL-Methylephedrine Hydrochloride/Chlorpheniramine Maleate
200301983,디펜코정,DIPENCO TAB.,(주)씨엠지제약,"CMG Pharmaceutical Co., Ltd",2003-10-08,의약품,250,유효기간만료,2024-01-01,아세트아미노펜/슈도에페드린염산염/클로르페니라민말레산염,"미결정셀룰로오스,히프로멜로오스,유당수화물,폴리에틸렌글리콜6000,산화티탄,스테아르산마그네슘,탤크,전분글리콜산나트륨,히드록시프로필셀룰로오스",,일반의약품,완제의약품,신고,제조,,장방형,,,18.07,7.09,N,"8806486002000,8806486002017,8806486002024",R05X,,200301983,,Acetaminophen/Pseudoephedrine Hydrochloride/Chlorpheniramine Maleate
202401835,디펜콜노즈시럽,Defend Cold Nose Syrup,동성제약(주),"DONGSUNG BIO PHARM. CO., LTD",2024-07-30,의약품,5130,정상,,아세트아미노펜/클로르페니라민말레산염/슈도에페드린염산염/구아이페네신/카페인무수물,"프로필렌글리콜,시트르산수화물,벤조산나트륨,애플민트향(514165),D-소르비톨 액,에데트산디나트륨,자일리톨,염화나트륨,수크랄로스,포비돈,효소처리스테비아,잔탄검,시트르산나트륨수화물,적색40호,오렌지엣센스(B-4515),아세설팜칼륨,농글리세린,정제수",,일반의약품,완제의약품,신고,제조,,,,,,,N,"8806432035304,8806432035311,8806432035328",R05X,,,,Acetaminophen/Chlorpheniramine Maleate/Pseudoephedrine Hydrochloride/Guaifenesin/Anhydrous Caffeine
202402160,디펜콜코프시럽,Defend Cold Cough Syrup,동성제약(주),"DONGSUNG BIO PHARM. CO., LTD",2024-09-05,의약품,5132,정상,,아세트아미노펜/덱스트로메토르판브롬화수소산염수화물/DL-메틸에페드린염산염/구아이페네신/카페인무수물,"프로필렌글리콜,시트르산수화물,벤조산나트륨,애플민트향(514165),D-소르비톨 액,에데트산디나트륨,자일리톨,염화나트륨,수크랄로스,포비돈,효소처리스테비아,잔탄검,시트르산나트륨수화물,적색40호,오렌지엣센스(B-4515),아세설팜칼륨,농글리세린,정제수",,일반의약품,완제의약품,신고,제조,,,,,,,N,"8806432035502,8806432035519,8806432035526",R05X,,,,Acetaminophen/Dextromethorphan Hydrobromide Hydrate/DL-Methylephedrine Hydrochloride/Guaifenesin/Anhydrous Caffeine
202402092,디펜콜콜드시럽,Defend Cold Syrup,동성제약(주),"DONGSUNG BIO PHARM. CO., LTD",2024-08-29,의약품,5131,정상,,아세트아미노펜/클로르페니라민말레산염/덱스트로메토르판브롬화수소산염수화물/DL-메틸에페드린염산염/구아이페네신/카페인무수물,"프로필렌글리콜,시트르산수화물,벤조산나트륨,애플민트향(514165),D-소르비톨 액,에데트산디나트륨,자일리톨,염화나트륨,수크랄로스,포비돈,효소처리스테비아,잔탄검,시트르산나트륨수화물,적색40호,오렌지엣센스(B-4515),아세설팜칼륨,농글리세린,정제수",,일반의약품,완제의약품,신고,제조,,,,,,,N,"8806432035403,8806432035410,8806432035427",R05X,,,,Acetaminophen/Chlorpheniramine Maleate/Dextromethorphan Hydrobromide Hydrate/DL-Methylephedrine Hydrochloride/Guaifenesin/Anhydrous Caffeine
200200135,디프콜캡슐,,(주)한풍제약,"HANPOONG PHARM. Co., Ltd.",2002-05-29,의약품,142,폐업,2023-09-27,시호/반하/황금/대추/인삼/감초/생강/아세트아미노펜/d-클로르페니라민말레산염/티페피딘히벤즈산염/카페인무수물/아스코르브산97%과립,"이상 건조엑스로서,콜로이달실리콘디옥사이드,유당수화물,캡슐제,옥수수전분,스테아린산마그네슘",,일반의약품,완제의약품,신고,제조,,장방형,,,21.27,7.53,N,"8806581004107,8806581004114,8806581004121",R05X,,,,Bupleurum Root/Pinellia Tuber/Scutellaria Root/Jujube/Ginseng/Licorice/Raw Ginger/Acetaminophen/D-Chlorpheniramine Maleate/Tipepidine Hibenzate/Anhydrous Caffeine/Ascorbic Acid Granules 97%
201602709,라노펜세미정,Ranophen Semi Tab.,한국코러스(주),"Hankook Korus Pharm. Co., Ltd",2016-05-17,의약품,5147,정상,,트라마돌염산염/아세트아미노펜,"라우릴황산나트륨,오파드라이노란색(85F12347),미결정셀룰로오스,스테아르산마그네슘,옥수수전분,전분글리콜산나트륨",,전문의약품,완제의약품,허가,제조,,장방형,,,12.07,5.17,N,"8806472040900,8806472040917,8806472040924,8806472040931",N02AJ13,201602709,,,Tramadol Hydrochloride/Acetaminophen
200804702,라노펜정,Lanophen Tab.,한국코러스(주),"Hankook Korus Pharm. Co., Ltd",2008-04-25,의약품,238,정상,,트라마돌염산염/아세트아미노펜,"스테아르산마그네슘,오파드라이Ⅱ노란색(85F12347),전호화전분,분말셀룰로오스,옥수수전분,전분글리콜산나트륨",,전문의약품,완제의약품,신고,제조,,장방형,,,15.42,6.37,N,"8806472018404,8806472018411,8806472018428",N02AJ13,200804702,,,Tramadol Hydrochloride/Acetaminophen
201401417,라니린에스정,RANIRIN-S Tab.,제이더블유신약(주),JW sinyak,2014-03-27,의약품,5064,정상,,아세트아미노펜/에페드린염산염/카페인무수물,"황색4호(타르트라진),미결정셀룰로오스,유당수화물,포비돈,스테아르산마그네슘,탤크,옥수수전분,전분글리콜산나트륨",,일반의약품,완제의약품,신고,제조,,장방형,,,12,5.06,N,"8806441023903,8806441023910,8806441023927,8806441023934",R05X,,201401417,,Acetaminophen/Ephedrine Hydrochloride/Anhydrous Caffeine
201908030,라이트셋서방정,Lite Set SR Tab.,(주)라이트팜텍,"LitePharmTech Co.,Ltd.",2019-11-21,의약품,169,유효기간만료,2024-11-21,아세트아미노펜/트라마돌염산염,"저치환도히드록시프로필셀룰로오스,크로스포비돈,히프로멜로오스,콜로이드성이산화규소,포비돈,스테아르산마그네슘,오파드라이II노란색(85F420033)",,전문의약품,완제의약품,허가,제조,,,,,,,N,"8806903020105,8806903020112,8806903020129",N02AJ13,,,,Acetaminophen/Tramadol Hydrochloride
201908031,라이트셋세미서방정,Lite Set Semi SR Tab.,(주)라이트팜텍,"LitePharmTech Co.,Ltd.",2019-11-21,의약품,170,유효기간만료,2024-11-21,아세트아미노펜/트라마돌염산염,"저치환도히드록시프로필셀룰로오스,크로스포비돈,히프로멜로오스,콜로이드성이산화규소,포비돈,스테아르산마그네슘,오파드라이II노란색(85F420033)",,전문의약품,완제의약품,허가,제조,,,,,,,N,"8806903020303,8806903020310,8806903020327",N02AJ13,201908031,,,Acetaminophen/Tramadol Hydrochloride
201804309,라이트펜주(아세트아미노펜),LITEPHEN INJ.,(주)라이트팜텍,"LitePharmTech Co.,Ltd.",2018-10-31,의약품,15,정상,,아세트아미노펜,"인산일수소나트륨무수물,수산화나트륨,L-시스테인염산염일수화물,염산,주사용수,D-만니톨",,전문의약품,완제의약품,신고,제조,,,,,,,N,"8806903002606,8806903002613",N02BE01,201804309,,,Acetaminophen
202005157,라페론8시간이알서방정650밀리그램(아세트아미노펜),Raperone 8 hours ER Tab. 650mg,안국약품(주),Ahngook Pharm,2020-07-16,의약품,5248,유효기간만료,2025-07-16,아세트아미노펜,"미결정셀룰로오스,탭쉴드흰색(11W001),스테아르산마그네슘,포비돈,전호화전분,옥수수전분,전분글리콜산나트륨,히드록시에틸셀룰로오스,히드록시프로필셀룰로오스",,일반의약품,완제의약품,허가,제조,,,,,,,N,"8806502057205,8806502057229,8806502057236,8806502057212",N02BE01,,,,Acetaminophen
201503838,라페론건조시럽(아세트아미노펜),Raperon Dry Syrup,안국약품(주),Ahngook Pharm,2015-06-12,의약품,5095,유효기간만료,2025-06-12,아세트아미노펜,"딸기향코톤,콜리코트프로텍트,시트르산,아스파탐,수크랄로스,콜로이드성이산화규소,효소처리스테비아,D-만니톨",,일반의약품,완제의약품,신고,제조,,,,,,,N,"8806502044908,8806502044915,8806502044922",N02BE01,,201503838,,Acetaminophen
199301063,라페론정160밀리그람(아세트아미노펜),Raperon Tab.160mg,안국약품(주),Ahngook Pharm,1993-08-31,의약품,94,유효기간만료,2024-01-01,아세트아미노펜,"스테비올배당체,미결정셀룰로오스,히프로멜로오스,크로스포비돈,폴리에틸렌글리콜6000,아스파탐,레이크황색4호,포비돈,스테아르산마그네슘,딸기향코튼",,일반의약품,완제의약품,신고,제조,,,,,,,N,"8806502003608,8806502003615,8806502003622",N02BE01,,199301063,,Acetaminophen
202004349,라페론정325밀리그램(아세트아미노펜),Raperone Tab. 325mg,안국약품(주),Ahngook Pharm,2020-06-11,의약품,5247,유효기간만료,2025-06-11,아세트아미노펜,"베타덱스,에틸셀룰로오스,스테비올배당체,유당수화물,폴리에틸렌글리콜6000,콜로이드성이산화규소,수크랄로스,카라멜향,스테아르산마그네슘,전호화전분,전분글리콜산나트륨",,일반의약품,완제의약품,신고,제조,,,,,,,N,"8806502057106,8806502057113",N02BE01,,,,Acetaminophen
202006593,라페론주(아세트아미노펜),Raperon Inj.,안국약품(주),Ahngook Pharm,2020-09-24,의약품,5252,정상,,아세트아미노펜,"인산일수소나트륨무수물,수산화나트륨,L-시스테인염산염일수화물,염산,주사용수,D-만니톨",,전문의약품,완제의약품,신고,제조,,,,,,,N,"8806502057304,8806502057311",N02BE01,202006593,,,Acetaminophen
202501118,락콜드노즈시럽,Lock Cold-nose Syr.,삼진제약(주),"SAMJIN PHARM.CO.,LTD",2025-05-08,의약품,5245,정상,,아세트아미노펜/클로르페니라민말레산염/슈도에페드린염산염/구아이페네신/카페인무수물,"프로필렌글리콜,시트르산수화물,벤조산나트륨,애플민트향(514165),D-소르비톨 액,에데트산디나트륨,자일리톨,염화나트륨,수크랄로스,포비돈,효소처리스테비아,잔탄검,시트르산나트륨수화물,적색40호,오렌지엣센스(B-4515),아세설팜칼륨,농글리세린,정제수",,일반의약품,완제의약품,신고,제조,,,,,,,N,"8806478058701,8806478058725,8806478058718",R05X,,,,Acetaminophen/Chlorpheniramine Maleate/Pseudoephedrine Hydrochloride/Guaifenesin/Anhydrous Caffeine
202302922,락콜드액,Lock Cold Sol.,삼진제약(주),"SAMJIN PHARM.CO.,LTD",2023-10-16,의약품,5232,정상,,아세트아미노펜/클로르페니라민말레산염/DL-메틸에페드린염산염/카페인무수물/구아이페네신/리보플라빈포스페이트나트륨,"벤조산나트륨,프로필렌글리콜,시트르산수화물,건강 가루,애플민트향(514165),D-소르비톨 액,감초 가루,에데트산나트륨수화물,포비돈,수크랄로스,잔탄검,효소처리스테비아,정제수",,일반의약품,완제의약품,신고,제조,,,,,,,N,"8806478056905,8806478056912,8806478056929",R05X,,202302922,,Acetaminophen/Chlorpheniramine Maleate/DL-Methylephedrine Hydrochloride/Anhydrous Caffeine/Guaifenesin/Riboflavin Sodium Phosphate
202501250,락콜드종합시럽,Lock Cold-total Syr.,삼진제약(주),"SAMJIN PHARM.CO.,LTD",2025-05-21,의약품,5247,정상,,아세트아미노펜/클로르페니라민말레산염/덱스트로메토르판브롬화수소산염수화물/DL-메틸에페드린염산염/구아이페네신/카페인무수물,"프로필렌글리콜,시트르산수화물,벤조산나트륨,애플민트향(514165),D-소르비톨 액,에데트산디나트륨,자일리톨,염화나트륨,수크랄로스,포비돈,효소처리스테비아,잔탄검,시트르산나트륨수화물,적색40호,오렌지엣센스(B-4515),아세설팜칼륨,농글리세린,정제수",,일반의약품,완제의약품,신고,제조,,,,,,,N,"8806478058909,8806478058923,8806478058916",R05X,,,,Acetaminophen/Chlorpheniramine Maleate/Dextromethorphan Hydrobromide Hydrate/DL-Methylephedrine Hydrochloride/Guaifenesin/Anhydrous Caffeine
202501249,락콜드코프시럽,Lock Cold-cough Syr.,삼진제약(주),"SAMJIN PHARM.CO.,LTD",2025-05-21,의약품,5246,정상,,아세트아미노펜/덱스트로메토르판브롬화수소산염수화물/DL-메틸에페드린염산염/구아이페네신/카페인무수물,"프로필렌글리콜,시트르산수화물,벤조산나트륨,애플민트향(514165),D-소르비톨 액,에데트산디나트륨,자일리톨,염화나트륨,수크랄로스,포비돈,효소처리스테비아,잔탄검,시트르산나트륨수화물,적색40호,오렌지엣센스(B-4515),아세설팜칼륨,농글리세린,정제수",,일반의약품,완제의약품,신고,제조,,,,,,,N,"8806478058800,8806478058824,8806478058817",R05X,,,,Acetaminophen/Dextromethorphan Hydrobromide Hydrate/DL-Methylephedrine Hydrochloride/Guaifenesin/Anhydrous Caffeine
200709641,래피셋세미정,Rapicet Semi Tab.,(주)종근당,Chong Kun Dang Pharm.,2007-08-21,의약품,826,정상,,아세트아미노펜/트라마돌염산염,"오파드라이흰색(03B28796),황색산화철,스테아르산마그네슘,전호화전분,분말셀룰로오스,옥수수전분,전분글리콜산나트륨,적색산화철",,전문의약품,완제의약품,신고,제조,,장방형,,,12,5.1,N,"8806433032104,8806433032111,8806433032128,8806433032135",N02AJ13,200709641,,,Acetaminophen/Tramadol Hydrochloride
200709640,래피셋정,Rapicet Tab.,(주)종근당,Chong Kun Dang Pharm.,2007-08-21,의약품,825,정상,,트라마돌염산염/아세트아미노펜,"미결정셀룰로오스,스테아르산마그네슘,카르나우바납,전호화전분,옥수수전분,전분글리콜산나트륨,오파드라이 노란색(85F12347)",,전문의약품,완제의약품,신고,제조,,장방형,,,15.5,6.5,N,"8806433032203,8806433032210,8806433032227,8806433032234",N02AJ13,200709640,,,Tramadol Hydrochloride/Acetaminophen
201401826,래피콜노즈연질캡슐,Rapicol Nose Soft Capsule,(주)유한양행,YUHAN Corporation,2014-04-15,의약품,5065,정상,,아세트아미노펜/클로르페니라민말레산염/슈도에페드린염산염,"프로필렌글리콜,부분탈수액상소르비톨,폴리에틸렌글리콜400,젤라틴,홍화황색소,포비돈,정제수,농글리세린",,일반의약품,완제의약품,신고,제조,,타원형,,,16.3,9.8,N,"8806421044607,8806421044614",R05X,,201401826,,Acetaminophen/Chlorpheniramine Maleate/Pseudoephedrine Hydrochloride
201205838,래피콜데이앤나잇연질캡슐,Rapicol Day & Night Soft Capsule,(주)유한양행,YUHAN Corporation,2012-06-22,의약품,5042,정상,,아세트아미노펜/구아이페네신/페닐레프린염산염/덱스트로메토르판브롬화수소산염수화물/dl-메틸에페드린염산염/디펜히드라민염산염,"프로필렌글리콜,락색소,치자청색소,폴리에틸렌글리콜400,솔비톨스페샬글리세린블렌드,젤라틴,포비돈,정제수",,일반의약품,완제의약품,신고,제조,,타원형,,,19.41,9.3,N,"8806421042603,8806421042610,8806421042627",R05X,,201205838,,Acetaminophen/Guaifenesin/Phenylephrine Hydrochloride/Dextromethorphan Hydrobromide Hydrate/DL-Methylephedrine Hydrochloride/Diphenhydramine Hydrochloride
201903134,래피콜데이연질캡슐,Rapicol Day Soft Capsule,(주)유한양행,YUHAN Corporation,2019-05-15,의약품,5162,유효기간만료,2024-05-15,아세트아미노펜/브롬페니라민말레산염/덱스트로메토르판브롬화수소산염수화물/dl-메틸에페드린염산염/슈도에페드린염산염/구아이페네신,"프로필렌글리콜,락색소,폴리에틸렌글리콜400,솔비톨스페샬글리세린블렌드,젤라틴,포비돈,정제수",,일반의약품,완제의약품,신고,제조,,,,,,,N,"8806421054316,8806421054309",R05X,,201903134,,Acetaminophen/Brompheniramine Maleate/Dextromethorphan Hydrobromide Hydrate/DL-Methylephedrine Hydrochloride/Pseudoephedrine Hydrochloride/Guaifenesin
200605371,래피콜에이캡슐,Rapicol-A Capsule,(주)유한양행,YUHAN Corporation,2006-06-02,의약품,559,정상,,아세트아미노펜/에텐자미드/티페피딘히벤즈산염/dl-메틸에페드린염산염/클로르페니라민말레산염/카페인무수물/티아민질산염/리보플라빈/제피아스코르브산/향소산건조엑스(8->1),"미결정셀룰로오스,콜로이드성이산화규소,스테아르산마그네슘,주황색캡슐(상부),전분글리콜산나트륨,흰색캡슐(하부)",,일반의약품,완제의약품,신고,제조,,장방형,,,19.1,6.63,N,"8806421002102,8806421002119,8806421002126",R05DB20,,200605371,,Acetaminophen/Ethenzamide/Tipepidine Hibenzate/DL-Methylephedrine Hydrochloride/Chlorpheniramine Maleate/Anhydrous Caffeine/Thiamine Nitrate/Riboflavin/Ascorbic Acid Coated/Hyangsosan Dried Extract (8→1)
202501326,래피콜케어건조시럽,Rapicol Care Dry Syrup,(주)유한양행,YUHAN Corporation,2025-05-28,의약품,5244,정상,,덱스트로메토르판브롬화수소산염수화물/클로르페니라민말레산염/아스코르브산/아세트아미노펜,"말토덱스트린,스테비올배당체,히비스커스향분말(AI-F-0522),황색4호,오렌지미크론,시트르산,이산화규소,라임향분말(BC-F-2632),수크랄로스,레몬향분말(BA-F-2102),적색40호,D-만니톨,아세설팜칼륨",,일반의약품,완제의약품,신고,제조,,,,,,,N,"8806421062748,8806421062731,8806421062724,8806421062717,8806421062700",R05X,,,,Dextromethorphan Hydrobromide Hydrate/Chlorpheniramine Maleate/Ascorbic Acid/Acetaminophen
201902261,래피콜코프플러스연질캡슐,Rapicol Cough Plus Soft Capsule,(주)유한양행,YUHAN Corporation,2019-04-12,의약품,5160,정상,,아세트아미노펜/클로르페니라민말레산염/덱스트로메토르판브롬화수소산염수화물/dl-메틸에페드린염산염/구아이페네신,"프로필렌글리콜,부분탈수액상소르비톨,폴리에틸렌글리콜400,젤라틴,포비돈,정제수,농글리세린",,일반의약품,완제의약품,신고,제조,,타원형,,,16.1,10.1,N,"8806421054118,8806421054101",R05X,,201902261,,Acetaminophen/Chlorpheniramine Maleate/Dextromethorphan Hydrobromide Hydrate/DL-Methylephedrine Hydrochloride/Guaifenesin
202203017,래피콜콜드연질캡슐,RAPICOL COLD SOFTCAPSULES,(주)유한양행,YUHAN Corporation,2022-07-20,의약품,5215,정상,,아세트아미노펜/구아이페네신/슈도에페드린염산염/dl-메틸에페드린염산염/덱스트로메토르판브롬화수소산염수화물/클로르페니라민말레산염,"프로필렌글리콜,부분탈수액상소르비톨,락색소,폴리에틸렌글리콜400,젤라틴,포비돈,정제수,농글리세린",,일반의약품,완제의약품,신고,제조,,타원형,,,16.3,10.2,N,"8806421058901,8806421058918",R05X,,202203017,,Acetaminophen/Guaifenesin/Pseudoephedrine Hydrochloride/DL-Methylephedrine Hydrochloride/Dextromethorphan Hydrobromide Hydrate/Chlorpheniramine Maleate
200201849,러지코정,Lergico Tab.,하이플생명과학(주),"Highfly Life Science Co., Ltd.",2002-07-22,의약품,159,유효기간만료,2024-01-01,아세트아미노펜/수도에페드린염산염/클로르페니라민말레산염,"폴리에틸렌글리콜4000,히프로멜로오스,유당수화물,산화티탄,스테아르산마그네슘,카르복시메틸셀룰로오스칼슘,옥수수전분,히드록시프로필셀룰로오스",,일반의약품,완제의약품,신고,제조,,,,,,,N,"8806641004009,8806641004016",R05X,,200201849,,Acetaminophen/Pseudoephedrine Hydrochloride/Chlorpheniramine Maleate
201300037,레드코프에프연질캡슐,Red All in one cold and flu Soft Cap.,(주)알피바이오,RP Bio Inc.,2013-01-03,의약품,5095,정상,,아세트아미노펜/슈도에페드린염산염/클로르페니라민말레산염/덱스트로메토르판브롬화수소산염수화물,"프로필렌글리콜,락색소,폴리에틸렌글리콜400,젤라틴,포비돈,소르비톨스페셜글리세린블렌드,정제수",,일반의약품,완제의약품,신고,제조,,타원형,,,20.1,9.3,N,"8806616040506,8806616040513",R05X,,201300037,,Acetaminophen/Pseudoephedrine Hydrochloride/Chlorpheniramine Maleate/Dextromethorphan Hydrobromide Hydrate
200608328,레드콜연질캡슐,Redcol Soft Cap.,(주)알피바이오,RP Bio Inc.,2006-07-21,의약품,267,정상,,아세트아미노펜/슈도에페드린염산염/덱스트로메토르판브롬화수소산염수화물/클로르페니라민말레산염,"프로필렌글리콜,락색소,폴리에틸렌글리콜400,젤라틴,포비돈,소르비톨스페셜글리세린블렌드,정제수",,일반의약품,완제의약품,신고,제조,,장방형,,,25,9,N,"8806616002207,8806616002214",R05X,,200608328,,Acetaminophen/Pseudoephedrine Hydrochloride/Dextromethorphan Hydrobromide Hydrate/Chlorpheniramine Maleate
200805143,"레바셋세미정(트라마돌염산염,아세트아미노펜)",Lebacet Semi Tab.,(주)바스칸바이오제약,BASKHANBIOPharma Inc,2008-05-06,의약품,374,정상,,트라마돌염산염/아세트아미노펜,"미결정셀룰로오스,오파드라이QX노란색(321A620000) ,스테아르산마그네슘,전분글리콜산나트륨,히드록시프로필셀룰로오스",,전문의약품,완제의약품,신고,제조,,장방형,,,12.1,5.1,N,"8806562035908,8806562035915,8806562035922,8806562035939,8806562035946,8806562035953,8806562035960,8806562035977,8806562035984",N02AJ13,200805143,,,Tramadol Hydrochloride/Acetaminophen
200805144,"레바셋정(트라마돌염산염,아세트아미노펜)",Lebacet Tab.,(주)바스칸바이오제약,BASKHANBIOPharma Inc,2008-05-06,의약품,375,정상,,아세트아미노펜/트라마돌염산염,"미결정셀룰로오스,오파드라이QX노란색(321A620000) ,스테아르산마그네슘,전분글리콜산나트륨,히드록시프로필셀룰로오스",,전문의약품,완제의약품,신고,제조,,장방형,,,15.6,6.5,N,"8806562035809,8806562035816,8806562035823,8806562035830,8806562035847,8806562035854,8806562035861,8806562035878,8806562035885",N02AJ13,200805144,,,Acetaminophen/Tramadol Hydrochloride
201902786,레티코연질캡슐,Reti Co Soft Capsule,(주)서흥,"Suheung Co., Ltd.",2019-04-30,의약품,3043,정상,,아세트아미노펜/클로르페니라민말레산염/슈도에페드린염산염,"프로필렌글리콜,부분탈수액상소르비톨,중쇄트리글리세리드,락색소,폴리에틸렌글리콜400,젤라틴,포비돈,카르나우바납,정제수,농글리세린",,일반의약품,완제의약품,신고,제조,,타원형,,,15.7,10.0,N,"8806796011303,8806796011310",R01BA52,,201902786,,Acetaminophen/Chlorpheniramine Maleate/Pseudoephedrine Hydrochloride
202401071,레티코포르테연질캡슐,Retico Forte Soft Capsule,(주)서흥,"Suheung Co., Ltd.",2024-04-30,의약품,3120,정상,,아세트아미노펜/슈도에페드린염산염/클로르페니라민말레산염,"프로필렌글리콜,부분탈수액상소르비톨,부틸레이티드히드록시톨루엔,폴리에틸렌글리콜400,에틸바닐린,젤라틴,홍화황색소,포비돈,정제수,농글리세린",,일반의약품,완제의약품,신고,제조,,,,,,,N,,,,,,Acetaminophen/Pseudoephedrine Hydrochloride/Chlorpheniramine Maleate
201902787,레티코프연질캡슐,Reti Cough Soft Capsule,(주)서흥,"Suheung Co., Ltd.",2019-04-30,의약품,3044,정상,,아세트아미노펜/dl-메틸에페드린염산염/덱스트로메토르판브롬화수소산염수화물/구아이페네신,"프로필렌글리콜,부분탈수액상소르비톨,중쇄트리글리세리드,치자청색소,폴리에틸렌글리콜400,젤라틴,포비돈,카르나우바납,정제수,농글리세린",,일반의약품,완제의약품,신고,제조,,타원형,,,15.7,10.4,N,"8806796011402,8806796011419",R05X,,201902787,,Acetaminophen/DL-Methylephedrine Hydrochloride/Dextromethorphan Hydrobromide Hydrate/Guaifenesin
202503012,레티코프하이연질캡슐,Reti Cough High Soft Capsule,(주)서흥,"Suheung Co., Ltd.",2025-11-19,의약품,3139,정상,,아세트아미노펜/구아이페네신/DL-메틸에페드린염산염/덱스트로메토르판브롬화수소산염수화물,"프로필렌글리콜,부틸레이티드히드록시톨루엔,치자청색소,폴리에틸렌글리콜400,에틸바닐린,젤라틴,포비돈,부분탈수유동소르비톨,정제수,농글리세린",,일반의약품,완제의약품,신고,제조,,,,,,,N,,,,,,Acetaminophen/Guaifenesin/DL-Methylephedrine Hydrochloride/Dextromethorphan Hydrobromide Hydrate
202502790,레티코하이연질캡슐,Reti Co High Soft Capsule,(주)서흥,"Suheung Co., Ltd.",2025-10-29,의약품,3135,정상,,아세트아미노펜/슈도에페드린염산염/클로르페니라민말레산염/구아이페네신,"프로필렌글리콜,부틸레이티드히드록시톨루엔,치자청색소,폴리에틸렌글리콜400,에틸바닐린,젤라틴,홍화황색소,포비돈,부분탈수유동소르비톨,정제수,농글리세린",,일반의약품,완제의약품,신고,제조,,,,,,,N,,,,,,Acetaminophen/Pseudoephedrine Hydrochloride/Chlorpheniramine Maleate/Guaifenesin
201902788,레티콜연질캡슐,Reti Col Soft Casule,(주)서흥,"Suheung Co., Ltd.",2019-04-30,의약품,3045,정상,,아세트아미노펜/클로르페니라민말레산염/dl-메틸에페드린염산염/슈도에페드린염산염/덱스트로메토르판브롬화수소산염수화물/구아이페네신,"프로필렌글리콜,부분탈수액상소르비톨,중쇄트리글리세리드,폴리에틸렌글리콜400,젤라틴,홍화황색소,포비돈,카르나우바납,정제수,농글리세린",,일반의약품,완제의약품,신고,제조,,타원형,,,16.4,10.0,N,"8806796011501,8806796011518",R01BA52,,201902788,,Acetaminophen/Chlorpheniramine Maleate/DL-Methylephedrine Hydrochloride/Pseudoephedrine Hydrochloride/Dextromethorphan Hydrobromide Hydrate/Guaifenesin
202400670,레티콜플러스연질캡슐,Reticol Puls Soft capsule,(주)서흥,"Suheung Co., Ltd.",2024-03-27,의약품,3116,정상,,아세트아미노펜/클로르페니라민말레산염/dl-메틸에페드린염산염/슈도에페드린염산염/구아이페네신/아스코르브산,"콩기름,레시틴,에틸바닐린,숙신산젤라틴,소르비톨액(비결정성),백납,팜유,농글리세린,적색산화철",,일반의약품,완제의약품,신고,제조,,,,,,,N,,,,,,Acetaminophen/Chlorpheniramine Maleate/DL-Methylephedrine Hydrochloride/Pseudoephedrine Hydrochloride/Guaifenesin/Ascorbic Acid
202503044,레티콜하이연질캡슐,Reti Col High Soft Capsule,(주)서흥,"Suheung Co., Ltd.",2025-11-21,의약품,3140,정상,,아세트아미노펜/구아이페네신/슈도에페드린염산염/DL-메틸에페드린염산염/덱스트로메토르판브롬화수소산염수화물/클로르페니라민말레산염,"프로필렌글리콜,부틸레이티드히드록시톨루엔,락색소,폴리에틸렌글리콜400,에틸바닐린,젤라틴,포비돈,부분탈수유동소르비톨,정제수,농글리세린",,일반의약품,완제의약품,신고,제조,,,,,,,N,,,,,,Acetaminophen/Guaifenesin/Pseudoephedrine Hydrochloride/DL-Methylephedrine Hydrochloride/Dextromethorphan Hydrobromide Hydrate/Chlorpheniramine Maleate
200301368,렉스판정,Lexpan Tablet,에이치엘비제약(주),"HLB Pharmaceutical Co., Ltd.",2003-04-18,의약품,100,취하,2023-07-24,아세트아미노펜/클로르족사존,"미결정셀룰로오스,콜로이드성이산화규소,스테아르산마그네슘,전호화전분,전분글리콜산나트륨",,일반의약품,완제의약품,신고,제조,,,,,,,N,"8806473002303,8806473002310,8806473002327",M03BB53,,200301368,,Acetaminophen/Chlorzoxazone
200701280,렉스펜정,Rexpen Tablet,한솔신약(주),hansolpharm,2007-01-30,의약품,5002,취하,2023-08-28,클로르족사존/아세트아미노펜,"히프로멜로오스2910,폴리에틸렌글리콜6000,산화티탄,스테아르산마그네슘,크로스카멜로오스나트륨,카르복시메틸셀룰로오스칼슘,전분글리콜산나트륨,히드록시프로필셀룰로오스",,일반의약품,완제의약품,신고,제조,,타원형,,,14,8,N,"8806458000805,8806458000812",M03BB53,,200701280,,Chlorzoxazone/Acetaminophen
202502171,로나코연질캡슐,Rona Co Soft Capsule,(주)서흥,"Suheung Co., Ltd.",2025-08-21,의약품,3134,정상,,아세트아미노펜/슈도에페드린염산염/브롬페니라민말레산염,"프로필렌글리콜,폴리에틸렌글리콜400,젤라틴,홍화황색소,포비돈,부분탈수유동소르비톨,정제수,농글리세린",,일반의약품,완제의약품,신고,제조,,,,,,,N,,,,,,Acetaminophen/Pseudoephedrine Hydrochloride/Brompheniramine Maleate
201907025,로나코연질캡슐,Rona Co Soft Capsule,(주)서흥,"Suheung Co., Ltd.",2019-10-02,의약품,3064,유효기간만료,2024-10-02,아세트아미노펜/슈도에페드린염산염/브롬페니라민말레산염,"프로필렌글리콜,부분탈수액상소르비톨,폴리에틸렌글리콜400,젤라틴,홍화황색소,포비돈,정제수,농글리세린",,일반의약품,완제의약품,신고,제조,,,,,,,N,"8806796014304,8806796014311",R05X,,,,Acetaminophen/Pseudoephedrine Hydrochloride/Brompheniramine Maleate
201907014,로나코프연질캡슐,Rona  Cough Soft Capsule,(주)서흥,"Suheung Co., Ltd.",2019-10-02,의약품,3062,정상,,아세트아미노펜/클로페라스틴염산염/구아이페네신/dl-메틸에페드린염산염,"프로필렌글리콜,부분탈수액상소르비톨,치자청색소,폴리에틸렌글리콜400,젤라틴,홍화황색소,포비돈,정제수,농글리세린",,일반의약품,완제의약품,신고,제조,,타원형,,,16.2,10.0,N,"8806796014205,8806796014212",R05X,,201907014,,Acetaminophen/Cloperastine Hydrochloride/Guaifenesin/DL-Methylephedrine Hydrochloride
201907024,로나콜연질캡슐,Rona Col Soft Capsule,(주)서흥,"Suheung Co., Ltd.",2019-10-02,의약품,3063,정상,,아세트아미노펜/클로페라스틴염산염/구아이페네신/슈도에페드린염산염/브롬페니라민말레산염,"프로필렌글리콜,부분탈수액상소르비톨,락색소,폴리에틸렌글리콜400,젤라틴,포비돈,정제수,농글리세린",,일반의약품,완제의약품,신고,제조,,타원형,,,16.2,10.0,N,"8806796014403,8806796014410",R05X,,201907024,,Acetaminophen/Cloperastine Hydrochloride/Guaifenesin/Pseudoephedrine Hydrochloride/Brompheniramine Maleate
202006566,로아펜에스연질캡슐,Roaphen-S Soft Capsule,(주)서흥,"Suheung Co., Ltd.",2020-09-23,의약품,3078,취하,2025-06-23,아세트아미노펜/에텐자미드/카페인무수물,"프로필렌글리콜,부분탈수액상소르비톨,폴리에틸렌글리콜4000,폴리에틸렌글리콜400,젤라틴,산화티탄,홍화황색소,정제수,농글리세린",,일반의약품,완제의약품,신고,제조,,,,,,,N,,,,,,Acetaminophen/Ethenzamide/Anhydrous Caffeine
202107499,로아펜에프연질캡슐,Roaphen-F Soft Capsule,(주)서흥,"Suheung Co., Ltd.",2021-11-16,의약품,3101,취하,2025-06-23,아세트아미노펜/에텐자미드/카페인무수물,"프로필렌글리콜,부분탈수액상소르비톨,폴리에틸렌글리콜4000,락색소,폴리에틸렌글리콜400,젤라틴,산화티탄,정제수,농글리세린",,일반의약품,완제의약품,신고,제조,,,,,,,N,,,,,,Acetaminophen/Ethenzamide/Anhydrous Caffeine
202006565,로아펜연질캡슐,Roaphen Soft Capsule,(주)서흥,"Suheung Co., Ltd.",2020-09-23,의약품,3077,취하,2025-06-23,아세트아미노펜/에텐자미드,"프로필렌글리콜,부분탈수액상소르비톨,폴리에틸렌글리콜4000,치자청색소,폴리에틸렌글리콜400,젤라틴,산화티탄,정제수,농글리세린",,일반의약품,완제의약품,신고,제조,,,,,,,N,,,,,,Acetaminophen/Ethenzamide
199600625,루트펜325밀리그램정(아세트아미노펜),Rootphen325mg Tab.,(주)바이넥스,"Binex Co., Ltd.",1996-05-13,의약품,17,정상,,아세트아미노펜,"베타덱스,에틸셀룰로오스,스테비올배당체,유당수화물,폴리에틸렌글리콜6000,콜로이드성이산화규소,수크랄로스,카라멜향,스테아르산마그네슘,전호화전분,전분글리콜산나트륨",,일반의약품,완제의약품,신고,제조,,원형,,,11.08,11.08,N,"8806431002901,8806431002918,8806431002925",N02BE01,,199600625,,Acetaminophen
200807993,리노펜정(수출용),Renophen Tab.,(주)마더스제약,MOTHER'S PHARMACEUTICAL.,2008-07-22,의약품,314,정상,,아세트아미노펜/돔페리돈말레산염,"미결정셀룰로오스,히프로멜로오스2910,유당수화물,폴리에틸렌글리콜6000,산화티탄,스테아르산마그네슘,카르복시메틸셀룰로오스칼슘,탤크,전분글리콜산나트륨,히드록시프로필셀룰로오스",,일반의약품,완제의약품,신고,제조,,장방형,,,14,8.2,N,"8806228000509,8806552015507,8806228000516,8806552015514",N02CX,,,,Acetaminophen/Domperidone Maleate
201400325,리드콜연질캡슐,Leadcol Soft Cap.,(주)알피바이오,RP Bio Inc.,2014-01-24,의약품,5116,정상,,아세트아미노펜/클로르페니라민말레산염/dl-메틸에페드린염산염/슈도에페드린염산염/덱스트로메토르판브롬화수소산염수화물/구아이페네신,"프로필렌글리콜,락색소,폴리에틸렌글리콜400,젤라틴,포비돈,소르비톨스페셜글리세린블렌드,정제수",,일반의약품,완제의약품,신고,제조,,타원형,,,19.4,9.7,N,"8806616042609,8806616042616,8806616042623",R05X,,201400325,,Acetaminophen/Chlorpheniramine Maleate/DL-Methylephedrine Hydrochloride/Pseudoephedrine Hydrochloride/Dextromethorphan Hydrobromide Hydrate/Guaifenesin
202201615,리드플루연질캡슐,Lead Flu Soft Capsule,(주)서흥,"Suheung Co., Ltd.",2022-04-19,의약품,3109,정상,,아세트아미노펜/구아이페네신/슈도에페드린염산염/dl-메틸에페드린염산염/덱스트로메토르판브롬화수소산염수화물/클로르페니라민말레산염,"프로필렌글리콜,부분탈수액상소르비톨,락색소,폴리에틸렌글리콜400,젤라틴,포비돈,정제수,농글리세린",,일반의약품,완제의약품,신고,제조,,타원형,,,16.1,10.4,N,"8806796014106,8806796014113",R05X,,202201615,,Acetaminophen/Guaifenesin/Pseudoephedrine Hydrochloride/DL-Methylephedrine Hydrochloride/Dextromethorphan Hydrobromide Hydrate/Chlorpheniramine Maleate
200502310,리렉사정(수출용),Lilexa Tab.,(주)바스칸바이오제약,BASKHANBIOPharma Inc,2005-11-16,의약품,353,정상,,클로르족사존/아세트아미노펜,"폴리에틸렌글리콜 6000,미결정셀룰로오스,히프로멜로오스,산화티탄,스테아르산마그네슘,탤크,전분글리콜산나트륨,히드록시프로필셀룰로오스",,일반의약품,완제의약품,신고,제조,,장방형,,,17.69,8.24,N,"8806562004706,8806562004713,8806562004720",M03BB53,,200502310,,Chlorzoxazone/Acetaminophen
200202194,리렉스펜정,Relaxphen Tab.,한미약품(주),"Hanmi Pharm. Co.,Ltd.",2002-07-30,의약품,170,취하,2023-07-24,아세트아미노펜/클로르족사존,"미결정셀룰로오스,히프로멜로오스,폴리에틸렌글리콜6000,산화티탄,청색2호알루미늄레이크,스테아르산마그네슘,탤크,전분글리콜산나트륨,히드록시프로필셀룰로오스",,일반의약품,완제의약품,신고,제조,,장방형,,,17.6,8.1,N,"8806435006905,8806435006912,8806435006929",M03BB53,,200202194,,Acetaminophen/Chlorzoxazone
200308619,리리스정,Release Tab.,고려제약(주),"KOREAN DRUG. CO., LTD.",2003-04-29,의약품,126,취하,2023-08-21,아세트아미노펜/클로르족사존,"크로스카르멜로오스나트륨,미결정셀룰로오스,오파드라이 흰색(85F18422),스테아르산마그네슘,옥수수전분,히드록시프로필셀룰로오스,황색 203호,황색203호 알루미늄레이크",,일반의약품,완제의약품,신고,제조,,,,,,,N,"8806428004703,8806428004710",M03BB53,,200308619,,Acetaminophen/Chlorzoxazone
202200981,리스카펜정,Liscapen Tab.,(주)시어스제약,Cires Pharmaceutical Inc.,2022-03-08,의약품,171,정상,,아세트아미노펜/에페드린염산염/카페인무수물,"히드록시프로필셀룰로오즈,미결정셀룰로오스,황색4호,유당수화물,이산화규소,스테아르산마그네슘,전분글리콜산나트륨",,일반의약품,완제의약품,신고,제조,,장방형,,,10.6,5.0,N,"8806890016600,8806890016617,8806890016624,8806890016631",R05X,,202200981,,Acetaminophen/Ephedrine Hydrochloride/Anhydrous Caffeine
200810727,릴렉스정,Relax Tab.,주식회사제뉴원사이언스,GENUONE Sciences Inc.,2008-10-30,의약품,579,취하,2023-09-18,아세트아미노펜/클로르족사존,"저치환도히드록시프로필셀룰로오스,미결정셀룰로오스,크로스포비돈,포비돈,스테아르산마그네슘,히드록시프로필셀룰로오스",,일반의약품,완제의약품,신고,제조,,,,,,,N,"8806717031809,8806717031816",M03BB53,,200810727,,Acetaminophen/Chlorzoxazone
202300204,마그노펜정,Magnophen Tab,광동제약(주),"Kwangdong Pharm Co., Ltd.",2023-01-11,의약품,5252,정상,,아세트아미노펜/산화마그네슘,"탭쉴드흰색(21W002),유당수화물,이산화규소,스테아르산마그네슘,미결정셀룰로오스(102),전분글리콜산나트륨,히드록시프로필셀룰로오스",,일반의약품,완제의약품,신고,제조,,장방형,,,18.3,8.0,N,"8806418072309,8806418072316,8806418072323",N02BE51,,202300204,,Acetaminophen/Magnesium Oxide
201900742,마더스코연질캡슐,Mothes Co Soft Cap.,(주)마더스제약,MOTHER'S PHARMACEUTICAL.,2019-01-31,의약품,5255,정상,,아세트아미노펜/슈도에페드린염산염/클로르페니라민말레산염,"프로필렌글리콜,폴리에틸렌글리콜400,젤라틴,포비돈,황색203호,정제수,소르비톨 소르비탄액,청색1호",,일반의약품,완제의약품,신고,제조,,타원형,,,20,9.2,N,"8806228033903,8806228033910",R05X,,201900742,,Acetaminophen/Pseudoephedrine Hydrochloride/Chlorpheniramine Maleate
201900744,마더스코프연질캡슐,Mothers Cough Soft Cap.,(주)마더스제약,MOTHER'S PHARMACEUTICAL.,2019-01-31,의약품,5257,정상,,아세트아미노펜/구아이페네신/덱스트로메토르판브롬화수소산염수화물/dl-메틸에페드린염산염,"프로필렌글리콜,폴리에틸렌글리콜400,젤라틴,포비돈,적색40호,정제수,소르비톨 소르비탄액,청색1호",,일반의약품,완제의약품,신고,제조,,타원형,,,20,9.2,N,"8806228034108,8806228034115",R05X,,201900744,,Acetaminophen/Guaifenesin/Dextromethorphan Hydrobromide Hydrate/DL-Methylephedrine Hydrochloride
201900743,마더스콜드연질캡슐,Mothers Cold Soft Cap.,(주)마더스제약,MOTHER'S PHARMACEUTICAL.,2019-01-31,의약품,5256,정상,,아세트아미노펜/구아이페네신/슈도에페드린염산염/덱스트로메토르판브롬화수소산염수화물/클로르페니라민말레산염/dl-메틸에페드린염산염,"프로필렌글리콜,폴리에틸렌글리콜400,소르비톨?소르비탄액,젤라틴,포비돈,적색40호,정제수,청색1호",,일반의약품,완제의약품,신고,제조,,타원형,,,20.1,9.4,N,"8806228034009,8806228034016",R05X,,201900743,,Acetaminophen/Guaifenesin/Pseudoephedrine Hydrochloride/Dextromethorphan Hydrobromide Hydrate/Chlorpheniramine Maleate/DL-Methylephedrine Hydrochloride
201706399,마도펜세미서방정,Madophen Semi SR Tab.,일성아이에스(주),"IL SUNG IS CO., LTD.",2017-07-31,의약품,5099,정상,,아세트아미노펜/트라마돌염산염,"저치환도히드록시프로필셀룰로오스,크로스포비돈,히프로멜로오스,콜로이드성이산화규소,포비돈,스테아르산마그네슘,오파드라이Ⅱ노란색(85F420033)",,전문의약품,완제의약품,허가,제조,,원형,,,9.9,9.9,N,"8806554038122,8806554038115,8806554038108",N02AJ13,,,,Acetaminophen/Tramadol Hydrochloride
201805171,마도펜세미정,Madophen Semi Tab.,일성아이에스(주),"IL SUNG IS CO., LTD.",2018-12-19,의약품,5140,정상,,아세트아미노펜/트라마돌염산염,"저치환도히드록시프로필셀룰로오스,크로스포비돈,스테아르산마그네슘,콜로이드성이산화규소,포비돈,오파드라이II노란색(85F42086)",,전문의약품,완제의약품,허가,제조,,장방형,,,12.1,5.2,N,"8806554042501,8806575033502,8806575033519,8806554042525,8806575033526,8806554042518",N02AJ13,201805171,,,Acetaminophen/Tramadol Hydrochloride
201803289,"마이티셋세미정(트라마돌염산염, 아세트아미노펜)","Myticet Semi Tablet(Tramadol Hydrochloride, Acetaminophen)",에이치엘비제약(주),"HLB Pharmaceutical Co., Ltd.",2018-08-13,의약품,5108,정상,,트라마돌염산염/아세트아미노펜,"미결정셀룰로오스,오파드라이QX노란색(321A620000) ,스테아르산마그네슘,전분글리콜산나트륨,히드록시프로필셀룰로오스",,전문의약품,완제의약품,허가,제조,,장방형,,,12.1,5.1,N,"8806473034618,8806473034625,8806473034601",N02AJ13,201803289,,,Tramadol Hydrochloride/Acetaminophen
200804952,"마이티셋정(트라마돌염산염, 아세트아미노펜)","Myticet Tablet(Tramadol Hydrochloride, Acetaminophen)",에이치엘비제약(주),"HLB Pharmaceutical Co., Ltd.",2008-04-30,의약품,835,정상,,아세트아미노펜/트라마돌염산염,"미결정셀룰로오스,오파드라이QX노란색(321A620000) ,스테아르산마그네슘,전분글리콜산나트륨,히드록시프로필셀룰로오스",,전문의약품,완제의약품,신고,제조,,장방형,,,15.6,6.5,N,"8806473013507,8806473013514,8806473013521,8806473013538",N02AJ13,200804952,,,Acetaminophen/Tramadol Hydrochloride
200210719,"마이폴캡슐(코데인,이부프로펜,아세트아미노펜)",Mypol Cap.,성원애드콕제약(주),Sungwon ADCOCK PHARM,2002-11-12,마약류,1,정상,,아세트아미노펜/이부프로펜/코데인인산염수화물,"라우릴황산나트륨,적색캡슐,스테아르산마그네슘,경질무수규산,전분글리콜산나트륨,녹색캡슐",,전문의약품,완제의약품,허가,제조,마약,장방형,,,21.0,7.0,N,"8806649001208,8806649001215",N02AJ09,,,,Acetaminophen/Ibuprofen/Codeine Phosphate Hydrate
201906113,마파람과립,Maparam Gra.,삼익제약(주),"Samik Pharmaceutical Co., Ltd.",2019-08-28,의약품,5136,정상,,진피건조엑스(5→1) /아세트아미노펜/dl-메틸에페드린염산염/클로르페니라민말레산염/노스카핀/카페인수화물,"유당수화물,아스파탐,카르복시메틸셀룰로오스칼슘,효소처리스테비아,옥수수전분,누룽지향",,일반의약품,완제의약품,신고,제조,,,,,,,N,"8806440043308,8806440043315,8806440043322",R05X,,201906113,,Citrus Unshiu Peel Dried Extract (5→1)/Acetaminophen/DL-Methylephedrine Hydrochloride/Chlorpheniramine Maleate/Noscapine/Caffeine Hydrate
202400305,마파람쿨과립,Maparam Cool Gra.,삼익제약(주),"Samik Pharmaceutical Co., Ltd.",2024-02-08,의약품,5181,정상,,아세트아미노펜/길경 가루/구아야콜설폰산칼륨,"시트르산수화물,박하향(22306442),수크랄로스,효소처리스테비아,옥수수전분,D-만니톨,l-멘톨",,일반의약품,완제의약품,신고,제조,,,,,,,N,"8806440047801,8806440047818,8806440047825",R05X,,,,Acetaminophen/Platycodon Root Powder/Potassium Guaiacolsulfonate
201904215,마하펜연질캡슐(아세트아미노펜),Mahaphen Soft Cap,일양바이오팜(주),"IL-YANG BIOPHARM. CO., LTD.",2019-06-17,의약품,5125,정상,,아세트아미노펜,"프로필렌글리콜,폴리에틸렌글리콜400,젤라틴,포비돈,소르비톨소르비탄 액,안나토색소,정제수",,일반의약품,완제의약품,신고,제조,,타원형,,,21.4,10.2,N,"8806966019016,8806966019009",N02BE01,,201904215,,Acetaminophen
202400157,마하펜정500밀리그램(아세트아미노펜),Mahaphen Tab. 500mg,일양바이오팜(주),"IL-YANG BIOPHARM. CO., LTD.",2024-01-22,의약품,5147,정상,,아세트아미노펜,"미결정셀룰로오스,오파드라이흰색(03B28796),크로스카멜로오스나트륨,스테아르산마그네슘,카르나우바납,전분글리콜산나트륨,히드록시프로필셀룰로오스",,일반의약품,완제의약품,신고,제조,,타원형,,,17.4,7.0,N,"8806966021101,8806966021118,8806966021125",N02BE01,,202400157,,Acetaminophen
199802760,말펜정(수출용),MALPANTAB,영풍제약(주),"Young Poong Pharmaceutical Co., Ltd.",1998-04-28,의약품,493,정상,,아세트아미노펜/푸르설티아민,"폴리소르베이트80,미결정셀룰로오스,히프로멜로오스,피마자유,유당,산화티탄,포비돈,폴리에칠렌글리콜6000,카르나우바납,옥수수전분,전분글리콜산나트륨,스테아린산마그네슘,히드록시프로필셀룰로오스",,일반의약품,완제의약품,신고,제조,,,,,,,N,"8806619003706,8806619003720",N02BE51,,,,Acetaminophen/Fursultiamine
200708580,맥널티아세트아미노펜시럽(수출용),Mcnulty Acetaminophen Syrup,맥널티제약(주),"McNulty Pharma, Co., LTD.",2007-07-25,의약품,307,정상,,아세트아미노펜,"산탄검,시트르산수화물,벤조산나트륨,식약청인정타르색소(적색40호),체리농축과즙액,솔비톨액,글리세린,고과당,카르복시메틸셀룰로오스 나트륨,백당,수크랄로스,프로필파라벤,프로필렌 글리콜,체리 에센스,정제수",,일반의약품,완제의약품,신고,제조,,,,,,,N,"8806415003009,8806415003016",N02BE01,,,,Acetaminophen
200805296,맥스노펜세미정,Maxnophen semi Tab.,(주)보령,"Boryung Co., Ltd.",2008-05-09,의약품,653,정상,,트라마돌염산염/아세트아미노펜,"스테아르산마그네슘,오파드라이Ⅱ노란색(85F12347),전호화전분,분말셀룰로오스,옥수수전분,전분글리콜산나트륨",,전문의약품,완제의약품,신고,제조,,장방형,,,12,5,N,"8806419045500,8806419045517,8806419045524,8806419045531",N02AJ13,200805296,,,Tramadol Hydrochloride/Acetaminophen
200804908,맥스노펜정,Maxnophen Tab.,(주)보령,"Boryung Co., Ltd.",2008-04-29,의약품,652,정상,,트라마돌염산염/아세트아미노펜,"스테아르산마그네슘,오파드라이Ⅱ노란색(85F12347),전호화전분,분말셀룰로오스,옥수수전분,전분글리콜산나트륨",,전문의약품,완제의약품,신고,제조,,장방형,,,16,6,N,"8806419045609,8806419045616,8806419045623,8806419045630,8806419045647",N02AJ13,200804908,,,Tramadol Hydrochloride/Acetaminophen
202106243,맥시제식주,Maxigesic Inj.,(주)경보제약,kyongbo pharma,2021-08-30,의약품,5048,정상,,아세트아미노펜/이부프로펜나트륨이수화물,"수산화나트륨,질소,인산이나트륨이수화물,염산,주사용수,시스테인염산염일수화물,만니톨",,전문의약품,완제의약품,허가,수입,,,,,,,N,"8806650031102,8806650031119",N02BE51,,,"이탈리아,뉴질랜드",Acetaminophen/Ibuprofen Sodium Dihydrate
200905694,맥아트디정(수출용),Mc At D Tab.,맥널티제약(주),"McNulty Pharma, Co., LTD.",2009-07-20,의약품,380,정상,,아세트아미노펜/돔페리돈말레산염,"미결정셀룰로오스,유당수화물,폴리에틸렌글리콜6000,산화티탄,탈크,스테아르산마그네슘,히프로멜로오스 2910,카르복시메틸셀룰로오스칼슘,전분글리콜산나트륨,히드록시프로필셀룰로오스",,일반의약품,완제의약품,신고,제조,,,,,,,N,8806415014807,N02CX,,,,Acetaminophen/Domperidone Maleate
201803798,맥콜드시럽,Mc Cold Syrup,맥널티제약(주),"McNulty Pharma, Co., LTD.",2018-09-21,의약품,466,유효기간만료,2023-09-21,아세트아미노펜/dl-메틸에페드린염산염/구아이페네신/디펜히드라민염산염,"시트르산수화물,프로필렌글리콜,이성화당,파라옥시벤조산프로필,수크랄로스,시트르산나트륨수화물,조합향료(포도향BG1-3611),조합향료(허니향51866),파라옥시벤조산메틸,정제수",,일반의약품,완제의약품,신고,제조,,,,,,,N,"8806415023007,8806415023021,8806415023014",R05X,,,,Acetaminophen/DL-Methylephedrine Hydrochloride/Guaifenesin/Diphenhydramine Hydrochloride
202400760,머슬렌정,Musclen Tablets,한솔신약(주),hansolpharm,2024-04-04,의약품,5063,정상,,아세트아미노펜/산화마그네슘/푸르설티아민,"미결정셀룰로오스,유당수화물,탭쉴드흰색11W287,스테아르산마그네슘,전분글리콜산나트륨,히드록시프로필셀룰로오스",,일반의약품,완제의약품,신고,제조,,장방형,,,14.2,8.3,N,"8806458044403,8806458044427,8806458044410",N02BE51,,,,Acetaminophen/Magnesium Oxide/Fursultiamine
202303088,머슬펜에프정,Musclephen-F Tab.,한국신텍스제약(주),KOREA SYNTEX PHARMACEUTICAL,2023-11-08,의약품,945,정상,,아세트아미노펜/산화마그네슘/푸르설티아민,"미결정셀룰로오스,크로스카멜로오스나트륨,스테아르산마그네슘,경질무수규산,탤크,전분글리콜산나트륨,히드록시프로필셀룰로오스",,일반의약품,완제의약품,신고,제조,,타원형,,,17.6,7.5,N,"8806230070002,8806230070019",N02BE51,,202303088,,Acetaminophen/Magnesium Oxide/Fursultiamine
201906343,머피스펜정,Mupisphen Tablet,에스케이케미칼(주),"SK Chemicals Co., Ltd.",2019-09-06,의약품,5121,취하,2023-09-25,클로르족사존/아세트아미노펜,"폴리에틸렌글리콜 6000,미결정셀룰로오스,히프로멜로오스,산화티탄,스테아르산마그네슘,탤크,전분글리콜산나트륨,히드록시프로필셀룰로오스",,일반의약품,완제의약품,신고,제조,,,,,,,N,"8806447047200,8806447047217",M03BB53,,201906343,,Chlorzoxazone/Acetaminophen
201402450,메가셋세미정,Megacet Semi Tab.,대화제약(주),"Daehwa Pharmaceutical Co., Ltd.",2014-05-29,의약품,5047,정상,,아세트아미노펜/트라마돌염산염,"저치환도히드록시프로필셀룰로오스,오파드라이 옐로우(03F62330),크로스포비돈,포비돈,스테아르산마그네슘",,전문의약품,완제의약품,허가,제조,,장방형,,,12.1,5.2,N,"8806456044108,8806456044115,8806456044122",N02AJ13,201402450,,,Acetaminophen/Tramadol Hydrochloride
200711209,메가셋정,Megacet Tab.,대화제약(주),"Daehwa Pharmaceutical Co., Ltd.",2007-10-09,의약품,396,정상,,아세트아미노펜/트라마돌염산염,"저치환도히드록시프로필셀룰로오스,오파드라이 옐로우(03F62330),크로스포비돈,포비돈,스테아르산마그네슘",,전문의약품,완제의약품,신고,제조,,장방형,,,15.7,6.5,N,"8806456009909,8806456009916,8806456009923,8806456009930,8806456009947,8806456009954,8806456009961",N02AJ13,200711209,,,Acetaminophen/Tramadol Hydrochloride
200804802,메가스펜정,Megaspen Tab,경동제약(주),"KyungDong Pharm. Co., Ltd.",2008-04-28,의약품,434,정상,,트라마돌염산염/아세트아미노펜,"포비돈 K30,오파드라이노란색(310B620001),스테아르산마그네슘,카르나우바납,전호화전분,분말셀룰로오스,옥수수전분,전분글리콜산나트륨",,전문의약품,완제의약품,신고,제조,,장방형,,,15.5,6.5,N,"8806481025301,8806481025318,8806481025325,8806481025332,8806481025349,8806481025356",N02AJ13,,,,Tramadol Hydrochloride/Acetaminophen
202001290,메가아세돌서방정,Mega Acedol SR Tab.,(주)엘앤씨바이오,L&C BIO,2020-02-24,의약품,119,취하,2024-07-03,아세트아미노펜/트라마돌염산염,"저치환도히드록시프로필셀룰로오스,크로스포비돈,히프로멜로오스,콜로이드성이산화규소,포비돈,스테아르산마그네슘,오파드라이Ⅱ노란색(85F420033)",,전문의약품,완제의약품,허가,제조,,,,,,,N,"8800605006306,8806613060705,8800605006313,8806613060712,8800605006320,8806613060729",N02AJ13,,,,Acetaminophen/Tramadol Hydrochloride
202001289,메가아세돌세미서방정,Mega Acedol Semi SR Tab.,(주)엘앤씨바이오,L&C BIO,2020-02-24,의약품,118,취하,2024-07-03,아세트아미노펜/트라마돌염산염,"저치환도히드록시프로필셀룰로오스,크로스포비돈,히프로멜로오스,콜로이드성이산화규소,포비돈,스테아르산마그네슘,오파드라이Ⅱ노란색(85F420033)",,전문의약품,완제의약품,허가,제조,,,,,,,N,"8800605006207,8806613060200,8800605006214,8806613060217,8800605006221,8806613060224",N02AJ13,,,,Acetaminophen/Tramadol Hydrochloride
202002850,메가아세돌세미정,Mega Acedol Semi Tab.,(주)엘앤씨바이오,L&C BIO,2020-04-22,의약품,32,정상,,아세트아미노펜/트라마돌염산염,"오파드라이노란색(85F12347),미결정셀룰로오스,스테아르산마그네슘,전분글리콜산나트륨,히드록시프로필셀룰로오스",,전문의약품,완제의약품,허가,제조,,타원형,,,12.1,5.1,N,"8800605002902,8806613063904,8800605002919,8806613063911,8800605002926,8806613063928,8800605002933,8806613063935,8800605002940",N02AJ13,,,,Acetaminophen/Tramadol Hydrochloride
202002678,메가아세돌정,Mega Acedol Tab.,(주)엘앤씨바이오,L&C BIO,2020-04-16,의약품,35,정상,,아세트아미노펜/트라마돌염산염,"오파드라이노란색(85F12347),미결정셀룰로오스,스테아르산마그네슘,전분글리콜산나트륨,히드록시프로필셀룰로오스",,전문의약품,완제의약품,허가,제조,,장방형,,,15.4,6.3,N,"8800605003206,8806613063805,8800605003213,8806613063812,8800605003220,8806613063829,8800605003237,8806613063836,8800605003244",N02AJ13,,,,Acetaminophen/Tramadol Hydrochloride
200103044,메가코정,MEGACO TAB.,명문제약(주),"Myungmoon Pharm. Co., Ltd.",2001-09-28,의약품,106,유효기간만료,2024-01-01,아세트아미노펜/슈도에페드린염산염/클로르페니라민말레산염,"프로필렌글리콜,미결정셀룰로오스,히프로멜로오스,유당수화물,산화티탄,스테아르산마그네슘,카르나우바납,카르복시메틸셀룰로오스칼슘,옥수수전분,전분글리콜산나트륨,히드록시프로필셀룰로오스",,일반의약품,완제의약품,신고,제조,,,,,,,N,"8806498006706,8806498006713",R05X,,200103044,,Acetaminophen/Pseudoephedrine Hydrochloride/Chlorpheniramine Maleate
200102662,메가코판정,Megacopan Tablet,(주)한국파비스제약,"Pharvis Korea co., Ltd.",2001-10-16,의약품,88,유효기간만료,2024-01-01,아세트아미노펜/덱스트로메토르판브롬화수소산염수화물/구아이페네신,"저치환도히드록시프로필셀룰로오스,포비돈K30,황색5호,미결정셀룰로오스,히프로멜로오스,유당수화물,폴리에틸렌글리콜6000,산화티탄,스테아르산마그네슘,카르복시메틸셀룰로오스칼슘,경질무수규산,탤크,옥수수전분,히드록시프로필셀룰로오스,청색1호알루미늄레이크",,일반의약품,완제의약품,신고,제조,,,,,,,N,"8806218002803,8806836003305,8806218002810,8806836003312",R05FA,,200102662,,Acetaminophen/Dextromethorphan Hydrobromide Hydrate/Guaifenesin
200201971,메넥스정(수출용),Menex Tab.,(주)테라젠이텍스,"THERAGEN ETEX CO., LTD.",2002-10-02,의약품,183,정상,,아세트아미노펜/DL-메티오닌,"미결정셀룰로오스,유당수화물,스테아르산마그네슘,카르복시메틸셀룰로오스칼슘,탤크",,일반의약품,완제의약품,신고,제조,,장방형,,,14.7,8.3,N,"8806545003009,8806985000408,8806545003016,8806985000415",N02BE51,,,,Acetaminophen/DL-Methionine
201307106,메노펜정(수출용),Menofen Tab.,(주)마더스제약,MOTHER'S PHARMACEUTICAL.,2013-04-29,의약품,5031,정상,,메토카르바몰/아세트아미노펜,"콜로이달실리콘디옥사이드,포비돈K30,히프로멜로오스,폴리에틸렌글리콜6000,산화티탄,스테아르산마그네슘,탤크,전분글리콜산나트륨,히드록시프로필셀룰로오스",,전문의약품,완제의약품,신고,제조,,,,,,,N,,,,,,Methocarbamol/Acetaminophen
202502088,메디세트주(아세트아미노펜),Medicet.Inj,주식회사 노바엠헬스케어,"Nova M Healthcare Co.,Ltd",2025-08-13,의약품,82,정상,,아세트아미노펜,"인산일수소나트륨무수물,수산화나트륨,L-시스테인염산염일수화물,염산,주사용수,D-만니톨",,전문의약품,완제의약품,허가,제조,,,,,,,N,"8800732008303,8800732008310",N02BE01,,,,Acetaminophen
201404162,메디셋세미정,Medicet Semi Tab.,메딕스제약(주),"Medix Pharm. CO.,LTD",2014-09-05,의약품,28,유효기간만료,2024-09-05,트라마돌염산염/아세트아미노펜,"라우릴황산나트륨,저치환도히드록시프로필셀룰로오스,크로스포비돈,스테아르산마그네슘,콜로이드성이산화규소,포비돈,탭쉴드주황색(11O636)",,전문의약품,완제의약품,허가,제조,,,,,,,N,"8806258002702,8806258002719,8806258002726,8806258002733",N02AJ13,201404162,,,Tramadol Hydrochloride/Acetaminophen
201404161,메디셋정,Medicet Tab.,메딕스제약(주),"Medix Pharm. CO.,LTD",2014-09-05,의약품,27,유효기간만료,2024-09-05,트라마돌염산염/아세트아미노펜,"라우릴황산나트륨,저치환도히드록시프로필셀룰로오스,크로스포비돈,탭쉴드주황색(11O537),스테아르산마그네슘,콜로이드성이산화규소,포비돈",,전문의약품,완제의약품,허가,제조,,,,,,,N,"8806258002603,8806258002610,8806258002627,8806258002634",N02AJ13,201404161,,,Tramadol Hydrochloride/Acetaminophen
202005669,메디앤펜주(아세트아미노펜),mediNphen Inj,코스맥스파마(주),"COSMAX PHARMA CO., LTD.",2020-08-05,의약품,5253,정상,,아세트아미노펜,"인산수소나트륨이수화물,수산화나트륨,염산,주사용수,시스테인염산염수화물,만니톨",,전문의약품,완제의약품,신고,제조,,,,,,,N,"8800551029206,8806755002502,8800551029213,8806755002519",N02BE01,,,,Acetaminophen
202204165,메디코캡슐,Medinose Cap.,메딕스제약(주),"Medix Pharm. CO.,LTD",2022-11-21,의약품,217,정상,,아세트아미노펜/슈도에페드린염산염/클로르페니라민말레산염,"스테아르산마그네슘,경질무수규산,미결정셀룰로오스(102),전분글리콜산나트륨,경질캡슐(Size0el)",,일반의약품,완제의약품,신고,제조,,장방형,,,19.0,6.4,N,"8806258013609,8806258013616",R05X,,202204165,,Acetaminophen/Pseudoephedrine Hydrochloride/Chlorpheniramine Maleate
202204653,메디코프캡슐,Medicouch Cap.,메딕스제약(주),"Medix Pharm. CO.,LTD",2022-12-27,의약품,219,정상,,아세트아미노펜/슈도에페드린염산염/구아이페네신/덱스트로메토르판브롬화수소산염수화물,"미결정셀룰로오스,스테아르산마그네슘,경질무수규산,전분글리콜산나트륨,캡슐",,일반의약품,완제의약품,신고,제조,,장방형,,,19.0,6.4,N,"8806258013807,8806258013814",R05X,,202204653,,Acetaminophen/Pseudoephedrine Hydrochloride/Guaifenesin/Dextromethorphan Hydrobromide Hydrate
202204652,메디콜캡슐,Mediflu Cap.,메딕스제약(주),"Medix Pharm. CO.,LTD",2022-12-27,의약품,218,정상,,아세트아미노펜/클로르페니라민말레산염/구아이페네신/덱스트로메토르판브롬화수소산염수화물/dl-메틸에페드린염산염/카페인무수물,"미결정셀룰로오스,스테아르산마그네슘,경질무수규산,전분글리콜산나트륨,캡슐",,일반의약품,완제의약품,신고,제조,,장방형,,,18.7,6.5,N,"8806258013708,8806258013715",R05X,,202204652,,Acetaminophen/Chlorpheniramine Maleate/Guaifenesin/Dextromethorphan Hydrobromide Hydrate/DL-Methylephedrine Hydrochloride/Anhydrous Caffeine
199900834,멘자펜정,Menzaphen Tab.,동성제약(주),"DONGSUNG BIO PHARM. CO., LTD",1999-03-31,의약품,159,정상,,아세트아미노펜/카페인수화물/말레인산피릴라민,"적색3호,콜로이달실리콘디옥사이드,황색5호,히프로멜로오스,폴리에틸렌글리콜6000,산화티탄,스테아르산마그네슘,탤크,전분글리콜산나트륨,히드록시프로필셀룰로오스",,일반의약품,완제의약품,신고,제조,,장방형,,,18.8,6.8,N,"8806432004201,8806432004218,8806432004225",N02BE51,,199900834,,Acetaminophen/Caffeine Hydrate/Pyrilamine Maleate
200703212,명랑에스산,Meunglang S Powder,삼남제약(주),"SAMNAM PHARMACEUTICAL CO., LTD",2007-03-19,의약품,142,정상,,아세트아미노펜/무수카페인,"스테아르산마그네슘,옥수수전분",,일반의약품,완제의약품,신고,제조,,,,,,,N,"8806537002904,8806537002911,8806537002928,8806537002935",N02BE51,,200703212,,Acetaminophen/Anhydrous Caffeine
201309127,모두펜에프캡슐,,(주)한풍제약,"HANPOONG PHARM. Co., Ltd.",2013-08-30,의약품,5027,폐업,2023-09-27,아세트아미노펜/에텐자미드/카페인수화물/작약엑스산/감초엑스산,"이산화규소,스테아르산마그네슘,캡슐",,일반의약품,완제의약품,신고,제조,,,,,,,N,"8806581050609,8806581050630,8806581050616,8806581050623",R05X,,,,Acetaminophen/Ethenzamide/Caffeine Hydrate/Peony Root Extract Powder/Glycyrrhiza Extract Powder
200200100,모두펜정,Modoopen Tab.,(주)한풍제약,"HANPOONG PHARM. Co., Ltd.",2002-02-27,의약품,163,유효기간만료,2024-01-01,카페인수화물/에텐자미드/아세트아미노펜/감초가루/작약가루,"미결정셀룰로오스,히프로멜로오스,적색40호알루미늄레이크,폴리에틸렌글리콜6000,산화티탄,청색2호알루미늄레이크,스테아르산마그네슘",,일반의약품,완제의약품,신고,제조,,,,,,,N,"8806581005708,8806581005715,8806581005722,8806581005739",N02BE51,,200200100,,Caffeine Hydrate/Ethenzamide/Acetaminophen/Glycyrrhiza Powder/Peony Root Powder
200902909,모드나캡슐,MODENA cap.,초당약품공업(주),"CHO-DANG Pharm. Co., Ltd.",2009-04-22,의약품,326,정상,,아세트아미노펜/카페인무수물/티아민질산염/구아이페네신/dl-메틸에페드린염산염/클로르페니라민말레산염/덱스트로메토르판브롬화수소산염수화물/감초엑스산(5→1),"콜로이드성이산화규소,스테아르산마그네슘,탤크,백색캡슐",,일반의약품,완제의약품,신고,제조,,장방형,,,19.1,6.91,N,"8806707013204,8806707013211,8806707013228,8806707013235",R05X,,200902909,,Acetaminophen/Anhydrous Caffeine/Thiamine Nitrate/Guaifenesin/DL-Methylephedrine Hydrochloride/Chlorpheniramine Maleate/Dextromethorphan Hydrobromide Hydrate/Glycyrrhiza Extract Powder (5→1)
201203128,모드코에스연질캡슐,Modco S Soft Cap.,(주)종근당,Chong Kun Dang Pharm.,2012-04-24,의약품,5074,정상,,아세트아미노펜/클로르페니라민말레산염/슈도에페드린염산염,"프로필렌글리콜,락색소,폴리에틸렌글리콜400,젤라틴,포비돈,소르비톨스페셜글리세린블렌드,정제수",,일반의약품,완제의약품,신고,제조,,타원형,,,16.8,9.5,N,"8806433062804,8806433062811,8806433062828",R05X,,201203128,,Acetaminophen/Chlorpheniramine Maleate/Pseudoephedrine Hydrochloride
201204389,모드코프에스연질캡슐,Modcough S Soft Cap.,(주)종근당,Chong Kun Dang Pharm.,2012-05-08,의약품,5081,정상,,아세트아미노펜/dl-메틸에페드린염산염/덱스트로메토르판브롬화수소산염수화물/구아이페네신,"프로필렌글리콜,치자청색소,폴리에틸렌글리콜400,젤라틴,포비돈,소르비톨스페셜글리세린블렌드,정제수",,일반의약품,완제의약품,신고,제조,,타원형,,,16.6,9.2,N,"8806433063009,8806433063016,8806433063023",R05X,,201204389,,Acetaminophen/DL-Methylephedrine Hydrochloride/Dextromethorphan Hydrobromide Hydrate/Guaifenesin
200400116,모드콜시럽,Modcol Syr.,(주)종근당,Chong Kun Dang Pharm.,2004-07-31,의약품,171,정상,,아세트아미노펜/클로르페니라민말레산염/dl-메틸에페드린염산염/덱스트로메토르판브롬화수소산염수화물/구아야콜설폰산칼륨/카페인무수물,"메틸파라벤,시트르산,백당,프로필파라벤,스트로베리후레바(에센스)비-2383,아세설팜칼륨,정제수",,일반의약품,완제의약품,신고,제조,,,,,,,N,"8806433008208,8806433008215",R05FA02,,200400116,,Acetaminophen/Chlorpheniramine Maleate/DL-Methylephedrine Hydrochloride/Dextromethorphan Hydrobromide Hydrate/Potassium Guaiacolsulfonate/Anhydrous Caffeine
201204330,모드콜에스연질캡슐,Modcol S Soft Cap.,(주)종근당,Chong Kun Dang Pharm.,2012-05-08,의약품,5080,정상,,아세트아미노펜/클로르페니라민말레산염/dl-메틸에페드린염산염/슈도에페드린염산염/덱스트로메토르판브롬화수소산염수화물/구아이페네신,"프로필렌글리콜,폴리에틸렌글리콜400,젤라틴,홍화황색소,포비돈,소르비톨스페셜글리세린블렌드,정제수",,일반의약품,완제의약품,신고,제조,,타원형,,,16.3,10.0,N,"8806433062903,8806433062910,8806433062927",R05X,,201204330,,Acetaminophen/Chlorpheniramine Maleate/DL-Methylephedrine Hydrochloride/Pseudoephedrine Hydrochloride/Dextromethorphan Hydrobromide Hydrate/Guaifenesin
202601190,모드콜코프스트롱연질캡슐,Modcol Cough Strong Soft Cap.,(주)종근당,Chong Kun Dang Pharm.,2026-04-23,의약품,5443,정상,,아세트아미노펜/구아이페네신/덱스트로메토르판브롬화수소산염수화물/DL-메틸에페드린염산염/브롬헥신염산염,"프로필렌글리콜,치자청색소,폴리에틸렌글리콜400,젤라틴,폴리에틸렌글리콜600,포비돈,소르비톨소르비탄 액,정제수",,일반의약품,완제의약품,신고,제조,,,,,,,N,,,,,,Acetaminophen/Guaifenesin/Dextromethorphan Hydrobromide Hydrate/DL-Methylephedrine Hydrochloride/Bromhexine Hydrochloride
202203513,모드콜콜드시럽,Modcol Cold Syrup,(주)종근당,Chong Kun Dang Pharm.,2022-09-07,의약품,5349,정상,,아세트아미노펜/클로르페니라민말레산염/dl-메틸에페드린염산염/덱스트로메토르판브롬화수소산염수화물,"벤조산나트륨,시트르산수화물,D-소르비톨 액,자일리톨,수크랄로스,포비돈,잔탄검,민트향(311278),오렌지향 AI-F-0054,정제수",,일반의약품,완제의약품,신고,제조,,,,,,,N,"8806433090401,8806433090425,8806433090418,8806433090500,8806433090517,8806433090524",R05X,,202203513,,Acetaminophen/Chlorpheniramine Maleate/DL-Methylephedrine Hydrochloride/Dextromethorphan Hydrobromide Hydrate
202501414,모드콜키즈펜시럽(아세트아미노펜) ,Modcol Kidspen Syrup(Acetaminophen),(주)종근당,Chong Kun Dang Pharm.,2025-06-10,의약품,5406,정상,,아세트아미노펜,"시트르산수화물,프로필렌글리콜,딸기향 22405343,소르빈산칼륨,소르비톨액(비결정성),백당,수크랄로스,미결정셀룰로오스·카르복시메틸셀룰로오스나트륨,포비돈,잔탄검,농글리세린,정제수",,일반의약품,완제의약품,신고,제조,,,,,,,N,"8806433098902,8806433098919,8806433098926",N02BE01,,,,Acetaminophen
201206946,모드콜플루건조시럽,Modcolflu Dry Syr.,(주)종근당,Chong Kun Dang Pharm.,2012-09-26,의약품,5100,취하,2023-08-17,아세트아미노펜/페닐레프린염산염/덱스트로메토르판브롬화수소산염수화물,"아황산수소나트륨,시트르산,아스파탐,레몬미크론,백당,수크랄로스,포비돈,시트르산나트륨수화물,황색203호",,일반의약품,완제의약품,신고,제조,,,,,,,N,"8806433063801,8806433063818,8806433063825,8806433063832,8806433063849",N02BE51,,201206946,,Acetaminophen/Phenylephrine Hydrochloride/Dextromethorphan Hydrobromide Hydrate
201206947,모드콜플루나이트건조시럽,Modcolflu Njght Dry Syr.,(주)종근당,Chong Kun Dang Pharm.,2012-09-26,의약품,5101,취하,2023-08-17,아세트아미노펜/페닐레프린염산염/디펜히드라민염산염,"아황산수소나트륨,시트르산,아스파탐,레몬미크론,백당,수크랄로스,포비돈,시트르산나트륨수화물,황색203호",,일반의약품,완제의약품,신고,제조,,,,,,,N,"8806433063702,8806433063719,8806433063726,8806433063733,8806433063740,8806433063757",N02BE51,,201206947,,Acetaminophen/Phenylephrine Hydrochloride/Diphenhydramine Hydrochloride
201400251,모드콜플루노즈건조시럽,Modcolflu Nose Dry Syrup,(주)종근당,Chong Kun Dang Pharm.,2014-01-20,의약품,5127,취하,2023-07-19,아세트아미노펜/슈도에페드린염산염/클로르페니라민말레산염,"아황산수소나트륨,아스파탐,시트르산,레몬미크론,백당,수크랄로스,포비돈,시트르산나트륨수화물,황색203호",,일반의약품,완제의약품,신고,제조,,,,,,,N,"8806433066901,8806433066918,8806433066925",R05X,,201400251,,Acetaminophen/Pseudoephedrine Hydrochloride/Chlorpheniramine Maleate
201400252,모드콜플루코프건조시럽,Modcolflu Cough Dry Syrup,(주)종근당,Chong Kun Dang Pharm.,2014-01-20,의약품,5128,취하,2023-08-17,아세트아미노펜/덱스트로메토르판브롬화수소산염수화물/dl-메틸에페드린염산염/노스카핀염산염수화물/구아이페네신,"아황산수소나트륨,시트르산,아스파탐,레몬미크론,백당,수크랄로스,포비돈,시트르산나트륨수화물,황색203호",,일반의약품,완제의약품,신고,제조,,,,,,,N,"8806433067007,8806433067014,8806433067021",R05X,,201400252,,Acetaminophen/Dextromethorphan Hydrobromide Hydrate/DL-Methylephedrine Hydrochloride/Noscapine Hydrochloride Hydrate/Guaifenesin
201400349,모아노즈연질캡슐,Morenose Soft Cap.,(주)알피바이오,RP Bio Inc.,2014-01-27,의약품,5118,정상,,아세트아미노펜/클로르페니라민말레산염/슈도에페드린염산염,"프로필렌글리콜,치자청색소,폴리에틸렌글리콜400,젤라틴,포비돈,소르비톨스페셜글리세린블렌드,정제수",,일반의약품,완제의약품,신고,제조,,타원형,,,19.7,8.9,N,"8806616042500,8806616042517,8806616042524",R05X,,201400349,,Acetaminophen/Chlorpheniramine Maleate/Pseudoephedrine Hydrochloride
201606544,모아코에이연질캡슐,Moaco A Soft Cap.,알리코제약(주),"Korea Arlico Pharm Co.,Ltd.",2016-11-09,의약품,605,취하,2023-04-28,아세트아미노펜/수도에페드린염산염/클로르페니라민말레산염,"프로필렌글리콜,적색3호,폴리에틸렌글리콜 400,부틸히드록시톨루엔,젤라틴,황색 5호,포비돈,정제수,소르비톨 소르비탄액",,일반의약품,완제의약품,신고,제조,,,,,,,N,"8806560043707,8806560043714",R05X,,201606544,,Acetaminophen/Pseudoephedrine Hydrochloride/Chlorpheniramine Maleate
200200677,모아코정,Moaco Tab.,알리코제약(주),"Korea Arlico Pharm Co.,Ltd.",2002-04-04,의약품,172,유효기간만료,2024-01-01,아세트아미노펜/슈도에페드린염산염/클로르페니라민말레산염,"프로필렌글리콜,미결정셀룰로오스,히프로멜로오스,유당수화물,산화티탄,스테아르산마그네슘,카르나우바납,카르복시메틸셀룰로오스칼슘,옥수수전분,전분글리콜산나트륨,히드록시프로필셀룰로오스",,일반의약품,완제의약품,신고,제조,,,,,,,N,"8806560003909,8806560003916",R05X,,200200677,,Acetaminophen/Pseudoephedrine Hydrochloride/Chlorpheniramine Maleate
201606585,모아코프에이연질캡슐,Moacough A Soft Cap.,알리코제약(주),"Korea Arlico Pharm Co.,Ltd.",2016-11-10,의약품,607,취하,2023-04-28,아세트아미노펜/구아이페네신/dl-메틸에페드린염산염/클로페라스틴염산염/클로르페니라민말레산염,"프로필렌글리콜,황색5호,폴리에틸렌글리콜400,부틸히드록시톨루엔,젤라틴,포비돈,정제수,소르비톨 소르비탄액,청색1호",,일반의약품,완제의약품,신고,제조,,,,,,,N,"8806560043905,8806560043912",R05X,,201606585,,Acetaminophen/Guaifenesin/DL-Methylephedrine Hydrochloride/Cloperastine Hydrochloride/Chlorpheniramine Maleate
201606546,모아콜드에이연질캡슐,Moacold A Soft Cap.,알리코제약(주),"Korea Arlico Pharm Co.,Ltd.",2016-11-09,의약품,606,취하,2023-04-28,아세트아미노펜/구아이페네신/수도에페드린염산염/클로페라스틴염산염/클로르페니라민말레산염,"프로필렌글리콜,폴리에틸렌글리콜 400,부틸히드록시톨루엔,젤라틴,포비돈,적색 40호,정제수,소르비톨 소르비탄액,청색1호",,일반의약품,완제의약품,신고,제조,,,,,,,N,"8806560043806,8806560043813",R05X,,201606546,,Acetaminophen/Guaifenesin/Pseudoephedrine Hydrochloride/Cloperastine Hydrochloride/Chlorpheniramine Maleate
201902527,모아콜연질캡슐,Moacol Soft Cap.,(주)알피바이오,RP Bio Inc.,2019-04-23,의약품,5218,정상,,아세트아미노펜/클로르페니라민말레산염/dl-메틸에페드린염산염/슈도에페드린염산염/덱스트로메토르판브롬화수소산염수화물/구아이페네신,"프로필렌글리콜,락색소,폴리에틸렌글리콜400,젤라틴,포비돈,소르비톨스페셜글리세린블렌드,정제수",,일반의약품,완제의약품,신고,제조,,타원형,,,19.8,9.5,N,"8806616050109,8806616050116",R05X,,201902527,,Acetaminophen/Chlorpheniramine Maleate/DL-Methylephedrine Hydrochloride/Pseudoephedrine Hydrochloride/Dextromethorphan Hydrobromide Hydrate/Guaifenesin
201404999,몸싹정,,(주)텔콘알에프제약,telconRF pharmaceutical company,2014-10-28,의약품,18,유효기간만료,2024-10-28,아세트아미노펜/카페인무수물/푸르설티아민,"크로스포비돈,히프로멜로오스2910,유당수화물,폴리에틸렌글리콜6000,산화티탄,스테아르산마그네슘,카르복시메틸셀룰로오스칼슘,탤크,황색203호,히드록시프로필셀룰로오스,시트르산트리에틸",,일반의약품,완제의약품,신고,제조,,,,,,,N,"8806255002002,8806255002019",R05X,,,,Acetaminophen/Anhydrous Caffeine/Fursultiamine
202501313,무무키즈노즈시럽,Cold-Lock Kids Nose Syrup,경방신약(주),"KYUNGBANG Pharmaceutical Co.,Ltd",2025-05-27,의약품,5272,정상,,아세트아미노펜/클로르페니라민말레산염/DL-메틸에페드린염산염,"시트르산수화물,벤조산나트륨,D-소르비톨 액,포도엣센스,자일리톨,수크랄로스,효소처리스테비아,잔탄검,시트르산나트륨수화물,오렌지엣센스(B-4515),농글리세린,치자적색소-엠,정제수",,일반의약품,완제의약품,신고,제조,,,,,,,N,"8806613073200,8806613073217,8806613073224",R05X,,,,Acetaminophen/Chlorpheniramine Maleate/DL-Methylephedrine Hydrochloride
202501616,무무키즈콜드시럽,Mumu Kids Cold Syrup,경방신약(주),"KYUNGBANG Pharmaceutical Co.,Ltd",2025-06-30,의약품,5275,정상,,아세트아미노펜/클로르페니라민말레산염/덱스트로메토르판브롬화수소산염수화물/DL-메틸에페드린염산염/구아이페네신,"시트르산수화물,벤조산나트륨,D-소르비톨 액,포도엣센스,자일리톨,염화나트륨,수크랄로스,효소처리스테비아,잔탄검,시트르산나트륨수화물,오렌지엣센스(B-4515),농글리세린,치자적색소-엠,정제수",,일반의약품,완제의약품,신고,제조,,,,,,,N,"8806613073422,8806613073415,8806613073408",R05X,,,,Acetaminophen/Chlorpheniramine Maleate/Dextromethorphan Hydrobromide Hydrate/DL-Methylephedrine Hydrochloride/Guaifenesin
199602668,무스판정,Muspan Tab.,지엘파마(주),GL Pharma,1996-09-05,의약품,21,정상,,부틸스코폴라민브롬화물/아세트아미노펜,"스테아르산,미결정셀룰로오스,히프로멜로오스,폴리에틸렌글리콜6000,산화티탄,카르나우바납,경질무수규산,탤크,히드록시프로필셀룰로오스",,일반의약품,완제의약품,신고,제조,,장방형,,,18.35,8.80,N,"8806497002204,8806497002211,8806497002228,8806497002235",A03DB04,,199602668,,Scopolamine Butylbromide/Acetaminophen
201506781,무파인서방정,Mupain SR Tab.,대한뉴팜(주),"Daehan New Pharm Co.,Ltd",2015-09-24,의약품,5113,정상,,아세트아미노펜/트라마돌염산염,"저치환도히드록시프로필셀룰로오스,크로스포비돈,히프로멜로오스,콜로이드성이산화규소,포비돈,스테아르산마그네슘,오파드라이Ⅱ노란색(85F420033)",,전문의약품,완제의약품,허가,제조,,장방형,,,19.2,8.7,N,"8806699064000,8806699064024,8806699064017",N02AJ13,,,,Acetaminophen/Tramadol Hydrochloride
201506782,무파인세미서방정,Mupain Semi SR Tab.,대한뉴팜(주),"Daehan New Pharm Co.,Ltd",2015-09-24,의약품,5114,정상,,아세트아미노펜/트라마돌염산염,"저치환도히드록시프로필셀룰로오스,크로스포비돈,히프로멜로오스,콜로이드성이산화규소,포비돈,스테아르산마그네슘,오파드라이Ⅱ노란색(85F420033)",,전문의약품,완제의약품,허가,제조,,원형,,,10.0,10.0,N,"8806699063805,8806699063829,8806699063812",N02AJ13,,,,Acetaminophen/Tramadol Hydrochloride
200804942,무파인세미정,Mupain Semi Tab.,대한뉴팜(주),"Daehan New Pharm Co.,Ltd",2008-04-30,의약품,841,정상,,아세트아미노펜/트라마돌염산염,"오파드라이흰색(03B28796),황색산화철,스테아르산마그네슘,전호화전분,분말셀룰로오스,옥수수전분,전분글리콜산나트륨,적색산화철",,전문의약품,완제의약품,신고,제조,,장방형,,,12.0,5.0,N,"8806699048000,8806699048017,8806699048024,8806699048031",N02AJ13,200804942,,,Acetaminophen/Tramadol Hydrochloride
200804946,무파인정,Mupain Tab.,대한뉴팜(주),"Daehan New Pharm Co.,Ltd",2008-04-30,의약품,842,행정(취소),2023-10-20,아세트아미노펜/트라마돌염산염,"오파드라이흰색(03B28796),황색산화철,스테아르산마그네슘,전호화전분,분말셀룰로오스,옥수수전분,전분글리콜산나트륨,적색산화철",,전문의약품,완제의약품,신고,제조,,,,,,,N,"8806699048109,8806699048116,8806699048123,8806699048130",N02AJ13,200804946,,,Acetaminophen/Tramadol Hydrochloride
202107029,미노펜아이연질캡슐,Minophen-I Soft Capsule,(주)서흥,"Suheung Co., Ltd.",2021-10-20,의약품,3098,취하,2025-06-23,아세트아미노펜/푸르설티아민,"프로필렌글리콜,부분탈수액상소르비톨,폴리에틸렌글리콜4000,치자청색소,폴리에틸렌글리콜400,젤라틴,산화티탄,정제수,농글리세린",,일반의약품,완제의약품,신고,제조,,,,,,,N,,,,,,Acetaminophen/Fursultiamine
202106732,미노펜에스연질캡슐,Minofen-S Soft Capsule,(주)서흥,"Suheung Co., Ltd.",2021-10-05,의약품,3092,정상,,아세트아미노펜/벤포티아민/리보플라빈,"프로필렌글리콜,부분탈수액상소르비톨,폴리에틸렌글리콜4000,폴리에틸렌글리콜400,이산화규소,젤라틴,산화티탄,홍화황색소,포비돈,정제수,농글리세린",,일반의약품,완제의약품,신고,제조,,,,,,,N,,,,,,Acetaminophen/Benfotiamine/Riboflavin
202103862,미노펜연질캡슐,Minophen Soft Capsule,(주)서흥,"Suheung Co., Ltd.",2021-05-14,의약품,3088,취하,2025-06-23,아세트아미노펜/푸르설티아민/리보플라빈,"프로필렌글리콜,부분탈수액상소르비톨,폴리에틸렌글리콜4000,폴리에틸렌글리콜400,이산화규소,젤라틴,산화티탄,홍화황색소,포비돈,정제수,농글리세린",,일반의약품,완제의약품,신고,제조,,,,,,,N,,,,,,Acetaminophen/Fursultiamine/Riboflavin
200102671,미다펜정,Midapen Tablet,(주)한국파비스제약,"Pharvis Korea co., Ltd.",2001-03-05,의약품,192,취하,2023-11-23,아세트아미노펜/클로르족사존,"미결정셀룰로오스,유당수화물,스테아르산마그네슘,경질무수규산,카르복시메틸셀룰로오스칼슘,히드록시프로필셀룰로오스",,일반의약품,완제의약품,신고,제조,,원형,,,11.5,11.5,N,"8806218003206,8806836004005,8806218003213,8806836004012,8806218003220",M03BB53,,200102671,,Acetaminophen/Chlorzoxazone
200401471,미도펜정(수출용),Midophen Tablet,(주)동구바이오제약,"DongKoo Bio&Pharma Co., Ltd.",2004-04-02,의약품,297,정상,,말레인산돔페리돈/아세트아미노펜,"라우릴황산나트륨,저치환도히드록시프로필셀룰로오스,미결정셀룰로오스,폴리에칠렌글리콜400,산화티탄,유당,탈크,전분글리콜산나트륨,카르복시메칠셀룰로오스칼슘,스테아린산마그네슘,히드록시프로필메칠셀룰로오스2910,히드록시프로필셀룰로오스",,일반의약품,완제의약품,신고,제조,,,,,,,N,8806573017306,N02CX,,,,Domperidone Maleate/Acetaminophen
201102618,미리콜연질캡슐,Miricol Soft Cap.,(주)알피바이오,RP Bio Inc.,2011-04-26,의약품,5039,정상,,클로르페니라민말레산염/슈도에페드린염산염/덱스트로메토르판브롬화수소산염수화물/구아이페네신/아세트아미노펜,"프로필렌글리콜,황색5호,폴리에틸렌글리콜400,젤라틴,포비돈,소르비톨스페셜글리세린블렌드,정제수,청색1호",,일반의약품,완제의약품,신고,제조,,장방형,,,24.3,9.6,N,"8806616034307,8806616034314",R05X,,201102618,,Chlorpheniramine Maleate/Pseudoephedrine Hydrochloride/Dextromethorphan Hydrobromide Hydrate/Guaifenesin/Acetaminophen
201804147,미카펜정,Micaphen Tablet,에이치엘비제약(주),"HLB Pharmaceutical Co., Ltd.",2018-10-22,의약품,5112,정상,,에페드린염산염/카페인무수물/아세트아미노펜,"미결정셀룰로오스,황색4호,스테아르산마그네슘,전분글리콜산나트륨,히드록시프로필셀룰로오스,청색1호알루미늄레이크",,일반의약품,완제의약품,신고,제조,,원형,,,10.1,10.1,N,"8806473035004,8806473035011",R05X,,201804147,,Ephedrine Hydrochloride/Anhydrous Caffeine/Acetaminophen
200502148,바로콜-에프캡슐,Barocol -F Cap.,미래바이오제약(주),"Mirae Pharmaceutical Co., Ltd",2005-09-22,의약품,302,정상,,아세트아미노펜/d-클로르페니라민말레산염/클로페라스틴염산염/dl-메틸에페드린염산염/구아야콜설폰산칼륨/카페인무수물/티아민질산염/리보플라빈/아스코르브산,"폴리에틸렌글리콜6000,스테아르산마그네슘,탤크,경질무수규산,캡슐",,일반의약품,완제의약품,신고,제조,,장방형,,,19.2,6.4,N,"8806575005103,8806575005110,8806575005127,8806575005134,8806575005141,8806575005158",R05FB02,,200502148,,Acetaminophen/D-Chlorpheniramine Maleate/Cloperastine Hydrochloride/DL-Methylephedrine Hydrochloride/Potassium Guaiacolsulfonate/Anhydrous Caffeine/Thiamine Nitrate/Riboflavin/Ascorbic Acid
199301093,바스칼캡슐,Bascal Cap.,태극제약(주),"TAI GUK PHARM. Co., Ltd.",1993-03-19,의약품,286,정상,,아세트아미노펜/클로르페니라민말레산염/노스카핀/dl-메틸에페드린염산염/카페인무수물/우황/원지가루/육계가루,"유당수화물,스테아르산마그네슘,경질무수규산,탤크,캡슐",,일반의약품,완제의약품,신고,제조,,장방형,,,17.60,6.07,N,"8806448008606,8806448008613,8806448008620,8806448008637",R05X,,199301093,,Acetaminophen/Chlorpheniramine Maleate/Noscapine/DL-Methylephedrine Hydrochloride/Anhydrous Caffeine/Cattle Gallstone/Polygala Root Powder/Cinnamon Bark Powder
202400877,방콜노즈시럽,Bang Cold Nose Syrup,경방신약(주),"KYUNGBANG Pharmaceutical Co.,Ltd",2024-04-17,의약품,5256,정상,,아세트아미노펜/클로르페니라민말레산염/슈도에페드린염산염/구아이페네신/카페인무수물,"프로필렌글리콜,시트르산수화물,벤조산나트륨,애플민트향(514165),D-소르비톨 액,에데트산디나트륨,자일리톨,염화나트륨,수크랄로스,포비돈,효소처리스테비아,잔탄검,시트르산나트륨수화물,적색40호,오렌지엣센스(B-4515),아세설팜칼륨,농글리세린,정제수",,일반의약품,완제의약품,신고,제조,,,,,,,N,"8806613071305,8806613071312,8806613071329",R05X,,,,Acetaminophen/Chlorpheniramine Maleate/Pseudoephedrine Hydrochloride/Guaifenesin/Anhydrous Caffeine
202502215,방콜브이산,Bang Cold V Powder,경방신약(주),"KYUNGBANG Pharmaceutical Co.,Ltd",2025-08-26,의약품,5276,정상,,갈근/마황/육계/작약/감초/대추/건강/아세트아미노펜/아스코르브산/리보플라빈/벤포티아민,"이상 건조엑스로서,레몬향분말,유당수화물,자일리톨,수크랄로스,효소처리스테비아,옥수수전분,히드록시프로필셀룰로오스",,일반의약품,완제의약품,신고,제조,,,,,,,N,"8806613073538,8806613073521,8806613073514,8806613073507",R05X,,,,Pueraria Root/Ephedra Herb/Cinnamon Bark/Peony Root/Licorice/Jujube/Ginger/Acetaminophen/Ascorbic Acid/Riboflavin/Benfotiamine
202401705,방콜코프시럽,Bang Cold Cough Syrup,경방신약(주),"KYUNGBANG Pharmaceutical Co.,Ltd",2024-07-11,의약품,5257,정상,,아세트아미노펜/덱스트로메토르판브롬화수소산염수화물/DL-메틸에페드린염산염/구아이페네신/카페인무수물,"프로필렌글리콜,시트르산수화물,벤조산나트륨,애플민트향(514165),D-소르비톨 액,에데트산디나트륨,자일리톨,염화나트륨,수크랄로스,포비돈,효소처리스테비아,잔탄검,시트르산나트륨수화물,적색40호,오렌지엣센스(B-4515),아세설팜칼륨,농글리세린,정제수",,일반의약품,완제의약품,신고,제조,,,,,,,N,"8806613071404,8806613071411,8806613071428",R05X,,,,Acetaminophen/Dextromethorphan Hydrobromide Hydrate/DL-Methylephedrine Hydrochloride/Guaifenesin/Anhydrous Caffeine
202401707,방콜콜드시럽,Bang Cold Cold Syrup,경방신약(주),"KYUNGBANG Pharmaceutical Co.,Ltd",2024-07-11,의약품,5258,정상,,아세트아미노펜/클로르페니라민말레산염/덱스트로메토르판브롬화수소산염수화물/DL-메틸에페드린염산염/구아이페네신/카페인무수물,"프로필렌글리콜,시트르산수화물,벤조산나트륨,애플민트향(514165),D-소르비톨 액,에데트산디나트륨,자일리톨,염화나트륨,수크랄로스,포비돈,효소처리스테비아,잔탄검,시트르산나트륨수화물,적색40호,오렌지엣센스(B-4515),아세설팜칼륨,농글리세린,정제수",,일반의약품,완제의약품,신고,제조,,,,,,,N,"8806613071503,8806613071510,8806613071527",R05X,,,,Acetaminophen/Chlorpheniramine Maleate/Dextromethorphan Hydrobromide Hydrate/DL-Methylephedrine Hydrochloride/Guaifenesin/Anhydrous Caffeine
200811701,버퍼린레이디정,Bufferin Lady Tab.,(주)제뉴파마,GENUPharma Inc.,2008-12-18,의약품,5162,취하,2023-12-14,이부프로펜/아세트아미노펜/알릴이소프로필아세틸요소/카페인무수물,"저치환도히드록시프로필셀룰로오스,유당수화물,오파드라이 81W48956(흰색),스테아르산마그네슘,폴리비닐알코올(부분검화물),히드록시프로필셀룰로오스",,일반의약품,완제의약품,신고,제조,,,,,,,N,"8806400048701,8806980031209,8806400048718,8806980031216",N02BE51,,200811701,일본,Ibuprofen/Acetaminophen/Allylisopropylacetylurea/Anhydrous Caffeine
202002521,베아셋서방정,BEARCET SR TAB.,대웅바이오(주),Daewoong Bio Inc.,2020-04-09,의약품,5264,정상,,아세트아미노펜/트라마돌염산염,"저치환도히드록시프로필셀룰로오스,크로스포비돈,히프로멜로오스,콜로이드성이산화규소,포비돈,스테아르산마그네슘,오파드라이Ⅱ노란색(85F420033)",,전문의약품,완제의약품,허가,제조,,장방형,,,19.2,8.7,N,"8806940029406,8806940029413,8806940029420",N02AJ13,,,,Acetaminophen/Tramadol Hydrochloride
202002520,베아셋세미서방정,BEARCET SEMI SR TAB.,대웅바이오(주),Daewoong Bio Inc.,2020-04-09,의약품,5263,정상,,아세트아미노펜/트라마돌염산염,"저치환도히드록시프로필셀룰로오스,크로스포비돈,히프로멜로오스,콜로이드성이산화규소,포비돈,스테아르산마그네슘,오파드라이Ⅱ노란색(85F420033)",,전문의약품,완제의약품,허가,제조,,원형,,,10.0,10.0,N,"8806940029307,8806940029314,8806940029321",N02AJ13,,,,Acetaminophen/Tramadol Hydrochloride
201501581,베아셋세미정,BEARCET SEMI TAB.,대웅바이오(주),Daewoong Bio Inc.,2015-03-25,의약품,5064,정상,,트라마돌염산염/아세트아미노펜,"저치환도히드록시프로필셀룰로오스,미결정셀룰로오스,포비돈,스테아르산마그네슘,오파드라이Ⅱ노란색(85F12347),카르복시메틸셀룰로오스칼슘",,전문의약품,완제의약품,허가,제조,,장방형,,,12.04,5.04,N,"8806940008302,8806940008319,8806940008326",N02AJ13,201501581,,,Tramadol Hydrochloride/Acetaminophen
201301696,베아셋정,BEARCET TAB.,대웅바이오(주),Daewoong Bio Inc.,2013-01-22,의약품,5031,정상,,트라마돌염산염/아세트아미노펜,"오파드라이 85F12347,저치환도히드록시프로필셀룰로오스,미결정셀룰로오스,포비돈,스테아르산마그네슘,카르복시메틸셀룰로오스칼슘",,전문의약품,완제의약품,허가,제조,,타원형,,,15.5,6.3,N,"8806940005004,8806940005011,8806940005028",N02AJ13,201301696,,,Tramadol Hydrochloride/Acetaminophen
200906210,베아코프정(수출용),BEACOF TAB,대웅바이오(주),Daewoong Bio Inc.,2009-08-07,의약품,207,정상,,아세트아미노펜/브롬페니라민말레산염/수도에페드린염산염,"미결정셀룰로오스,히프로멜로오스,폴리에틸렌글리콜6000,트리아세틴,유당수화물,산화티탄,크로스카멜로오스나트륨,포비돈,스테아르산마그네슘,히드록시프로필셀룰로오스,식약청인정타르색소",,일반의약품,완제의약품,신고,제조,,,,,,,N,8806940000603,R05X,,,,Acetaminophen/Brompheniramine Maleate/Pseudoephedrine Hydrochloride
200804559,베아트라세미정(수출용),Beartra Semi Tab.,(주)대웅제약,Daewoong Pharmaceuticals,2008-04-23,의약품,585,취하,2023-12-06,아세트아미노펜/트라마돌염산염,"저치환도히드록시프로필셀룰로오스,크로스포비돈,탈크,포비돈,스테아르산마그네슘,경질무수규산,오파드라이 II 노란색(85F12347)",,전문의약품,완제의약품,신고,제조,,,,,,,N,"8806416028209,8806416028216,8806416028223,8806416028230",N02AJ13,,,,Acetaminophen/Tramadol Hydrochloride
200804558,"베아트라정(아세트아미노펜,트라마돌)(수출용)",Beartra Tab.,(주)대웅제약,Daewoong Pharmaceuticals,2008-04-23,의약품,584,정상,,아세트아미노펜/트라마돌염산염,"저치환도히드록시프로필셀룰로오스,크로스포비돈,탈크,포비돈,스테아르산마그네슘,경질무수규산,오파드라이 II 노란색(85F12347)",,전문의약품,완제의약품,신고,제조,,,,,,,N,"8806416028100,8806416028117,8806416028124,8806416028131,8806416028148",N02AJ13,,,,Acetaminophen/Tramadol Hydrochloride
199702793,베이비콜콜시럽(수출용),baby colcol syrup,조아제약(주),"Cho-a pharm.co.,ltd",1997-07-14,의약품,20,정상,,아세트아미노펜/클로르페니라민말레산염/dl-메틸에페드린염산염/구아이페네신/덱스트로메토르판브롬화수소산염수화물/카페인무수물/티아민질산염/리보플라빈/감초엑스/길경유동엑스,"베타덱스,메틸파라벤,시트르산,백당,프로필파라벤,에탄올(95),에데트산나트륨수화물,스트로베리엣센스 비-5016,정제수",,일반의약품,완제의약품,신고,제조,,,,,,,N,"8806446004105,8806446004112,8806446004129",R05X,,,,Acetaminophen/Chlorpheniramine Maleate/DL-Methylephedrine Hydrochloride/Guaifenesin/Dextromethorphan Hydrobromide Hydrate/Anhydrous Caffeine/Thiamine Nitrate/Riboflavin/Glycyrrhiza Extract/Platycodon Root Fluid Extract
202105719,벤포노즈연질캡슐,Ban4 Nose Soft capsule,코스맥스파마(주),"COSMAX PHARMA CO., LTD.",2021-08-03,의약품,5208,취하,2024-09-11,아세트아미노펜/브롬페니라민말레산염/슈도에페드린염산염/리보플라빈/벤포티아민,"프로필렌글리콜,적색3호,콩기름,레시틴,토코페롤아세테이트,황색5호,황색4호,젤라틴,산화티탄,폴리에틸렌글리콜600,포비돈,황납,경질지방,정제수,소르비톨 소르비탄액",,일반의약품,완제의약품,신고,제조,,,,,,,N,,,,,,Acetaminophen/Brompheniramine Maleate/Pseudoephedrine Hydrochloride/Riboflavin/Benfotiamine
202200524,벤포듀오펜연질캡슐,Benfoduophen Soft Cap.,(주)알피바이오,RP Bio Inc.,2022-02-03,의약품,5284,취하,2026-01-06,아세트아미노펜/벤포티아민,"콩기름,레시틴,젤라틴,산화티탄,소르비톨 액(비결정성),야자경화유,황납,농글리세린,치자적색소",,일반의약품,완제의약품,신고,제조,,,,,,,N,,,,,,Acetaminophen/Benfotiamine
202105718,벤포코프연질캡슐,Ban4 Cough Soft capsule,코스맥스파마(주),"COSMAX PHARMA CO., LTD.",2021-08-03,의약품,5207,취하,2024-09-11,아세트아미노펜/구아이페네신/클로르페니라민말레산염/덱스트로메토르판브롬화수소산염수화물/리보플라빈/벤포티아민,"프로필렌글리콜,콩기름,레시틴,토코페롤아세테이트,황색4호,젤라틴,산화티탄,폴리에틸렌글리콜600,포비돈,황납,경질지방,정제수,소르비톨 소르비탄액,청색1호",,일반의약품,완제의약품,신고,제조,,,,,,,N,,,,,,Acetaminophen/Guaifenesin/Chlorpheniramine Maleate/Dextromethorphan Hydrobromide Hydrate/Riboflavin/Benfotiamine
202105942,벤포콜드연질캡슐,Ban4 Cold Soft capsule,코스맥스파마(주),"COSMAX PHARMA CO., LTD.",2021-08-13,의약품,5212,취하,2024-09-11,아세트아미노펜/구아이페네신/슈도에페드린염산염/클로르페니라민말레산염/dl-메틸에페드린염산염/덱스트로메토르판브롬화수소산염수화물/리보플라빈/벤포티아민,"프로필렌글리콜,콩기름,레시틴,토코페롤아세테이트,젤라틴,산화티탄,폴리에틸렌글리콜600,포비돈,황납,경질지방,적색40호,정제수,소르비톨 소르비탄액",,일반의약품,완제의약품,신고,제조,,,,,,,N,,,,,,Acetaminophen/Guaifenesin/Pseudoephedrine Hydrochloride/Chlorpheniramine Maleate/DL-Methylephedrine Hydrochloride/Dextromethorphan Hydrobromide Hydrate/Riboflavin/Benfotiamine
201206768,보감탕노즈액,Bogamtang nose Sol.,경남제약(주),"Kyung Nam Pharm. Co., Ltd.",2012-09-13,의약품,5021,정상,,작약/감초/마황/반하/육계/세신/건강/오미자/아세트아미노펜/클로르페니라민말레산염,"시트르산수화물,벤조산나트륨,이성화당55%,L-멘톨,정제수",,일반의약품,완제의약품,신고,제조,,,,,,,N,"8806476031300,8806476031317,8806476031324",N02BG,201206768,201206768,,Peony Root/Licorice/Ephedra Herb/Pinellia Tuber/Cinnamon Bark/Asiasarum Root and Rhizome/Ginger/Schisandra Fruit/Acetaminophen/Chlorpheniramine Maleate
201206767,보감탕액,Bogamtang Sol.,경남제약(주),"Kyung Nam Pharm. Co., Ltd.",2012-09-13,의약품,5020,정상,,작약/감초/마황/갈근/육계/대추/건강/아세트아미노펜,"시트르산수화물,벤조산나트륨,이성화당55%,L-멘톨,정제수",,일반의약품,완제의약품,신고,제조,,,,,,,N,"8806476031225,8806476031201,8806476031218",N02BG,201206767,201206767,,Peony Root/Licorice/Ephedra Herb/Pueraria Root/Cinnamon Bark/Jujube/Ginger/Acetaminophen
201206766,보감탕코프액,Bogamtang Cough Sol.,경남제약(주),"Kyung Nam Pharm. Co., Ltd.",2012-09-13,의약품,5019,정상,,감초/갱미/대추/맥문동/반하/인삼/아세트아미노펜/티페피딘히벤즈산염,"시트르산수화물,벤조산나트륨,이성화당55%,L-멘톨,정제수",,일반의약품,완제의약품,신고,제조,,,,,,,N,"8806476031126,8806476031102,8806476031119",R05X,201206766,201206766,,Licorice/Oryzae Semen/Jujube/Liriope Tuber/Pinellia Tuber/Ginseng/Acetaminophen/Tipepidine Hibenzate
202600267,보란아세트아미노펜주,BoranAcetaminophen Inj.,보란파마,Boran Pharma,2026-01-29,의약품,10,정상,,아세트아미노펜,"인산일수소나트륨무수물,수산화나트륨,L-시스테인염산염일수화물,염산,주사용수,D-만니톨",,전문의약품,완제의약품,허가,제조,,,,,,,N,"8800519001008,8800519001015,8800519001114,8800519001107",,202600267,,,Acetaminophen
199102142,복합써스펜좌약,Suspen Complex Suppositories,한미약품(주),"Hanmi Pharm. Co.,Ltd.",1991-10-21,의약품,327,정상,,아세트아미노펜/DL-메티오닌,"메글루민,폴리에틸렌글리콜 4000",,일반의약품,완제의약품,신고,제조,,,,,,,N,"8806435011404,8806435011411,8806435011428,8806435011435,8806435011442",N02BE51,,199102142,,Acetaminophen/DL-Methionine
202501146,본갈근탕플러스액,Bon Galgeuntang Plus Solution,익수제약(주),"IKSU Pharmaceutical Co., Ltd.",2025-05-12,의약품,726,정상,,작약/육계/감초/갈근/마황/대추/건강/아세트아미노펜,"시트르산수화물,벤조산나트륨,이성화당55%,L-멘톨,정제수",,일반의약품,완제의약품,신고,제조,,,,,,,N,"8806585025603,8806585025610",R05X,,,,Peony Root/Cinnamon Bark/Licorice/Pueraria Root/Ephedra Herb/Jujube/Ginger/Acetaminophen
200901257,부스코판플러스정,Buscopan Plus Tablet,오펠라헬스케어코리아(주),Opella Healthcare Korea,2009-02-13,의약품,2,정상,,부틸스코폴라민브롬화물/아세트아미노펜,"에틸셀룰로오스,미결정셀룰로오즈,무수콜로이달실리카,히프로멜로오스,폴리아크릴산분산액30%,산화티탄,시메티콘,스테아르산마그네슘,탈크,마크로골6000,옥수수전분,카멜로오스나트륨",,일반의약품,완제의약품,신고,수입,,타원형,,,18.1,8.8,N,"8800742000205,8806520010404,8806535009608,8800742000212,8806520010411,8806535009615,8800742000229,8806520010428,8806535009622",A03DB04,,200901257,"프랑스,베트남",Scopolamine Butylbromide/Acetaminophen
201504861,브레노즈연질캡슐,Brenose Soft Capsules,동방에프티엘(주),"Dongbang Future Tech & Life Co., Ltd.",2015-07-15,의약품,306,정상,,클로르페니라민말레산염/슈도에페드린염산염/아세트아미노펜,"프로필렌글리콜,폴리에틸렌글리콜400,젤라틴,포비돈,적색40호,부분탈수유동소르비톨,정제수,농글리세린,청색1호",,일반의약품,완제의약품,신고,제조,,타원형,,,23.5,8.5,N,"8806805006009,8806805006016",R05X,,201504861,,Chlorpheniramine Maleate/Pseudoephedrine Hydrochloride/Acetaminophen
201307452,브렌콜에프연질캡슐,Brencol F Soft Capsule,한솔신약(주),hansolpharm,2013-05-24,의약품,5013,정상,,아세트아미노펜/수도에페드린염산염/클로르페니라민말레산염,"프로필렌글리콜,황색5호,폴리에틸렌글리콜400,젤라틴,포비돈,소르비톨스페셜글리세린블렌드,정제수",,일반의약품,완제의약품,신고,제조,,타원형,,,22,8,N,"8806458035500,8806458035517",R05X,,201307452,,Acetaminophen/Pseudoephedrine Hydrochloride/Chlorpheniramine Maleate
202300796,브이코에이치캡슐,V Nose H Cap.,메딕스제약(주),"Medix Pharm. CO.,LTD",2023-03-08,의약품,220,정상,,아세트아미노펜/슈도에페드린염산염/클로르페니라민말레산염,"미결정셀룰로오스,스테아르산마그네슘,경질무수규산,전분글리콜산나트륨,캡슐",,일반의약품,완제의약품,신고,제조,,장방형,,,19.1,6.4,N,"8806258013906,8806258013913",R05X,,202300796,,Acetaminophen/Pseudoephedrine Hydrochloride/Chlorpheniramine Maleate
202201275,브이코엔연질캡슐,V co N Soft capsule,코스맥스파마(주),"COSMAX PHARMA CO., LTD.",2022-03-31,의약품,5220,취하,2024-09-11,아세트아미노펜/슈도에페드린염산염/클로르페니라민말레산염,"프로필렌글리콜,심황색소,폴리에틸렌글리콜400,젤라틴,포비돈,소르비톨소르비탄 액,정제수",,일반의약품,완제의약품,신고,제조,,,,,,,N,,,,,,Acetaminophen/Pseudoephedrine Hydrochloride/Chlorpheniramine Maleate
202402956,브이코프시럽,V Cough Syrup,대원제약(주),"Daewon Pharmaceutical Co., Ltd.",2024-12-13,의약품,5283,정상,,아세트아미노펜/펜톡시베린시트르산염/구아이페네신/카페인무수물,"프로필렌글리콜,벤조산나트륨,포비돈 K30,D-소르비톨 액,자일리톨,염화나트륨,시트르산,수크랄로스,에탄올(95),에데트산나트륨수화물,잔탄검,스테비온100에스,시트르산나트륨수화물,적색40호,레몬에센스,아세설팜칼륨,농글리세린,애플민트향514165,정제수",,일반의약품,완제의약품,신고,제조,,,,,,,N,,,,,,Acetaminophen/Pentoxyverine Citrate/Guaifenesin/Anhydrous Caffeine
202403109,브이콜드시럽,V Cold Syrup,대원제약(주),"Daewon Pharmaceutical Co., Ltd.",2024-12-31,의약품,5285,정상,,아세트아미노펜/클로르페니라민말레산염/펜톡시베린시트르산염/구아이페네신/카페인무수물,"프로필렌글리콜,벤조산나트륨,D-소르비톨 액,조합향료(바닐라향 V-25AI),자일리톨,염화나트륨,시트르산,수크랄로스,포비돈,에탄올(95),에데트산나트륨수화물,잔탄검,스테비온100에스,시트르산나트륨수화물,적색40호,레몬에센스,아세설팜칼륨,농글리세린,정제수",,일반의약품,완제의약품,신고,제조,,,,,,,N,,,,,,Acetaminophen/Chlorpheniramine Maleate/Pentoxyverine Citrate/Guaifenesin/Anhydrous Caffeine
202402974,브이콜드케이시럽,V Cold K Syrup,대원제약(주),"Daewon Pharmaceutical Co., Ltd.",2024-12-16,의약품,5284,정상,,아세트아미노펜/클로르페니라민말레산염/펜톡시베린시트르산염/구아이페네신,"프로필렌글리콜,시트르산수화물,벤조산나트륨,딸기향(3104145),D-소르비톨 액,자일리톨,염화나트륨,수크랄로스,에데트산나트륨수화물,잔탄검,시트르산나트륨수화물,석류향(SH-09-0788),농글리세린,아세설팜칼륨,정제수",,일반의약품,완제의약품,신고,제조,,,,,,,N,,,,,,Acetaminophen/Chlorpheniramine Maleate/Pentoxyverine Citrate/Guaifenesin
202300907,브이콜에이치캡슐,V Flu H Cap.,메딕스제약(주),"Medix Pharm. CO.,LTD",2023-03-14,의약품,221,정상,,아세트아미노펜/클로르페니라민말레산염/구아이페네신/덱스트로메토르판브롬화수소산염수화물/DL-메틸에페드린염산염/슈도에페드린염산염,"미결정셀룰로오스,스테아르산마그네슘,경질무수규산,전분글리콜산나트륨,캡슐",,일반의약품,완제의약품,신고,제조,,장방형,,,19.1,6.4,N,"8806258014002,8806258014019",R05X,,202300907,,Acetaminophen/Chlorpheniramine Maleate/Guaifenesin/Dextromethorphan Hydrobromide Hydrate/DL-Methylephedrine Hydrochloride/Pseudoephedrine Hydrochloride
202201614,브이콜엔연질캡슐,V COL N Soft capsule,코스맥스파마(주),"COSMAX PHARMA CO., LTD.",2022-04-19,의약품,5221,취하,2024-09-11,아세트아미노펜/구아이페네신/슈도에페드린염산염/덱스트로메토르판브롬화수소산염수화물/클로르페니라민말레산염/DL-메틸에페드린염산염,"프로필렌글리콜,치자청색소,폴리에틸렌글리콜400,젤라틴,포비돈,소르비톨소르비탄 액,정제수",,일반의약품,완제의약품,신고,제조,,,,,,,N,"8800551026700,8800551026717",R05X,,,,Acetaminophen/Guaifenesin/Pseudoephedrine Hydrochloride/Dextromethorphan Hydrobromide Hydrate/Chlorpheniramine Maleate/DL-Methylephedrine Hydrochloride
201402164,비감수액,,경진제약(주),"Kyungjin Pharm.Co.,Ltd.",2014-05-09,의약품,5010,정상,,작약/감초/마황/반하/육계/세신/건강/오미자/아세트아미노펜/클로르페니라민말레산염,"시트르산수화물,벤조산나트륨,고과당55,에탄올(95),시트르산나트륨수화물,L-멘톨,정제수",,일반의약품,완제의약품,신고,제조,,,,,,,N,"8806604021203,8806604021210",N02BG,,201402164,,Peony Root/Licorice/Ephedra Herb/Pinellia Tuber/Cinnamon Bark/Asiasarum Root and Rhizome/Ginger/Schisandra Fruit/Acetaminophen/Chlorpheniramine Maleate
201401768,비비코에스연질캡슐,Bibico S Soft Cap.,(주)알피바이오,RP Bio Inc.,2014-04-11,의약품,5127,정상,,아세트아미노펜/슈도에페드린염산염/d-클로르페니라민말레산염/dl-메틸에페드린염산염,"프로필렌글리콜,치자청색소,폴리에틸렌글리콜400,젤라틴,포비돈,소르비톨스페셜글리세린블렌드,정제수",,일반의약품,완제의약품,신고,제조,,타원형,,,19.9,8.9,N,"8806616043309,8806616043316",R05X,,201401768,,Acetaminophen/Pseudoephedrine Hydrochloride/D-Chlorpheniramine Maleate/DL-Methylephedrine Hydrochloride
201905420,비엘셋세미정,Bielset Semi Tab.,하이플생명과학(주),"Highfly Life Science Co., Ltd.",2019-07-31,의약품,5055,정상,,아세트아미노펜/트라마돌염산염,"오파드라이흰색(03B28796),황색산화철,스테아르산마그네슘,전호화전분,분말셀룰로오스,옥수수전분,전분글리콜산나트륨,적색산화철",,전문의약품,완제의약품,허가,제조,,장방형,,,12.0,5.1,N,"8806641028302,8806641028319,8806641028326",N02AJ13,,,,Acetaminophen/Tramadol Hydrochloride
201905419,비엘셋정,Bielset Tab.,하이플생명과학(주),"Highfly Life Science Co., Ltd.",2019-07-31,의약품,5054,정상,,아세트아미노펜/트라마돌염산염,"오파드라이흰색(03B28796),황색산화철,스테아르산마그네슘,전호화전분,분말셀룰로오스,옥수수전분,전분글리콜산나트륨,적색산화철",,전문의약품,완제의약품,허가,제조,,장방형,,,15.5,6.4,N,"8806641028203,8806641028210,8806641028227",N02AJ13,201905419,,,Acetaminophen/Tramadol Hydrochloride
202107098,비엘아스트라셋정,BL Astracet Tab.,성이바이오제약주식회사,"SUNGYI BIO CO., LTD.",2021-10-25,의약품,34,정상,,아세트아미노펜/트라마돌염산염,"미결정셀룰로오스,오파드라이QX노란색(321A620000) ,스테아르산마그네슘,전분글리콜산나트륨,히드록시프로필셀룰로오스",,전문의약품,완제의약품,허가,제조,,,,,,,N,"8800724003507,8800724003514,8800724003521",N02AJ13,,,,Acetaminophen/Tramadol Hydrochloride
202301087,비콜연질캡슐,B-col Soft Cap.,코스맥스파마(주),"COSMAX PHARMA CO., LTD.",2023-03-30,의약품,5241,정상,,아세트아미노펜/구아이페네신/슈도에페드린염산염/덱스트로메토르판브롬화수소산염수화물/클로르페니라민말레산염/dl-메틸에페드린염산염,"프로필렌글리콜,폴리에틸렌글리콜400,젤라틴,포비돈,적색40호,정제수,소르비톨 소르비탄액,청색1호",,일반의약품,완제의약품,신고,제조,,,,,,,N,,,,,,Acetaminophen/Guaifenesin/Pseudoephedrine Hydrochloride/Dextromethorphan Hydrobromide Hydrate/Chlorpheniramine Maleate/DL-Methylephedrine Hydrochloride
202500975,비타미노펜스트롱연질캡슐,Vitaminophen Strong Soft Cap.,(주)알피바이오,RP Bio Inc.,2025-04-23,의약품,5320,정상,,아세트아미노펜/리보플라빈부티레이트,"콩기름,레시틴,락색소,젤라틴,홍화황색소,산화티탄,소르비톨 액(비결정성),야자경화유,황납,농글리세린",,일반의약품,완제의약품,신고,제조,,타원형,,,18.0,7.7,N,"8806616058600,8806616058617",N02BE51,,,,Acetaminophen/Riboflavin Butyrate
202106496,비타미노펜연질캡슐,Vitaminophen Soft Cap.,(주)알피바이오,RP Bio Inc.,2021-09-10,의약품,5272,정상,,아세트아미노펜/티아민질산염,"콩기름,레시틴,락색소,젤라틴,홍화황색소,산화티탄,소르비톨 액(비결정성),야자경화유,황납,농글리세린",,일반의약품,완제의약품,신고,제조,,타원형,,,16.8,10.1,N,"8806616055203,8806616055210",N02BE51,,202106496,,Acetaminophen/Thiamine Nitrate
202503178,비타콜연질캡슐,Vitacol Soft Cap.,(주)알피바이오,RP Bio Inc.,2025-12-05,의약품,5327,정상,,아세트아미노펜/클로르페니라민말레산염/덱스트로메토르판브롬화수소산염수화물/구아이페네신/노스카핀염산염수화물/리보플라빈부티레이트/푸르설티아민염산염,"프로필렌글리콜,폴리에틸렌글리콜400,젤라틴,포비돈,소르비톨스페셜글리세린블렌드,정제수",,일반의약품,완제의약품,신고,제조,,,,,,,N,"8806616060009,8806616060016",,,,,Acetaminophen/Chlorpheniramine Maleate/Dextromethorphan Hydrobromide Hydrate/Guaifenesin/Noscapine Hydrochloride Hydrate/Riboflavin Butyrate/Fursultiamine Hydrochloride
200104079,뿌레콜에프캡슐,,경방신약(주),"KYUNGBANG Pharmaceutical Co.,Ltd",2001-01-05,의약품,157,정상,,아세트아미노펜/슈도에페드린염산염/덱스트로메토르판브롬화수소산염수화물/클로르페니라민말레산염/갈근탕 건조엑스(10→1),"옥수수전분,캡슐",,일반의약품,완제의약품,신고,제조,,장방형,,,19.1,6.63,N,"8806613025209,8806613025216,8806613025223,8806613025230,8806613025247",R05X,,200104079,,Acetaminophen/Pseudoephedrine Hydrochloride/Dextromethorphan Hydrobromide Hydrate/Chlorpheniramine Maleate/Galgeuntang Dried Extract (10→1)
201404234,사리돈에스정,Saridon-S Tablet,바이엘코리아(주),Bayer korea,2014-09-16,의약품,100,유효기간만료,2024-09-16,아세트아미노펜/카페인무수물,"크로스카르멜로오스나트륨,미결정셀룰로오스,히프로멜로오스,콜로이드성이산화규소,스테아르산마그네슘,옥수수전분,정제수",,일반의약품,완제의약품,신고,수입,,,,,,,N,"8806411058904,8806411058911,8806411058928",N02BE51,,201404234,인도네시아,Acetaminophen/Anhydrous Caffeine
200610627,사리돈에이정,Saridon-A Tab.,바이엘코리아(주),Bayer korea,2006-08-04,의약품,27,정상,,아세트아미노펜/이소프로필안티피린/카페인무수물,"포름알데히드-카제인,미결정셀룰로오스,히프로멜로오스 2910,스테아르산마그네슘,콜로이드성이산화규소,탤크,옥수수전분",,일반의약품,완제의약품,신고,수입,,원형,,,13.2,13.2,N,"8806411001108,8806411001115,8806411001122",N02BE51,,200610627,인도네시아,Acetaminophen/Isopropylantipyrine/Anhydrous Caffeine
200706341,산크만정,Sankman Tab.,(주)휴온스생명과학,HuonsLifeSciences,2007-06-01,의약품,276,취하,2023-07-25,아세트아미노펜/클로르족사존,"황색5호,미결정셀룰로오스,히프로멜로오스,황색4호,폴리에틸렌글리콜6000,산화티탄,스테아르산마그네슘,탤크,전분글리콜산나트륨,히드록시프로필셀룰로오스",,일반의약품,완제의약품,신고,제조,,,,,,,N,"8800527007900,8806735002003,8806891023904,8800527007917,8806735002010,8806891023911,8806891023928",M03BB53,,200706341,,Acetaminophen/Chlorzoxazone
199401030,삼남아세트아미노펜정,Samnam Acetaminophen Tab.,삼남제약(주),"SAMNAM PHARMACEUTICAL CO., LTD",1994-05-24,의약품,85,정상,,아세트아미노펜,"스테아르산,미결정셀룰로오스,카르복시메틸셀룰로오스칼슘",,일반의약품,완제의약품,신고,제조,,원형,,,11.0,11.0,N,"8806537005103,8806537005110,8806537005127",N02BE01,,199401030,,Acetaminophen
199601312,삼남아세트아미노펜정500밀리그람,Samnam Acetaminophen Tab. 500mg,삼남제약(주),"SAMNAM PHARMACEUTICAL CO., LTD",1996-01-19,의약품,18,정상,,아세트아미노펜,"스테아르산,미결정셀룰로오스,카르복시메틸셀룰로오스칼슘",,일반의약품,완제의약품,신고,제조,,장방형,,,15.2,8.3,N,"8806537005202,8806537005219,8806537005226,8806537005233",N02BE01,,199601312,,Acetaminophen
199502585,삼익아세트아미노펜정500밀리그람,Samik Acetaminophen Tab. 500mg,삼익제약(주),"Samik Pharmaceutical Co., Ltd.",1995-02-06,의약품,5010,정상,,아세트아미노펜,"크로스카르멜로오스나트륨,폴리에틸렌글리콜6000,스테아르산마그네슘,카르복시메틸셀룰로오스칼슘,황색203호,전분글리콜산나트륨,히드록시프로필셀룰로오스",,일반의약품,완제의약품,신고,제조,,장방형,,,15.6,8.7,N,"8806440007805,8806440007812,8806440007829,8806440007836,8806440007843,8806440007850,8806440007867,8806440007874,8806440007881",N02BE01,,199502585,,Acetaminophen
200404861,삼펜정(수출용),Samphen  Tab.(For export),(주)킵스바이오파마,"Keeps Biopharma. Co., Ltd.",2004-04-09,의약품,5,정상,,아세트아미노펜/푸르설티아민,"저치환도히드록시프로필셀룰로오스,미결정셀룰로오스,산화티탄,폴리에칠렌글리콜6000,카르나우바납,탈크,전분글리콜산나트륨,스테아린산마그네슘,히드록시프로필셀룰로오스,히드록시프로필메칠셀룰로오스2910,식약청인정타르색소,디아세틸레이티드모노글리세리드",,일반의약품,완제의약품,신고,제조,,,,,,,N,"8806683001202,8806932000505,8806932000529,8806932000536,8806932000543,8806932000512",N02BE51,,,,Acetaminophen/Fursultiamine
200001102,샤이닝정,SHINING Tablets,동화약품(주),"Dongwha Pharm. Co., Ltd.",2000-11-08,의약품,112,정상,,아세트아미노펜/부틸스코폴라민브롬화물,"저치환도히드록시프로필셀룰로오스,히프로멜로오스2910,유당수화물,스테아르산마그네슘,카르나우바납,탤크,옥수수전분,히드록시프로필셀룰로오스",,일반의약품,완제의약품,신고,제조,,타원형,,,18.2,8.8,N,"8806427018503,8806427018510",A03DB04,,200001102,,Acetaminophen/Scopolamine Butylbromide
200503359,성우화학아세트아미노펜(원료),,성우화학(주),"sungwoo chemical co.,ltd",2005-04-26,의약품,77,정상,,아세트아미노펜,,,,원료의약품,신고,제조,,,,,,,N,,,,,중국,Acetaminophen
201908050,세나쿨시럽,,(주)텔콘알에프제약,telconRF pharmaceutical company,2019-11-22,의약품,99,유효기간만료,2024-11-22,아세트아미노펜/클로르페니라민말레산염/덱스트로메토르판브롬화수소산염수화물/DL-메틸에페드린염산염,"벤조산나트륨,시트르산수화물,딸기향(47),프로필렌글리콜,딸기향(3104145),메틸파라벤,D-소르비톨 액,고과당,백당,수크랄로스,시트르산나트륨수화물,아세설팜칼륨,정제수",,일반의약품,완제의약품,신고,제조,,,,,,,N,"8806255011004,8806255011011",R05X,,,,Acetaminophen/Chlorpheniramine Maleate/Dextromethorphan Hydrobromide Hydrate/DL-Methylephedrine Hydrochloride
201700502,세다큐노즈연질캡슐,SEDAQ nose Soft Capsule.,경남제약(주),"Kyung Nam Pharm. Co., Ltd.",2017-01-26,의약품,5059,정상,,아세트아미노펜/슈도에페드린염산염/dl-메틸에페드린염산염/덱스트로메토르판브롬화수소산염수화물/트리프롤리딘염산염수화물,"프로필렌글리콜,심황색소,폴리에틸렌글리콜400,젤라틴,포비돈,정제수,소르비톨 소르비탄액",,일반의약품,완제의약품,신고,제조,,타원형,,,14.93,10.32,N,"8806476034813,8806476034806",R05X,,201700502,,Acetaminophen/Pseudoephedrine Hydrochloride/DL-Methylephedrine Hydrochloride/Dextromethorphan Hydrobromide Hydrate/Triprolidine Hydrochloride Hydrate
202500808,세다큐업노즈연질캡슐,SedaQ-Up Nose Soft Cap.,경남제약(주),"Kyung Nam Pharm. Co., Ltd.",2025-04-04,의약품,5116,정상,,아세트아미노펜/슈도에페드린염산염/DL-메틸에페드린염산염/덱스트로메토르판브롬화수소산염수화물/트리프롤리딘염산염수화물,"프로필렌글리콜,폴리에틸렌글리콜400,젤라틴,홍화황색소,포비돈,소르비톨스페셜글리세린블렌드,정제수",,일반의약품,완제의약품,신고,제조,,타원형,,,16.1,9.5,N,"8806476040500,8806476040517",R05X,,202500808,,Acetaminophen/Pseudoephedrine Hydrochloride/DL-Methylephedrine Hydrochloride/Dextromethorphan Hydrobromide Hydrate/Triprolidine Hydrochloride Hydrate
202500586,세다큐업코프연질캡슐,SedaQ-Up Cough Soft Cap.,경남제약(주),"Kyung Nam Pharm. Co., Ltd.",2025-03-17,의약품,5113,정상,,아세트아미노펜/구아이페네신/덱스트로메토르판브롬화수소산염수화물/노스카핀염산염수화물/트리프롤리딘염산염수화물,"프로필렌글리콜,치자청색소,폴리에틸렌글리콜400,젤라틴,포비돈,소르비톨스페셜글리세린블렌드,정제수",,일반의약품,완제의약품,신고,제조,,타원형,,,16.1,9.5,N,"8806476040210,8806476040203",R05X,,,,Acetaminophen/Guaifenesin/Dextromethorphan Hydrobromide Hydrate/Noscapine Hydrochloride Hydrate/Triprolidine Hydrochloride Hydrate
202500567,세다큐업콜드연질캡슐,SedaQ-Up Cold Soft Cap.,경남제약(주),"Kyung Nam Pharm. Co., Ltd.",2025-03-14,의약품,5112,정상,,아세트아미노펜/구아이페네신/슈도에페드린염산염/DL-메틸에페드린염산염/덱스트로메토르판브롬화수소산염수화물/트리프롤리딘염산염수화물,"프로필렌글리콜,락색소,폴리에틸렌글리콜400,젤라틴,포비돈,소르비톨스페셜글리세린블렌드,정제수",,일반의약품,완제의약품,신고,제조,,타원형,,,16.1,9.5,N,"8806476040104,8806476040111",R05X,,202500567,,Acetaminophen/Guaifenesin/Pseudoephedrine Hydrochloride/DL-Methylephedrine Hydrochloride/Dextromethorphan Hydrobromide Hydrate/Triprolidine Hydrochloride Hydrate
201700500,세다큐코프연질캡슐,SEDAQ cough Soft Capsule.,경남제약(주),"Kyung Nam Pharm. Co., Ltd.",2017-01-26,의약품,5057,정상,,아세트아미노펜/구아이페네신/노스카핀염산염수화물/덱스트로메토르판브롬화수소산염수화물/트리프롤리딘염산염수화물,"프로필렌글리콜,치자청색소,폴리에틸렌글리콜400,젤라틴,포비돈,정제수,소르비톨 소르비탄액",,일반의약품,완제의약품,신고,제조,,타원형,,,14.85,10.28,N,"8806476034714,8806476034707",R05X,,201700500,,Acetaminophen/Guaifenesin/Noscapine Hydrochloride Hydrate/Dextromethorphan Hydrobromide Hydrate/Triprolidine Hydrochloride Hydrate
201700501,세다큐콜드연질캡슐,SEDAQ col Soft Capsule.,경남제약(주),"Kyung Nam Pharm. Co., Ltd.",2017-01-26,의약품,5058,정상,,아세트아미노펜/구아이페네신/슈도에페드린염산염/dl-메틸에페드린염산염/덱스트로메토르판브롬화수소산염수화물/트리프롤리딘염산염수화물,"프로필렌글리콜,폴리에틸렌글리콜400,젤라틴,포비돈,안나토색소,정제수,소르비톨 소르비탄액",,일반의약품,완제의약품,신고,제조,,타원형,,,14.94,10.04,N,"8806476034608,8806476034615",R05X,,201700501,,Acetaminophen/Guaifenesin/Pseudoephedrine Hydrochloride/DL-Methylephedrine Hydrochloride/Dextromethorphan Hydrobromide Hydrate/Triprolidine Hydrochloride Hydrate
199401316,세리콘정(아세트아미노펜),Sericon Tab.(Acetaminophen),오스틴제약(주),"Austin pharm.co.,Ltd",1994-06-21,의약품,24,정상,,아세트아미노펜,"크로스카르멜로오스나트륨,미결정셀룰로오스,포비돈,스테아르산마그네슘,카르복시메틸셀룰로오스칼슘,전분글리콜산나트륨,히드록시프로필셀룰로오스",,일반의약품,완제의약품,신고,제조,,장방형,,,17.5,7,N,"8806543014403,8806543014410,8806543014427,8806543014434,8806543014441",N02BE01,,199401316,,Acetaminophen
199703385,세아트정(아세트아미노펜)(수출용),Ceat Tab.(for export),한국코러스(주),"Hankook Korus Pharm. Co., Ltd",1997-12-23,의약품,108,정상,,아세트아미노펜,"스테아르산 마그네슘,옥수수전분,전분글리콜산나트륨,히드록시프로필셀룰로오스",,일반의약품,완제의약품,신고,제조,,,,,,,N,8806472002908,N02BE01,,,,Acetaminophen
201306379,세타돌세미정,Cetadol Semi Tab.,동성제약(주),"DONGSUNG BIO PHARM. CO., LTD",2013-03-22,의약품,5017,정상,,트라마돌염산염/아세트아미노펜,"미결정셀룰로오스,스테아르산마그네슘,카르나우바납,전호화전분,옥수수전분,전분글리콜산나트륨,오파드라이 노란색(85F12347)",,전문의약품,완제의약품,허가,제조,,장방형,,,12.12,5.1,N,"8806432023806,8806432023813,8806432023820",N02AJ13,,,,Tramadol Hydrochloride/Acetaminophen
200710808,세타돌정,Cetadol Tab.,동성제약(주),"DONGSUNG BIO PHARM. CO., LTD",2007-09-27,의약품,416,정상,,트라마돌염산염/아세트아미노펜,"미결정셀룰로오스,스테아르산마그네슘,카르나우바납,전호화전분,옥수수전분,전분글리콜산나트륨,오파드라이 노란색(85F12347)",,전문의약품,완제의약품,신고,제조,,장방형,,,15.6,6.5,N,"8806432005406,8806432005413,8806432005420,8806432005437",N02AJ13,200710808,,,Tramadol Hydrochloride/Acetaminophen
200804796,세타마돌세미정,Cetamadol Semi Tab.,일동제약(주),"Ildong Pharmaceutical Co., Ltd.",2008-04-28,의약품,536,정상,,트라마돌염산염/아세트아미노펜,"저치환도히드록시프로필셀룰로오스,미결정셀룰로오스,스테아르산마그네슘,카르복시메틸셀룰로오스칼슘,히드록시프로필셀룰로오스,오파드라이 Ⅱ 노란색(85F42086)",,전문의약품,완제의약품,신고,제조,,장방형,,,10.14,5.58,N,"8806429027206,8806429027213,8806429027220,8806429027237",N02AJ13,,,,Tramadol Hydrochloride/Acetaminophen
200804562,세타마돌정,Cetamadol Tab.,일동제약(주),"Ildong Pharmaceutical Co., Ltd.",2008-04-23,의약품,535,정상,,트라마돌염산염/아세트아미노펜,"저치환도히드록시프로필셀룰로오스,미결정셀룰로오스,스테아르산마그네슘,카르복시메틸셀룰로오스칼슘,히드록시프로필셀룰로오스,오파드라이 Ⅱ 노란색(85F42086)",,전문의약품,완제의약품,신고,제조,,장방형,,,13.35,7.31,N,"8806429027107,8806429027114,8806429027121,8806429027138,8806429027145,8806429027152",N02AJ13,,,,Tramadol Hydrochloride/Acetaminophen
201906975,세타펜8시간이알서방정650밀리그램(아세트아미노펜),Cetaphen 8hr ER Tab. 650mg,(주)보령바이오파마,"Boryung Biopharma Co, Ltd.",2019-09-30,의약품,5166,정상,,아세트아미노펜,"탭쉴드흰색 11W001,미결정셀룰로오스,스테아르산마그네슘,포비돈,전호화전분,옥수수전분,전분글리콜산나트륨,히드록시에틸셀룰로오스,히드록시프로필셀룰로오스",,일반의약품,완제의약품,허가,제조,,타원형,,,19.2,7.7,N,"8806705019109,8806705019123,8806705019130,8806705019116",N02BE01,,201906975,,Acetaminophen
200200662,세토펜8시간이알서방정(아세트아미노펜),Setopen 8 hours ER Tab.,삼아제약(주),"SAMA PHARM Co., LTD.",2002-05-31,의약품,83,정상,,아세트아미노펜,"저치환도히드록시프로필셀룰로오스,크로스포비돈,히프로멜로오스,유당수화물,이산화규소,폴리에틸렌글리콜6000,산화티탄,스테아르산마그네슘,콜로이드성이산화규소,탤크,전분글리콜산나트륨,루디프레스,히드록시프로필셀룰로오스",,일반의약품,완제의약품,신고,제조,,장방형,,,19.1,7.7,N,"8806457008505,8806457008512,8806457008529,8806457008536",N02BE01,,200200662,,Acetaminophen
201308957,세토펜건조시럽(아세트아미노펜),Setopen Dry Syrup,삼아제약(주),"SAMA PHARM Co., LTD.",2013-08-22,의약품,5036,정상,,아세트아미노펜,"바닐라향코튼,시트르산,아스파탐,수크랄로스,포비돈,콜로이드성이산화규소,효소처리스테비아,딸기향코튼,D-만니톨,아세설팜칼륨",,일반의약품,완제의약품,허가,제조,,,,,,,N,"8806457026004,8806457026011",N02BE01,,201308957,,Acetaminophen
199300891,세토펜정(아세트아미노펜),Setopen Tab.,삼아제약(주),"SAMA PHARM Co., LTD.",1993-12-21,의약품,3,정상,,아세트아미노펜,"미결정셀룰로오스,아스파탐,암모니오메타크릴레이트공중합체,콜로이드성이산화규소,스테아르산마그네슘,딸기향코튼,D-만니톨,루디프레스,시트르산트리에틸",,일반의약품,완제의약품,신고,제조,,장방형,,,12.14,4.4,N,"8806457008604,8806457008611,8806457008628",N02BE01,,199300891,,Acetaminophen
199600770,세토펜정325밀리그램(아세트아미노펜),Setopen Tab. 325mg,삼아제약(주),"SAMA PHARM Co., LTD.",1996-10-04,의약품,6,정상,,아세트아미노펜,"저치환도히드록시프로필셀룰로오스,스테아르산,유당수화물,아스파탐,암모니오메타크릴레이트공중합체,콜로이드성이산화규소,스테아르산마그네슘,딸기향코튼,히드록시프로필셀룰로오스,시트르산트리에틸",,일반의약품,완제의약품,신고,제조,,원형,,,11.2,11.2,N,"8806457008703,8806457008710,8806457008727",N02BE01,,199600770,,Acetaminophen
199300892,세토펜정80밀리그램(아세트아미노펜),Setopen Tab. 80mg,삼아제약(주),"SAMA PHARM Co., LTD.",1993-12-18,의약품,9,정상,,아세트아미노펜,"저치환도히드록시프로필셀룰로오스,코포비돈,적색40호 알루미늄레이크,아스파탐,스테아르산마그네슘,콜로이드성이산화규소,암모니오메타크릴레이트공중합체,탤크,딸기향코튼,D-만니톨,루디프레스,시트르산트리에틸",,일반의약품,완제의약품,신고,제조,,장방형,,,10.2,5.1,N,"8806457008802,8806457008819,8806457008826",N02BE01,,199300892,,Acetaminophen
199800888,세토펜현탁액(아세트아미노펜),Setopen Suspension,삼아제약(주),"SAMA PHARM Co., LTD.",1998-07-25,의약품,25,정상,,아세트아미노펜,"프로필렌글리콜,벤조산나트륨,시트르산수화물,부틸파라벤,핑크분말디비,미결정셀룰로오스·카르복시메틸셀룰로오스나트륨,수크랄로스,말티톨시럽,에데트산나트륨수화물,잔탄검,효소처리스테비아,체리향,D-소르비톨액,아세설팜칼륨,농글리세린,정제수",,일반의약품,완제의약품,신고,제조,,,,,,,N,"8806457008901,8806457008918",N02BE01,,199800888,,Acetaminophen
201800115,세파콜과립,,(주)아이월드제약,"i-World Pharm Co., Ltd.",2018-01-09,의약품,664,정상,,갈근탕엑스(10→1)/아세트아미노펜/아스코르브산/리보플라빈,"유당수화물,콜로이드성이산화규소,옥수수전분",,일반의약품,완제의약품,신고,제조,,,,,,,N,"8806696049109,8806696049123,8806696049116",R05X,,201800115,,Galgeuntang Extract (10→1)/Acetaminophen/Ascorbic Acid/Riboflavin
201804692,세파콜에프캡슐,,(주)아이월드제약,"i-World Pharm Co., Ltd.",2018-11-27,의약품,692,정상,,갈근탕건조엑스[10→1]/아세트아미노펜/아스코르브산/카페인무수물/클로르페니라민말레산염/클로페라스틴염산염/구아이페네신/리보플라빈,"유당수화물,이산화규소,스테아르산마그네슘,탤크,캡슐",,일반의약품,완제의약품,신고,제조,,장방형,,,19.3,6.4,N,"8806696052017,8806696052000",R05X,,201804692,,Galgeuntang Dried Extract (10→1)/Acetaminophen/Ascorbic Acid/Anhydrous Caffeine/Chlorpheniramine Maleate/Cloperastine Hydrochloride/Guaifenesin/Riboflavin
200000171,센스콜정,,(주)한풍제약,"HANPOONG PHARM. Co., Ltd.",2000-12-21,의약품,67,폐업,2023-09-27,아스코르빈산/아세트아미노펜/리보플라빈/갈근탕엑스(10→1),"유당,옥수수전분",,일반의약품,완제의약품,신고,제조,,,,,,,N,8806581008808,N02B,,,,Ascorbic Acid/Acetaminophen/Riboflavin/Galgeuntang Extract (10→1)
199500536,셀라펜정,Cellafen Tablet,알리코제약(주),"Korea Arlico Pharm Co.,Ltd.",1995-04-20,의약품,475,취하,2023-09-20,클로르족사존/아세트아미노펜,"미결정셀룰로오스,히프로멜로오스,폴리에틸렌글리콜6000,산화티탄,스테아르산마그네슘,탤크,전분글리콜산나트륨,히드록시프로필셀룰로오스",,일반의약품,완제의약품,신고,제조,,,,,,,N,"8806496013300,8806560032909,8806560032916",M03BB53,,199500536,,Chlorzoxazone/Acetaminophen
202000797,소부날에이정,Sobnal A Tab.,진양제약(주),"JINYANG PHARM CO.,LTD.",2020-02-10,의약품,5134,정상,,아세트아미노펜/소브레롤,"오파드라이II흰색(85F18422),크로스포비돈,코포비돈,유당수화물,포비돈,제이인산칼슘,스테아르산마그네슘,카르복시메틸셀룰로오스칼슘",,일반의약품,완제의약품,허가,제조,,타원형,,,15.5,7.6,N,"8806503040206,8806503040213,8806503040220,8806503040237",R05CB10,,202000797,,Acetaminophen/Sobrerol
200101598,소아용게보린-아이츄정(아세트아미노펜제피세립)(수출용),Gewerin- i Chew. Tab. for Children,삼진제약(주),"SAMJIN PHARM.CO.,LTD",2001-10-18,의약품,245,취하,2025-01-17,아세트아미노펜제피세립,"디만니톨,적색40호 알루미늄레이크,아스파탐,에칠셀룰로오스,스테아린산마그네슘,딸기향SJ-B",,일반의약품,완제의약품,신고,제조,,,,,,,N,"8806478013700,8806478013717,8806478013724",N02BE01,,,,Microencapsulated Acetaminophen
202000542,소울트라세미정,Soultra Semi Tab.,주식회사더유제약,"Theu PHARMACEUTICAL Co., Ltd.",2020-02-03,의약품,82,유효기간만료,2025-02-03,트라마돌염산염/아세트아미노펜,"라우릴황산나트륨,오파드라이노란색(85F12347),미결정셀룰로오스,스테아르산마그네슘,옥수수전분,전분글리콜산나트륨",,전문의약품,완제의약품,허가,제조,,,,,,,N,"8800570007506,8800570007513,8800570007520",N02AJ13,202000542,,,Tramadol Hydrochloride/Acetaminophen
202000541,소울트라정,Soultra Tab.,주식회사더유제약,"Theu PHARMACEUTICAL Co., Ltd.",2020-02-03,의약품,81,정상,,트라마돌염산염/아세트아미노펜,"라우릴황산나트륨,오파드라이노란색(85F12347),미결정셀룰로오스,스테아르산마그네슘,옥수수전분,전분글리콜산나트륨",,전문의약품,완제의약품,허가,제조,,장방형,,,15.5,6.4,N,"8800570007407,8800570007414,8800570007421",N02AJ13,202000541,,,Tramadol Hydrochloride/Acetaminophen
200401321,속코정,Sokco Tab.,일양약품(주),"IL-YANG PHARM. CO., LTD.",2004-08-26,의약품,374,정상,,아세트아미노펜/수도에페드린염산염/트리프롤리딘염산염수화물,"저치환도히드록시프로필셀룰로오스,미결정셀룰로오스,히프로멜로오스,폴리에틸렌글리콜6000,산화티탄,스테아르산마그네슘,탤크,전분글리콜산나트륨,히드록시프로필셀룰로오스",,일반의약품,완제의약품,신고,제조,,장방형,,,16.1,8.1,N,"8806417007807,8806417007814,8806417007821",R01BA52,,200401321,,Acetaminophen/Pseudoephedrine Hydrochloride/Triprolidine Hydrochloride Hydrate
200708682,속콜골드뉴캡슐(수출용),Sokcol Gold New Capsule,일양약품(주),"IL-YANG PHARM. CO., LTD.",2007-07-26,의약품,604,취하,2024-05-03,아세트아미노펜/dl-메틸에페드린염산염/덱스트로메토르판브롬화수소산염수화물/클로르페니라민말레산염/구아이페네신/카페인무수물/티아민질산염/리보플라빈/감초건조엑스/제피아스코르브산,"포비돈,스테아르산마그네슘,경질무수규산,탤크,만니톨,경질캡슐",,일반의약품,완제의약품,신고,제조,,,,,,,N,"8806417007906,8806417007913",R05FA,,200708682,,Acetaminophen/DL-Methylephedrine Hydrochloride/Dextromethorphan Hydrobromide Hydrate/Chlorpheniramine Maleate/Guaifenesin/Anhydrous Caffeine/Thiamine Nitrate/Riboflavin/Glycyrrhiza Dried Extract/Ascorbic Acid Coated
202300978,속콜시럽,Sokcol syrup,일양약품(주),"IL-YANG PHARM. CO., LTD.",2023-03-21,의약품,5265,정상,,아세트아미노펜/클로르페니라민말레산염/dl-메틸에페드린염산염/구아이페네신/카페인무수물/티페피딘히벤즈산염,"프로필렌글리콜,시트르산수화물,벤조산나트륨,애플민트향(514165),에데트산디나트륨,자일리톨,염화나트륨,수크랄로스,포비돈,효소처리스테비아,잔탄검,시트르산나트륨수화물,적색40호,D-소르비톨액,오렌지엣센스(B-4515),아세설팜칼륨,농글리세린,정제수",,일반의약품,완제의약품,신고,제조,,,,,,,N,"8806417062509,8806417062516,8806417062523",R05X,,202300978,,Acetaminophen/Chlorpheniramine Maleate/DL-Methylephedrine Hydrochloride/Guaifenesin/Anhydrous Caffeine/Tipepidine Hibenzate
200903727,속콜파워연질캡슐(수출용),Sokcol Power Soft Capsule,일양약품(주),"IL-YANG PHARM. CO., LTD.",2009-05-26,의약품,652,취하,2024-05-03,아세트아미노펜/수도에페드린염산염/클로르페니라민말레산염,"프로필렌글리콜,황색5호,폴리에틸렌글리콜400,솔비톨스페샬글리세린블렌드,젤라틴,포비돈,정제수",,일반의약품,완제의약품,신고,제조,,,,,,,N,"8806417029700,8806417029717",R05X,,,,Acetaminophen/Pseudoephedrine Hydrochloride/Chlorpheniramine Maleate
202103770,속콜펜정,Sokcolpen Tab.,일양약품(주),"IL-YANG PHARM. CO., LTD.",2021-05-11,의약품,5229,정상,,아세트아미노펜/카페인무수물/에텐자미드,"폴리에틸렌글리콜 6000,저치환도히드록시프로필셀룰로오스,히프로멜로오스,유당수화물,크로스카멜로오스나트륨,스테아르산마그네슘,경질무수규산,탤크,황색203호,옥수수전분,전분글리콜산나트륨,히드록시프로필셀룰로오스",,일반의약품,완제의약품,신고,제조,,장방형,,,18.0,9.0,N,"8806417059806,8806417059813",N02BE51,,202103770,,Acetaminophen/Anhydrous Caffeine/Ethenzamide
201103683,속콜플러스연질캡슐,Sokcol Plus Soft Cap.,일양약품(주),"IL-YANG PHARM. CO., LTD.",2011-06-03,의약품,5037,정상,,아세트아미노펜/카페인무수물/구아이페네신/dl-메틸에페드린염산염/클로르페니라민말레산염,"프로필렌글리콜,폴리에틸렌글리콜400,에틸바닐린,젤라틴,산화티탄,포비돈,소르비톨스페셜글리세린블렌드,경질무수규산,적색40호,정제수",,일반의약품,완제의약품,신고,제조,,장방형,,,21.8,7.8,N,"8806417042402,8806417042419",R05X,,201103683,,Acetaminophen/Anhydrous Caffeine/Guaifenesin/DL-Methylephedrine Hydrochloride/Chlorpheniramine Maleate
201705256,솔루샷노즈연질캡슐,Solushot Nose Soft Cap.,현대약품(주),"Hyundai Pharm Co., Ltd.",2017-07-06,의약품,5133,정상,,아세트아미노펜/슈도에페드린염산염/클로르페니라민말레산염,"프로필렌글리콜,폴리에틸렌글리콜400,젤라틴,포비돈,황색203호,정제수,소르비톨 소르비탄액,청색1호",,일반의약품,완제의약품,신고,제조,,타원형,,,20.09,9,N,"8806420041218,8806420041201",R05X,,201705256,,Acetaminophen/Pseudoephedrine Hydrochloride/Chlorpheniramine Maleate
201705257,솔루샷코프연질캡슐,Solushot Cough Soft Cap.,현대약품(주),"Hyundai Pharm Co., Ltd.",2017-07-06,의약품,5134,정상,,아세트아미노펜/구아이페네신/덱스트로메토르판브롬화수소산염수화물/dl-메틸에페드린염산염,"프로필렌글리콜,폴리에틸렌글리콜400,젤라틴,포비돈,적색40호,정제수,소르비톨 소르비탄액,청색1호",,일반의약품,완제의약품,신고,제조,,타원형,,,19.7,8.95,N,"8806420041119,8806420041102",R05X,,201705257,,Acetaminophen/Guaifenesin/Dextromethorphan Hydrobromide Hydrate/DL-Methylephedrine Hydrochloride
201705258,솔루샷쿨연질캡슐,Solushot Cool Soft Cap.,현대약품(주),"Hyundai Pharm Co., Ltd.",2017-07-06,의약품,5135,정상,,아세트아미노펜/구아이페네신/슈도에페드린염산염/덱스트로메토르판브롬화수소산염수화물/클로르페니라민말레산염/dl-메틸에페드린염산염,"프로필렌글리콜,폴리에틸렌글리콜400,젤라틴,포비돈,적색40호,정제수,소르비톨 소르비탄액,청색1호",,일반의약품,완제의약품,신고,제조,,타원형,,,20.08,9.24,N,"8806420041003,8806420041010",R05X,,201705258,,Acetaminophen/Guaifenesin/Pseudoephedrine Hydrochloride/Dextromethorphan Hydrobromide Hydrate/Chlorpheniramine Maleate/DL-Methylephedrine Hydrochloride
201903831,솔루아펜연질캡슐(아세트아미노펜),Soluafen soft Cap. (Acetaminophen),현대약품(주),"Hyundai Pharm Co., Ltd.",2019-06-12,의약품,5160,정상,,아세트아미노펜,"프로필렌글리콜,치자청색소,폴리에틸렌글리콜400,젤라틴,포비돈,소르비톨소르비탄 액,정제수",,일반의약품,완제의약품,신고,제조,,타원형,,,21.9,9.9,N,"8806420043717,8806420043724,8806420043700",N02BE01,,201903831,,Acetaminophen
199703275,수성아세트아미노펜,,에스에스팜(주),"SSPHARM CO.,LTD",1997-07-30,의약품,2019,정상,,아세트아미노펜,,,,원료의약품,신고,제조,,,,,,,N,,,,,,Acetaminophen
201904167,수프리정,,(주)아이월드제약,"i-World Pharm Co., Ltd.",2019-06-14,의약품,707,정상,,아세트아미노펜/카페인무수물/산화마그네슘,"미결정셀룰로오스,히프로멜로오스,유당수화물,폴리에틸렌글리콜6000,산화티탄,스테아르산마그네슘,전분글리콜산나트륨,히드록시프로필셀룰로오스",,일반의약품,완제의약품,신고,제조,,장방형,,,15.2,9.3,N,"8806696053304,8806696053311",N02BE51,,201904167,,Acetaminophen/Anhydrous Caffeine/Magnesium Oxide
202201816,순갈근탕에이액,Soon Galgeuntang A Soln.,(주)알피바이오,RP Bio Inc.,2022-05-03,의약품,5290,정상,,작약/육계/감초/갈근/마황/대추/건강/아세트아미노펜,"시트르산수화물,벤조산나트륨,이성화당55%,L-멘톨,정제수",,일반의약품,완제의약품,신고,제조,,,,,,,N,"8806616056804,8806616056811",R05X,,202201816,,Peony Root/Cinnamon Bark/Licorice/Pueraria Root/Ephedra Herb/Jujube/Ginger/Acetaminophen
201400348,쉐러콜에스연질캡슐,Sharercol S Soft Cap.,(주)알피바이오,RP Bio Inc.,2014-01-27,의약품,5117,정상,,아세트아미노펜/슈도에페드린염산염/클로르페니라민말레산염/dl-메틸에페드린염산염/티페피딘시트르산염,"프로필렌글리콜,락색소,폴리에틸렌글리콜400,젤라틴,포비돈,소르비톨스페셜글리세린블렌드,정제수",,일반의약품,완제의약품,신고,제조,,타원형,,,19.6,9.7,N,"8806616042401,8806616042418",R05X,,201400348,,Acetaminophen/Pseudoephedrine Hydrochloride/Chlorpheniramine Maleate/DL-Methylephedrine Hydrochloride/Tipepidine Citrate
201605000,슈가린정,Sugarin Tab.,알리코제약(주),"Korea Arlico Pharm Co.,Ltd.",2016-08-18,의약품,598,정상,,아세트아미노펜/카페인무수물/에페드린염산염,"크로스카르멜로오스나트륨,미결정셀룰로오스,유당수화물,포비돈,스테아르산마그네슘,탭쉴드파란색(11L1585)",,일반의약품,완제의약품,신고,제조,,타원형,,,12.7,7.1,N,"8806560042809,8806560042816,8806560042823",R05X,,201605000,,Acetaminophen/Anhydrous Caffeine/Ephedrine Hydrochloride
201206327,슈가펜에스정,Sugarfen-S Tablet,알보젠코리아(주),"Alvogen Korea Co., Ltd.",2012-07-31,의약품,5012,정상,,아세트아미노펜/에페드린염산염/카페인무수물,"미결정셀룰로오스,유당수화물,포비돈,스테아르산마그네슘,적색40호,전분글리콜산나트륨",,일반의약품,완제의약품,신고,제조,,타원형,,,13.2,7.1,N,"8806526039508,8806559043008,8806526039522,8806559043015,8806526039515,8806559043022,8806526039539",R05X,,201206327,,Acetaminophen/Ephedrine Hydrochloride/Anhydrous Caffeine
201601700,슈리머정,Sulimer Tab.,(주)휴비스트제약,"Huvist Pharm. Co., Ltd.",2016-03-30,의약품,5083,정상,,에페드린염산염/카페인무수물/아세트아미노펜,"미결정셀룰로오스,황색4호,유당수화물,이산화규소,젤라틴,포비돈,스테아르산마그네슘,전분글리콜산나트륨,히드록시프로필셀룰로오스,청색1호",,일반의약품,완제의약품,신고,제조,,원형,,,10.5,10.5,N,"8806288007609,8806288007616,8806288007623",R05X,,201601700,,Ephedrine Hydrochloride/Anhydrous Caffeine/Acetaminophen
201805241,슈메디펜8시간이알서방정650밀리그램(아세트아미노펜),Sumediphen 8 hours ER Tablet 650mg(Acetaminophen),에스케이케미칼(주),"SK Chemicals Co., Ltd.",2018-12-24,의약품,5118,유효기간만료,2023-12-24,아세트아미노펜,"탭쉴드흰색 11W001,미결정셀룰로오스,스테아르산마그네슘,포비돈,전호화전분,옥수수전분,전분글리콜산나트륨,히드록시에틸셀룰로오스,히드록시프로필셀룰로오스",,일반의약품,완제의약품,허가,제조,,,,,,,N,"8806447046906,8806447046913,8806447046920,8806447046937",N02BE01,,201805241,,Acetaminophen
200500605,슈카민정,Shucamine Tab.,(주)바이넥스,"Binex Co., Ltd.",2005-03-28,의약품,218,정상,,슈도에페드린염산염/카페인무수물/아세트아미노펜,"크로스카르멜로오스나트륨,미결정셀룰로오스,이산화규소,스테아르산마그네슘,전분글리콜산나트륨,히드록시프로필셀룰로오스",,일반의약품,완제의약품,신고,제조,,원형,,,9.52,9.52,N,"8806431013006,8806431013013,8806431013020",R05X,,200500605,,Pseudoephedrine Hydrochloride/Anhydrous Caffeine/Acetaminophen
200805843,슈퍼셋세미정,Supercet Semi Tab.,한국유나이티드제약(주),Korea United Pharm.,2008-05-26,의약품,259,정상,,트라마돌염산염/아세트아미노펜,"미결정셀룰로오스,콜로이드성이산화규소,스테아르산마그네슘,전분글리콜산나트륨,히드록시프로필셀룰로오스,오파드라이 Ⅱ 노란색(85F42086)",,전문의약품,완제의약품,신고,제조,,장방형,,,12,5.1,N,"8806443061408,8806443061415,8806443061422,8806443061439,8806443061446,8806443061453",N02AJ13,,,,Tramadol Hydrochloride/Acetaminophen
200710130,슈퍼셋정,Supercet Tab.,한국유나이티드제약(주),Korea United Pharm.,2007-09-05,의약품,998,정상,,아세트아미노펜/트라마돌염산염,"미결정셀룰로오스,콜로이드성이산화규소,스테아르산마그네슘,전분글리콜산나트륨,히드록시프로필셀룰로오스,오파드라이II노란색(85F42086)",,전문의약품,완제의약품,신고,제조,,장방형,,,16.5,6.2,N,"8806443060104,8806443060111,8806443060128,8806443060135,8806443060142,8806443060159,8806443060166",N02AJ13,,,베트남,Acetaminophen/Tramadol Hydrochloride
201908406,슈페젠정,Suphezen Tablet,(주)휴온스메디텍,"Huons Meditech Co., Ltd.",2019-12-13,의약품,173,정상,,아세트아미노펜/에페드린염산염/카페인무수물/클로르페니라민말레산염,"저치환도히드록시프로필셀룰로오스,미결정셀룰로오스,포비돈,콜로이드성이산화규소,스테아르산마그네슘,황색203호(퀴놀린옐로우WS),전분글리콜산나트륨,적색40호(알루라레드AC)",,일반의약품,완제의약품,신고,제조,,타원형,,,15.1,6.1,N,"8806704022407,8806704022414",R05X,,201908406,,Acetaminophen/Ephedrine Hydrochloride/Anhydrous Caffeine/Chlorpheniramine Maleate
201900996,"슈프라펜서방정(트라마돌, 아세트아미노펜)",Supraphen SR Tab.,안국약품(주),Ahngook Pharm,2019-02-19,의약품,5309,정상,,아세트아미노펜/트라마돌염산염,"저치환도히드록시프로필셀룰로오스,크로스포비돈,히프로멜로오스,콜로이드성이산화규소,포비돈,스테아르산마그네슘,오파드라이II노란색(85F420033)",,전문의약품,완제의약품,허가,제조,,장방형,,,19.2,8.6,N,"8806502061608,8806698053401,8806698053418,8806502061622,8806698053425,8806502061615",N02AJ13,,,,Acetaminophen/Tramadol Hydrochloride
201900995,"슈프라펜세미서방정(트라마돌, 아세트아미노펜)",Supraphen Semi SR Tab.,안국약품(주),Ahngook Pharm,2019-02-19,의약품,5310,정상,,아세트아미노펜/트라마돌염산염,"저치환도히드록시프로필셀룰로오스,크로스포비돈,히프로멜로오스,콜로이드성이산화규소,포비돈,스테아르산마그네슘,오파드라이II노란색(85F420033)",,전문의약품,완제의약품,허가,제조,,원형,,,9.9,9.9,N,"8806502061509,8806698053302,8806502061516,8806698053319,8806502061523,8806698053326",N02AJ13,,,,Acetaminophen/Tramadol Hydrochloride
200804810,슈프라펜정,Supraphen Tab.,안국약품(주),Ahngook Pharm,2008-04-28,의약품,505,정상,,아세트아미노펜/트라마돌염산염,"저치환도히드록시프로필셀룰로오스,포비돈,스테아르산마그네슘,콜로이드성이산화규소,오파드라이 II 노란색(85F12347),분말셀룰로오스",,전문의약품,완제의약품,신고,제조,,장방형,,,15.35,6.5,N,"8806502027000,8806502027017,8806502027024,8806502027031",N02AJ13,200804810,,,Acetaminophen/Tramadol Hydrochloride
200000164,스윗쿨정,,(주)한풍제약,"HANPOONG PHARM. Co., Ltd.",2000-05-13,의약품,45,폐업,2023-09-27,아세트아미노펜/갈근탕엑스(10→1),"유당,옥수수전분",,일반의약품,완제의약품,신고,제조,,,,,,,N,8806581009409,N02B,,,,Acetaminophen/Galgeuntang Extract (10→1)
200102653,스카이정,Sky Tablet,(주)한국파비스제약,"Pharvis Korea co., Ltd.",2001-03-19,의약품,78,정상,,부틸스코폴라민브롬화물/아세트아미노펜,"저치환도히드록시프로필셀룰로오스,미결정셀룰로오스,히프로멜로오스,유당수화물,폴리에틸렌글리콜6000,산화티탄,포비돈,스테아르산마그네슘,카르복시메틸셀룰로오스칼슘,경질무수규산,탤크,히드록시프로필셀룰로오스,청색1호알루미늄레이크",,일반의약품,완제의약품,신고,제조,,타원형,,,15.21,8.26,N,"8806218002308,8806836006405,8806218002315,8806836006412,8806218002322",A03DB04,,200102653,,Scopolamine Butylbromide/Acetaminophen
200804939,"스타리셋정(아세트아미노펜,트라마돌염산염)",Staricet Tab.,태극제약(주),"TAI GUK PHARM. Co., Ltd.",2008-04-30,의약품,364,정상,,아세트아미노펜/트라마돌염산염,"오파드라이 85F12347,저치환도히드록시프로필셀룰로오스,미결정셀룰로오스,스테아르산마그네슘,전분글리콜산나트륨,히드록시프로필셀룰로오스",,전문의약품,완제의약품,신고,제조,,장방형,,,15.5,6.44,N,"8806448033608,8806448033615,8806448033622,8806448033639",N02AJ13,200804939,,,Acetaminophen/Tramadol Hydrochloride
201903286,스트롱셋세미정,Strongcet Semi Tab.,삼성제약(주),"SAMSUNG PHARM.Co.,Ltd.",2019-05-21,의약품,2157,정상,,트라마돌염산염/아세트아미노펜,"라우릴황산나트륨,오파드라이노란색(85F12347),미결정셀룰로오스,스테아르산마그네슘,옥수수전분,전분글리콜산나트륨",,전문의약품,완제의약품,허가,제조,,장방형,,,11.8,4.8,N,"8806423077917,8806423077900,8806423077924",N02AJ13,201903286,,,Tramadol Hydrochloride/Acetaminophen
200804943,스트롱셋정,Strongcet Tab.,삼성제약(주),"SAMSUNG PHARM.Co.,Ltd.",2008-04-30,의약품,775,정상,,아세트아미노펜/트라마돌염산염,"미결정셀룰로오스,오파드라이QX노란색(321A620000) ,스테아르산마그네슘,전분글리콜산나트륨,히드록시프로필셀룰로오스",,전문의약품,완제의약품,신고,제조,,장방형,,,15.6,6.5,N,"8806423044506,8806423044513,8806423044520,8806423044537,8806423044544",N02AJ13,,,,Acetaminophen/Tramadol Hydrochloride
202303159,스파맥에스정,Spamac S Tab.,일양약품(주),"IL-YANG PHARM. CO., LTD.",2023-11-16,의약품,5274,정상,,아세트아미노펜/카페인무수물/푸르설티아민,"미결정셀룰로오스,히프로멜로오스,황색4호,유당수화물,폴리에틸렌글리콜6000,산화티탄,크로스카멜로오스나트륨,스테아르산마그네슘,탤크,히드록시프로필셀룰로오스",,일반의약품,완제의약품,신고,제조,,타원형,,,14.1,8.2,N,"8806417063001,8806417063018",R05X,,202303159,,Acetaminophen/Anhydrous Caffeine/Fursultiamine
199101135,스파맥정,Spamac Tab.,일양약품(주),"IL-YANG PHARM. CO., LTD.",1991-08-01,의약품,256,정상,,아세트아미노펜/푸르설티아민,"미결정셀룰로오스,스테아르산마그네슘,인산수소칼슘수화물,황색203호,전분글리콜산나트륨,황색5호알루미늄레이크,히드록시프로필셀룰로오스",,일반의약품,완제의약품,신고,제조,,장방형,,,16,8,N,"8806417008408,8806417008415",N02BE51,,199101135,,Acetaminophen/Fursultiamine
202302867,스파치올액,Spachiol Solution,경진제약(주),"Kyungjin Pharm.Co.,Ltd.",2023-10-06,의약품,5118,정상,,감초/건강/육계/마황/반하/세신/오미자/작약/아세트아미노펜/클로르페니라민말레산염,"벤조산나트륨,시트르산수화물,아스파탐,시트르산나트륨수화물,카르복시메틸셀룰로오스나트륨,정제수",,일반의약품,완제의약품,신고,제조,,,,,,,N,,,,,,Licorice/Ginger/Cinnamon Bark/Ephedra Herb/Pinellia Tuber/Asiasarum Root and Rhizome/Schisandra Fruit/Peony Root/Acetaminophen/Chlorpheniramine Maleate
199901195,스펜탈정(수출용),Spental Tablet,일양약품(주),"IL-YANG PHARM. CO., LTD.",1999-07-06,의약품,89,취하,2024-05-03,아세트아미노펜/리보플라빈/알릴이소프로필아세틸요소/제피아스코르브산/티아민질산염/메타규산알루민산마그네슘 (건조물로서),"저치환도히드록시프로필셀룰로오스,크로스포비돈,글리세릴베헤네이트,스테아르산마그네슘,에데트산나트륨수화물,경질무수규산,황색203호,황색5호알루미늄레이크,히드록시프로필셀룰로오스",,일반의약품,완제의약품,신고,제조,,,,,,,N,"8806417008705,8806417008712",N02BE51,,,,Acetaminophen/Riboflavin/Allylisopropylacetylurea/Ascorbic Acid Coated/Thiamine Nitrate/Magnesium Aluminometasilicate
202502194,스피다정,Speeda Tab.,명인제약(주),"MYUNG IN PHARM.CO.,LTD.",2025-08-25,의약품,5181,정상,,아세트아미노펜/아스피린/카페인무수물,"스테아르산,전호화전분,무수유당,폴리비닐알코올,탤크",,일반의약품,완제의약품,신고,제조,,,,,,,N,"8806519054433,8806519054426,8806519054419,8806519054402",N02BE51,,,,Acetaminophen/Aspirin/Anhydrous Caffeine
201907215,스피드싹연질캡슐(아세트아미노펜),Speedssak Soft Cap.,제일헬스사이언스(주),Jeil Health Science Inc.,2019-10-14,의약품,66,유효기간만료,2024-10-14,아세트아미노펜,"프로필렌글리콜,폴리에틸렌글리콜400,젤라틴,포비돈,안나토색소,정제수,소르비톨 소르비탄액",,일반의약품,완제의약품,신고,제조,,,,,,,N,"8800543007700,8800543007717",N02BE01,,201907215,,Acetaminophen
201104267,스피콜드연질캡슐,Speecold Soft Cap.,(주)알피바이오,RP Bio Inc.,2011-07-05,의약품,5046,정상,,아세트아미노펜/클로르페니라민말레산염/dl-메틸에페드린염산염/슈도에페드린염산염/덱스트로메토르판브롬화수소산염수화물/구아이페네신,"프로필렌글리콜,락색소,폴리에틸렌글리콜400,젤라틴,포비돈,소르비톨스페셜글리세린블렌드,정제수",,일반의약품,완제의약품,신고,제조,,장방형,,,19.8,9.6,N,"8806616035304,8806616035311",R05X,,201104267,,Acetaminophen/Chlorpheniramine Maleate/DL-Methylephedrine Hydrochloride/Pseudoephedrine Hydrochloride/Dextromethorphan Hydrobromide Hydrate/Guaifenesin
201800701,슬라드린정,Sladrine Tablet,동국제약(주),"Dongkook Pharmaceutical Co.,Ltd.",2018-02-05,의약품,471,정상,,에페드린염산염/카페인무수물/아세트아미노펜,"미결정셀룰로오스,황색4호,유당수화물,이산화규소,젤라틴,포비돈,스테아르산마그네슘,전분글리콜산나트륨,히드록시프로필셀룰로오스,청색1호",,일반의약품,완제의약품,신고,제조,,원형,,,10.5,10.5,N,"8806534039910,8806534039903",R05X,,201800701,,Ephedrine Hydrochloride/Anhydrous Caffeine/Acetaminophen
201206916,슬렌페드씨정,Slenped C Tab.,안국약품(주),Ahngook Pharm,2012-09-24,의약품,5033,정상,,아세트아미노펜/에페드린염산염/카페인무수물/아스코르브산97%과립,"미결정셀룰로오스,히프로멜로오스,폴리에틸렌글리콜6000,포비돈,스테아르산마그네슘,오파드라이Ⅱ노란색(85F12380),경질무수규산,카르복시메틸셀룰로오스칼슘,탤크,히드록시프로필셀룰로오스",,일반의약품,완제의약품,신고,제조,,타원형,,,15.5,8.5,N,"8806502039201,8806502039218,8806502039225",R05X,,201206916,,Acetaminophen/Ephedrine Hydrochloride/Anhydrous Caffeine/Ascorbic Acid Granules 97%
202001535,슬림제이정,Slim J Tab.,한국신텍스제약(주),KOREA SYNTEX PHARMACEUTICAL,2020-03-05,의약품,902,정상,,에페드린염산염/카페인무수물/아세트아미노펜,"적색3호,미결정셀룰로오스,유당수화물,이산화규소,젤라틴,포비돈,스테아르산마그네슘,전분글리콜산나트륨,히드록시프로필셀룰로오스",,일반의약품,완제의약품,신고,제조,,원형,,,11,11,N,"8806230066500,8806230066517,8806230066524,8806230066531,8806230066548",R05X,,202001535,,Ephedrine Hydrochloride/Anhydrous Caffeine/Acetaminophen
201309439,시너젯세미정,Synerjet Semi Tab.,삼진제약(주),"SAMJIN PHARM.CO.,LTD",2013-09-26,의약품,5042,정상,,트라마돌염산염/아세트아미노펜,"저치환도히드록시프로필셀룰로오스,미결정셀룰로오스,포비돈,스테아르산마그네슘,카르복시메틸셀룰로오스칼슘,오파드라이 II 노란색(85F12347)",,전문의약품,완제의약품,허가,제조,,장방형,,,12.04,5.04,N,"8806478038604,8806478038611,8806478038628,8806478038635",N02AJ13,201309439,,,Tramadol Hydrochloride/Acetaminophen
201306118,시너젯이알서방정,Synerjet ER Tab.,삼진제약(주),"SAMJIN PHARM.CO.,LTD",2013-03-08,의약품,5032,정상,,트라마돌염산염/아세트아미노펜,"저치환도히드록시프로필셀룰로오스,스테아르산,황색4호,히프로멜로오스,오파드라이QX노란색(321A620000) ,포비돈,콜로이드성이산화규소,스테아르산마그네슘,히드록시프로필셀룰로오스",,전문의약품,완제의약품,허가,제조,,장방형,,,19.07,8.07,N,"8806478037300,8806478037317,8806478037324",N02AJ13,,,,Tramadol Hydrochloride/Acetaminophen
201307929,시너젯이알세미서방정,Synerjet ER Semi Tab.,삼진제약(주),"SAMJIN PHARM.CO.,LTD",2013-06-28,의약품,5035,정상,,트라마돌염산염/아세트아미노펜,"저치환도히드록시프로필셀룰로오스,스테아르산,황색4호,히프로멜로오스,오파드라이QX노란색(321A620000) ,포비돈,콜로이드성이산화규소,스테아르산마그네슘,히드록시프로필셀룰로오스",,전문의약품,완제의약품,허가,제조,,원형,,,10.7,10.7,N,"8806478038109,8806478038123,8806478038116",N02AJ13,201307929,,,Tramadol Hydrochloride/Acetaminophen
200804771,시너젯정,Synerjet Tab.,삼진제약(주),"SAMJIN PHARM.CO.,LTD",2008-04-28,의약품,370,정상,,트라마돌염산염/아세트아미노펜,"저치환도히드록시프로필셀룰로오스,미결정셀룰로오스,오파드라이85F12347,포비돈,스테아르산마그네슘,카르복시메틸셀룰로오스칼슘",,전문의약품,완제의약품,신고,제조,,장방형,,,15.5,6.36,N,"8806478028803,8806478028810,8806478028827,8806478028834,8806478028841",N02AJ13,200804771,,,Tramadol Hydrochloride/Acetaminophen
202401420,시노플루콜드연질캡슐,Sinoflu Cold Cap.,현대약품(주),"Hyundai Pharm Co., Ltd.",2024-06-10,의약품,5238,정상,,아세트아미노펜/구아이페네신/슈도에페드린염산염/dl-메틸에페드린염산염/덱스트로메토르판브롬화수소산염수화물/트리프롤리딘염산염수화물,"프로필렌글리콜,폴리에틸렌글리콜400,젤라틴,포비돈,안나토색소,정제수,소르비톨 소르비탄액",,일반의약품,완제의약품,신고,제조,,타원형,,,14.6,9.6,N,"8806420052511,8806420052504",R05X,,202401420,,Acetaminophen/Guaifenesin/Pseudoephedrine Hydrochloride/DL-Methylephedrine Hydrochloride/Dextromethorphan Hydrobromide Hydrate/Triprolidine Hydrochloride Hydrate
200103964,시노피드플러스정,Sinopid Plus Tab.,대화제약(주),"Daehwa Pharmaceutical Co., Ltd.",2001-04-20,의약품,154,유효기간만료,2024-01-01,아세트아미노펜/슈도에페드린염산염/클로르페니라민말레산염,"히프로멜로오스,유당수화물,폴리에틸렌글리콜6000,산화티탄,스테아르산마그네슘,탤크,전분글리콜산나트륨,히드록시프로필셀룰로오스",,일반의약품,완제의약품,신고,제조,,,,,,,N,"8806456011803,8806456011810,8806456011827,8806456011834",R05X,,200103964,,Acetaminophen/Pseudoephedrine Hydrochloride/Chlorpheniramine Maleate
200500651,시원정(수출용),Siwon Tab.,(주)마더스제약,MOTHER'S PHARMACEUTICAL.,2005-11-02,의약품,171,정상,,말레인산클로로페니라민/염산슈도에페드린/아세트아미노펜,"산화티탄,유당,탈크,폴리에칠렌글리콜6000,경질무수규산,카르복시메칠셀룰로오스칼슘,스테아린산마그네슘,청색1호,히드록시프로필메칠셀룰로오스2910,히드록시프로필셀룰로오스",,일반의약품,완제의약품,신고,제조,,,,,,,N,"8806228007102,8806552005003,8806552005010,8806552005027",R05X,,,,Chlorpheniramine Maleate/Pseudoephedrine Hydrochloride/Acetaminophen
201402033,신감수액,,경진제약(주),"Kyungjin Pharm.Co.,Ltd.",2014-04-28,의약품,5009,정상,,작약/감초/마황/갈근/육계/대추/건강/아세트아미노펜,"시트르산수화물,벤조산나트륨,고과당55,에탄올(95),시트르산나트륨수화물,L-멘톨,정제수",,일반의약품,완제의약품,신고,제조,,,,,,,N,"8806604021302,8806604021319",N02BG,,201402033,,Peony Root/Licorice/Ephedra Herb/Pueraria Root/Cinnamon Bark/Jujube/Ginger/Acetaminophen
202105771,신비아시럽(아세트아미노펜),Sinbia Syrup,맥널티제약(주),"McNulty Pharma, Co., LTD.",2021-08-06,의약품,512,정상,,아세트아미노펜,"벤조산나트륨,시트르산수화물,프로필렌글리콜,딸기향(3104145),D-소르비톨 액,수크랄로스,백당,미결정셀룰로오스·카르복시메틸셀룰로오스나트륨,에데트산나트륨수화물,잔탄검,농글리세린,조합향료(체리후레바(6009)),정제수",,일반의약품,완제의약품,신고,제조,,,,,,,N,"8806415027319,8806415027326,8806415027302,8806415031514,8806415031507",N02BE01,,202105771,,Acetaminophen
201307922,신신아렉스정,Sinsin Arex Tab.,신신제약(주),"SINSIN Pharmaceutical Co., Ltd.",2013-06-28,의약품,3083,유효기간만료,2023-06-28,아세트아미노펜/클로르족사존,"미결정셀룰로오스,콜로이드성이산화규소,스테아르산마그네슘,전호화전분,전분글리콜산나트륨",,일반의약품,완제의약품,신고,제조,,,,,,,N,"8806438021707,8806438021714,8806438021721",M03BB53,,201307922,,Acetaminophen/Chlorzoxazone
201802791,신코에프연질캡슐,Shin-Cough F Soft Cap.,구주제약(주),"GUJU Pharm Co., Ltd.",2018-07-03,의약품,5099,정상,,아세트아미노펜/슈도에페드린염산염/클로르페니라민말레산염,"프로필렌글리콜,폴리에틸렌글리콜400,젤라틴,포비돈,황색203호,정제수,소르비톨 소르비탄액,청색1호",,일반의약품,완제의약품,신고,제조,,타원형,,,19.9,9.1,N,"8806698050400,8806698050417",R05X,,201802791,,Acetaminophen/Pseudoephedrine Hydrochloride/Chlorpheniramine Maleate
201803067,신코프에프연질캡슐,Shin-Cough F Soft Cap.,구주제약(주),"GUJU Pharm Co., Ltd.",2018-07-24,의약품,5104,정상,,아세트아미노펜/구아이페네신/덱스트로메토르판브롬화수소산염수화물/dl-메틸에페드린염산염,"프로필렌글리콜,폴리에틸렌글리콜400,젤라틴,포비돈,적색40호,정제수,소르비톨 소르비탄액,청색1호",,일반의약품,완제의약품,신고,제조,,타원형,,,19.8,9.2,N,"8806698050905,8806698050912",R05X,,201803067,,Acetaminophen/Guaifenesin/Dextromethorphan Hydrobromide Hydrate/DL-Methylephedrine Hydrochloride
201803065,신콜에프연질캡슐,Sincol F Soft Cap.,구주제약(주),"GUJU Pharm Co., Ltd.",2018-07-24,의약품,5103,정상,,아세트아미노펜/구아이페네신/슈도에페드린염산염/덱스트로메토르판브롬화수소산염수화물/클로르페니라민말레산염/dl-메틸에페드린염산염,"프로필렌글리콜,폴리에틸렌글리콜400,젤라틴,포비돈,적색40호,정제수,소르비톨 소르비탄액,청색1호",,일반의약품,완제의약품,신고,제조,,타원형,,,19.9,9.5,N,"8806698050806,8806698050813",R05X,,201803065,,Acetaminophen/Guaifenesin/Pseudoephedrine Hydrochloride/Dextromethorphan Hydrobromide Hydrate/Chlorpheniramine Maleate/DL-Methylephedrine Hydrochloride
198900083,신풍아세트아미노펜,,신풍제약(주),"SHIN POONG PHARM. CO., LTD",2007-02-27,의약품,2001,정상,,아세트아미노펜,,,,원료의약품,허가,제조,,,,,,,N,,,,,,Acetaminophen
202400384,신풍아세트아미노펜주,Shinpoong Acetaminophen Injection,신풍제약(주),"SHIN POONG PHARM. CO., LTD",2024-02-22,의약품,5217,정상,,아세트아미노펜,"수산화나트륨,인산일수소나트륨이수화물,염산,주사용수,시스테인염산염수화물,만니톨",,전문의약품,완제의약품,허가,제조,,,,,,,N,"8806485081518,8806485081501",N02BE01,202400384,,,Acetaminophen
201103151,신한방화콜캡슐,New Hanbang Col Cap.,제이더블유중외제약(주),JW Pharmaceutical,2011-05-13,의약품,5024,정상,,소청룡탕건조엑스/아세트아미노펜/티페피딘히벤즈산염/클로르페니라민말레산염/카페인무수물,"콜로이달실리콘디옥사이드,유당수화물,스테아르산마그네슘,옥수수전분,캡슐",,일반의약품,완제의약품,신고,제조,,장방형,,,21.43,7.1,N,"8806449133406,8806449133413,8806449133420",R05X,,201103151,,Socheongryongtang Dried Extract/Acetaminophen/Tipepidine Hibenzate/Chlorpheniramine Maleate/Anhydrous Caffeine
202202836,싹코프정,Sakcoff Tablet,한솔신약(주),hansolpharm,2022-07-08,의약품,5050,정상,,아세트아미노펜/dl-메틸에페드린염산염/슈도에페드린염산염/카페인무수물/구아이페네신/덱스트로메토르판브롬화수소산염,"미결정셀룰로오스,유당수화물,탭쉴드주황색(11O347),스테아르산마그네슘,전분글리콜산나트륨,히드록시프로필셀룰로오스",,일반의약품,완제의약품,신고,제조,,,,,,,N,"8806458042614,8806458042607",R05X,,,,Acetaminophen/DL-Methylephedrine Hydrochloride/Pseudoephedrine Hydrochloride/Anhydrous Caffeine/Guaifenesin/Dextromethorphan Hydrobromide
202202837,싹콜드정,Sakcold Tablet,한솔신약(주),hansolpharm,2022-07-08,의약품,5051,정상,,아세트아미노펜/카페인무수물/클로르페니라민말레산염/dl-메틸에페드린염산염/구아이페네신/덱스트로메토르판브롬화수소산염,"미결정셀룰로오스,유당수화물,스테아르산마그네슘,전분글리콜산나트륨,히드록시프로필셀룰로오스,탭쉴드노란색 (11Y429)",,일반의약품,완제의약품,신고,제조,,,,,,,N,"8806458042713,8806458042706",R05X,,,,Acetaminophen/Anhydrous Caffeine/Chlorpheniramine Maleate/DL-Methylephedrine Hydrochloride/Guaifenesin/Dextromethorphan Hydrobromide
201406034,싹펜정,Ssakphen Tab.,경남제약(주),"Kyung Nam Pharm. Co., Ltd.",2014-12-23,의약품,5040,유효기간만료,2024-12-23,아세트아미노펜/DL-메티오닌,"크로스카르멜로오스나트륨,미결정셀룰로오스,오파드라이 흰색(85F18422),스테아르산마그네슘,경질무수규산,히드록시프로필셀룰로오스",,일반의약품,완제의약품,신고,제조,,,,,,,N,"8806476033113,8806476033106",N02BE51,,201406034,,Acetaminophen/DL-Methionine
201907773,쌍비원에프액,,(주)아이월드제약,"i-World Pharm Co., Ltd.",2019-11-06,의약품,715,정상,,작약/육계/감초/갈근/마황/대추/건강/아세트아미노펜,"시트르산수화물,벤조산나트륨,고과당55,에탄올(95),시트르산나트륨수화물,L-멘톨,정제수",,일반의약품,완제의약품,신고,제조,,,,,,,N,"8806696054202,8806696054219,8806696054226",R05X,,201907773,,Peony Root/Cinnamon Bark/Licorice/Pueraria Root/Ephedra Herb/Jujube/Ginger/Acetaminophen
201202817,쌍패원노즈액,Ssangpaewon Nose Solution,정우신약(주),"Jung Woo Pharm Co.,Ltd.",2012-04-12,의약품,5023,정상,,감초/건강/육계/마황/반하/세신/오미자/작약/아세트아미노펜/클로르페니라민말레산염,"시트르산수화물,벤조산나트륨,이성화당55%,에탄올(95),시트르산나트륨수화물,L-멘톨,정제수",,일반의약품,완제의약품,신고,제조,,,,,,,N,"8806942032800,8806942032817,8806942032824",N02BG,,201202817,,Licorice/Ginger/Cinnamon Bark/Ephedra Herb/Pinellia Tuber/Asiasarum Root and Rhizome/Schisandra Fruit/Peony Root/Acetaminophen/Chlorpheniramine Maleate
201900992,쌍패원에스액,Ssangpaone S Solution,정우신약(주),"Jung Woo Pharm Co.,Ltd.",2019-02-19,의약품,5202,정상,,작약/육계/감초/갈근/마황/대추/건강/아세트아미노펜,"시트르산수화물,벤조산나트륨,고과당55,에탄올(95),시트르산나트륨수화물,L-멘톨,정제수",,일반의약품,완제의약품,신고,제조,,,,,,,N,"8800524009808,8806942059302,8800524009815,8806942059319,8800524009822,8806942059326",R05X,,201900992,,Peony Root/Cinnamon Bark/Licorice/Pueraria Root/Ephedra Herb/Jujube/Ginger/Acetaminophen
201202816,쌍패원코프액,Ssangpaewon Cough Solution,정우신약(주),"Jung Woo Pharm Co.,Ltd.",2012-04-12,의약품,5022,정상,,감초/갱미/대추/맥문동/반하/인삼/아세트아미노펜/티페피딘히벤즈산염,"시트르산수화물,벤조산나트륨,이성화당55%,에탄올(95),L-멘톨,정제수",,일반의약품,완제의약품,신고,제조,,,,,,,N,"8806942032701,8806942032718,8806942032725",R05X,,201202816,,Licorice/Oryzae Semen/Jujube/Liriope Tuber/Pinellia Tuber/Ginseng/Acetaminophen/Tipepidine Hibenzate
202104921,쌩코에스연질캡슐,Saengco S Soft Cap.,(주)에이프로젠바이오로직스,Aprogen Biologics Inc.,2021-06-29,의약품,5293,정상,,아세트아미노펜/슈도에페드린염산염/클로르페니라민말레산염,"프로필렌글리콜,적색3호,황색5호,폴리에틸렌글리콜400,부틸히드록시톨루엔,젤라틴,포비돈,소르비톨소르비탄 액,정제수",,일반의약품,완제의약품,신고,제조,,타원형,,,24.8,9.2,N,"8806452105704,8806452105711",R05X,,202104921,,Acetaminophen/Pseudoephedrine Hydrochloride/Chlorpheniramine Maleate
202301489,쌩코에이연질캡슐,Saengco A Soft Cap.,(주)에이프로젠바이오로직스,Aprogen Biologics Inc.,2023-05-09,의약품,5317,정상,,아세트아미노펜/슈도에페드린염산염/클로르페니라민말레산염,"프로필렌글리콜,부분탈수액상소르비톨,황색5호,폴리에틸렌글리콜400,부틸히드록시톨루엔,젤라틴,포비돈,적색40호,정제수,농글리세린",,일반의약품,완제의약품,신고,제조,,타원형,,,24.8,9.3,N,"8806452107609,8806452107616",R05X,,202301489,,Acetaminophen/Pseudoephedrine Hydrochloride/Chlorpheniramine Maleate
201309055,쌩코연질캡슐,Ssang KO Soft Cap.,(주)에이프로젠바이오로직스,Aprogen Biologics Inc.,2013-08-29,의약품,5048,유효기간만료,2023-08-29,아세트아미노펜/슈도에페드린염산염/클로르페니라민말레산염,"프로필렌글리콜,적색3호,황색5호,폴리에틸렌글리콜400,부틸히드록시톨루엔,소르비톨소르비탄용액,젤라틴,포비돈,정제수",,일반의약품,완제의약품,신고,제조,,,,,,,N,"8806452038903,8806452038910",R05X,,201309055,,Acetaminophen/Pseudoephedrine Hydrochloride/Chlorpheniramine Maleate
202104905,쌩코프에스연질캡슐,Saeng Cough S Soft Cap.,(주)에이프로젠바이오로직스,Aprogen Biologics Inc.,2021-06-28,의약품,5292,정상,,아세트아미노펜/구아이페네신/dl-메틸에페드린염산염/클로페라스틴염산염/클로르페니라민말레산염,"프로필렌글리콜,황색5호,폴리에틸렌글리콜400,부틸히드록시톨루엔,젤라틴,포비돈,소르비톨소르비탄 액,정제수,청색1호",,일반의약품,완제의약품,신고,제조,,타원형,,,24.4,8.3,N,"8806452105605,8806452105612",R05X,,202104905,,Acetaminophen/Guaifenesin/DL-Methylephedrine Hydrochloride/Cloperastine Hydrochloride/Chlorpheniramine Maleate
202301490,쌩코프에이연질캡슐,Saeng cough A Soft Cap.,(주)에이프로젠바이오로직스,Aprogen Biologics Inc.,2023-05-09,의약품,5318,정상,,아세트아미노펜/구아이페네신/DL-메틸에페드린염산염/클로르페니라민말레산염,"프로필렌글리콜,부분탈수액상소르비톨,황색5호,청색1호(브릴리안트블루FCF),폴리에틸렌글리콜400,부틸히드록시톨루엔,젤라틴,포비돈,정제수,농글리세린",,일반의약품,완제의약품,신고,제조,,타원형,,,25.2,8.8,N,"8806452107708,8806452107715",R05X,,202301490,,Acetaminophen/Guaifenesin/DL-Methylephedrine Hydrochloride/Chlorpheniramine Maleate
201309056,쌩코프연질캡슐,Ssang Cough Soft Cap.,(주)에이프로젠바이오로직스,Aprogen Biologics Inc.,2013-08-29,의약품,5049,유효기간만료,2023-08-29,클로르페니라민말레산염/dl-메틸에페드린염산염/아세트아미노펜/클로페라스틴염산염/구아이페네신,"프로필렌글리콜,황색5호,폴리에틸렌글리콜400,부틸히드록시톨루엔,소르비톨소르비탄용액,젤라틴,포비돈,정제수,청색1호",,일반의약품,완제의약품,신고,제조,,,,,,,N,"8806452039009,8806452039016",R05X,,201309056,,Chlorpheniramine Maleate/DL-Methylephedrine Hydrochloride/Acetaminophen/Cloperastine Hydrochloride/Guaifenesin
202104856,쌩콜에스연질캡슐,Saengcol S Soft Cap.,(주)에이프로젠바이오로직스,Aprogen Biologics Inc.,2021-06-24,의약품,5291,정상,,아세트아미노펜/구아이페네신/슈도에페드린염산염/클로페라스틴염산염/클로르페니라민말레산염,"프로필렌글리콜,폴리에틸렌글리콜400,부틸히드록시톨루엔,젤라틴,포비돈,소르비톨소르비탄 액,적색40호,정제수,청색1호",,일반의약품,완제의약품,신고,제조,,타원형,,,24.9,9.1,N,"8806452105506,8806452105513",R05X,,202104856,,Acetaminophen/Guaifenesin/Pseudoephedrine Hydrochloride/Cloperastine Hydrochloride/Chlorpheniramine Maleate
202301491,쌩콜에이연질캡슐,Saengcol A Soft Cap.,(주)에이프로젠바이오로직스,Aprogen Biologics Inc.,2023-05-09,의약품,5319,정상,,아세트아미노펜/구아이페네신/슈도에페드린염산염/DL-메틸에페드린염산염/클로르페니라민말레산염,"프로필렌글리콜,청색1호(브릴리안트블루FCF),폴리에틸렌글리콜400,부틸히드록시톨루엔,젤라틴,포비돈,적색40호,부분탈수유동소르비톨,정제수,농글리세린",,일반의약품,완제의약품,신고,제조,,타원형,,,24.7,9.4,N,"8806452107807,8806452107814",R05X,,202301491,,Acetaminophen/Guaifenesin/Pseudoephedrine Hydrochloride/DL-Methylephedrine Hydrochloride/Chlorpheniramine Maleate
201309057,쌩콜연질캡슐,Ssang Col Soft Cap.,(주)에이프로젠바이오로직스,Aprogen Biologics Inc.,2013-08-29,의약품,5050,유효기간만료,2023-08-29,클로르페니라민말레산염/슈도에페드린염산염/아세트아미노펜/클로페라스틴염산염/구아이페네신,"프로필렌글리콜,폴리에틸렌글리콜400,부틸히드록시톨루엔,소르비톨소르비탄용액,젤라틴,포비돈,적색40호,정제수,청색1호",,일반의약품,완제의약품,신고,제조,,,,,,,N,"8806452039108,8806452039115",R05X,,201309057,,Chlorpheniramine Maleate/Pseudoephedrine Hydrochloride/Acetaminophen/Cloperastine Hydrochloride/Guaifenesin
201908147,써모젠정,Thermozen Tab.,(주)인트로바이오파마,INTRO BIO PHARMA,2019-11-28,의약품,145,정상,,에페드린염산염/카페인무수물/아세트아미노펜,"크로스카르멜로오스나트륨,유당수화물,메타규산알루민산마그네슘,포비돈,콜로이드성이산화규소,스테아르산마그네슘,적색40호",,일반의약품,완제의약품,신고,제조,,삼각형,,,9.1,9.1,N,"8800524015601,8800524015618",R05X,,201908147,,Ephedrine Hydrochloride/Anhydrous Caffeine/Acetaminophen
201206328,써모펜에스정,Thermofen-S Tablet,알보젠코리아(주),"Alvogen Korea Co., Ltd.",2012-07-31,의약품,5013,정상,,아세트아미노펜/에페드린염산염/카페인무수물,"황색4호,포비돈,스테아르산마그네슘,전분글리콜산나트륨,저치환히드록시프로필셀룰로오스,청색1호",,일반의약품,완제의약품,신고,제조,,원형,,,10.8,10.8,N,"8806526039607,8806559042902,8806559042919,8806526039614,8806559042926,8806526039621,8806526039638",R05X,,201206328,,Acetaminophen/Ephedrine Hydrochloride/Anhydrous Caffeine
200301818,써스펜8시간이알서방정650밀리그램(아세트아미노펜),Suspen 8hr Er Tab. 650mg,한미약품(주),"Hanmi Pharm. Co.,Ltd.",2003-07-25,의약품,230,정상,,아세트아미노펜,"탭쉴드흰색 11W001,미결정셀룰로오스,스테아르산마그네슘,포비돈,전호화전분,옥수수전분,전분글리콜산나트륨,히드록시에틸셀룰로오스,히드록시프로필셀룰로오스",,일반의약품,완제의약품,허가,제조,,장방형,,,19.23,7.70,N,"8806435015105,8806435015112,8806435015129,8806435015136,8806435015143,8806435015150",N02BE01,,200301818,,Acetaminophen
201506517,써스펜나이트시럽,Suspen Night Syrup,맥널티제약(주),"McNulty Pharma, Co., LTD.",2015-09-11,의약품,425,유효기간만료,2025-09-11,아세트아미노펜/덱스트로메토르판브롬화수소산염수화물/페닐레프린염산염/디펜히드라민염산염,"프로필렌글리콜,시트르산수화물,메틸파라벤,그레이프에센스에프-723,자일리톨,염화나트륨,백당,수크랄로스,프로필파라벤,시트르산나트륨수화물,D-소르비톨액,농글리세린,정제수",,일반의약품,완제의약품,신고,제조,,,,,,,N,"8806415019000,8806415019017,8806415019024,8806415019031,8806415019048,8806415019055,8806415019062",R05X,,201506517,,Acetaminophen/Dextromethorphan Hydrobromide Hydrate/Phenylephrine Hydrochloride/Diphenhydramine Hydrochloride
200703589,써스펜나이트정,Suspen Night Tab.,한미약품(주),"Hanmi Pharm. Co.,Ltd.",2007-03-28,의약품,467,정상,,아세트아미노펜/클로르페니라민말레산염/페닐레프린염산염,"미결정셀룰로오스,히프로멜로오스,유당수화물,폴리에틸렌글리콜6000,산화티탄,포비돈,스테아르산마그네슘,카르복시메틸셀룰로오스칼슘,경질무수규산,탤크,전분글리콜산나트륨,히드록시프로필셀룰로오스,청색1호알루미늄레이크",,일반의약품,완제의약품,신고,제조,,타원형,,,14.9,8.7,N,"8806435014900,8806435014917,8806435014924,8806435014931,8806435014948,8806435014955",N02BE51,,200703589,,Acetaminophen/Chlorpheniramine Maleate/Phenylephrine Hydrochloride
201506378,써스펜데이시럽,Suspen Day Syrup,맥널티제약(주),"McNulty Pharma, Co., LTD.",2015-09-04,의약품,424,유효기간만료,2025-09-04,아세트아미노펜/덱스트로메토르판브롬화수소산염수화물/페닐레프린염산염/구아이페네신,"프로필렌글리콜,시트르산수화물,메틸파라벤,자일리톨,백당,수크랄로스,프로필파라벤,시트르산나트륨수화물,오렌지엣센스#36-GT,D-소르비톨액,농글리세린,정제수",,일반의약품,완제의약품,신고,제조,,,,,,,N,"8806415018904,8806415018911,8806415018928,8806415018935,8806415018942,8806415018959,8806415018966",R05X,,201506378,,Acetaminophen/Dextromethorphan Hydrobromide Hydrate/Phenylephrine Hydrochloride/Guaifenesin
201504949,써스펜데이정,Suspen Day Tab.,한미약품(주),"Hanmi Pharm. Co.,Ltd.",2015-07-20,의약품,5176,취하,2023-12-07,아세트아미노펜/클로르페니라민말레산염/슈도에페드린염산염,"저치환도히드록시프로필셀룰로오스,미결정셀룰로오스,히프로멜로오스,유당수화물,폴리에틸렌글리콜6000,산화티탄,포비돈,스테아르산마그네슘,카르복시메틸셀룰로오스칼슘,경질무수규산,탤크,히드록시프로필셀룰로오스",,일반의약품,완제의약품,신고,제조,,,,,,,N,"8806435073501,8806435073518,8806435073525,8806435073532,8806435073549",R05X,,201504949,,Acetaminophen/Chlorpheniramine Maleate/Pseudoephedrine Hydrochloride
202501821,써스펜키즈시럽(아세트아미노펜),Suspen Kids Syrup,한미약품(주),"Hanmi Pharm. Co.,Ltd.",2025-07-17,의약품,5325,정상,,아세트아미노펜,"베타덱스,벤조산나트륨,시트르산수화물,조합향료(사과향15 HF-BD12972),프로필렌글리콜,D-소르비톨 액,미결정셀룰로오스·카르복시메틸셀룰로오스나트륨,포비돈,백당,수크랄로스,잔탄검,규산알루민산마그네슘,농글리세린,정제수",,일반의약품,완제의약품,신고,제조,,,,,,,N,"8806435089526,8806435089502,8806435089519",N02BE01,,,,Acetaminophen
201502951,써토몬정(수출용),,경진제약(주),"Kyungjin Pharm.Co.,Ltd.",2015-05-15,의약품,5051,정상,,트라마돌염산염/아세트아미노펜,"라우릴황산나트륨,미결정셀룰로오스,스테아르산마그네슘,오파드라이노랑(85F12347),옥수수전분,전분글리콜산나트륨",,전문의약품,완제의약품,허가,제조,,,,,,,N,,,,,,Tramadol Hydrochloride/Acetaminophen
202006696,쎈콜연질캡슐,Ssencol Soft Cap.,(주)알피바이오,RP Bio Inc.,2020-09-29,의약품,5251,취하,2024-06-03,아세트아미노펜/트리프롤리딘염산염수화물/슈도에페드린염산염/덱스트로메토르판브롬화수소산염수화물/카페인무수물,"프로필렌글리콜,폴리에틸렌글리콜4000,치자청색소,폴리에틸렌글리콜400,솔비톨스페샬글리세린블렌드,젤라틴,산화티탄,카카오색소,정제수",,일반의약품,완제의약품,신고,제조,,,,,,,N,"8806616053308,8806616053315",R05X,,,,Acetaminophen/Triprolidine Hydrochloride Hydrate/Pseudoephedrine Hydrochloride/Dextromethorphan Hydrobromide Hydrate/Anhydrous Caffeine
201607230,쏙코에스연질캡슐,Ssoko-S Soft Cap.,(주)에이프로젠바이오로직스,Aprogen Biologics Inc.,2016-12-22,의약품,5167,정상,,아세트아미노펜/슈도에페드린염산염/클로르페니라민말레산염,"프로필렌글리콜,폴리에틸렌글리콜400,젤라틴,포비돈,황색203호,정제수,소르비톨 소르비탄액,청색1호",,일반의약품,완제의약품,신고,제조,,장방형,,,19.6,8.95,N,"8806452093407,8806452093414",R05X,,201607230,,Acetaminophen/Pseudoephedrine Hydrochloride/Chlorpheniramine Maleate
202300393,쏙코에이연질캡슐,Sockco A soft cap.,(주)에이프로젠바이오로직스,Aprogen Biologics Inc.,2023-01-31,의약품,5312,정상,,아세트아미노펜/슈도에페드린염산염/클로르페니라민말레산염,"프로필렌글리콜,황색5호,폴리에틸렌글리콜400,젤라틴,포비돈,적색40호,부분탈수유동소르비톨,농글리세린,정제수",,일반의약품,완제의약품,신고,제조,,타원형,,,16.1,10.3,N,"8806452107104,8806452107111",R05X,,202300393,,Acetaminophen/Pseudoephedrine Hydrochloride/Chlorpheniramine Maleate
202102248,쏙코에프연질캡슐,Sockco F Soft Cap.,(주)에이프로젠바이오로직스,Aprogen Biologics Inc.,2021-03-11,의약품,5286,정상,,아세트아미노펜/슈도에페드린염산염/클로르페니라민말레산염,"프로필렌글리콜,적색3호,황색5호,폴리에틸렌글리콜400,젤라틴,포비돈,소르비톨소르비탄 액,정제수",,일반의약품,완제의약품,신고,제조,,타원형,,,20.1,8.2,N,"8806452105100,8806452105117",R05X,,202102248,,Acetaminophen/Pseudoephedrine Hydrochloride/Chlorpheniramine Maleate
201700139,쏙코프에스연질캡슐,Ssokcough S Soft Cap.,(주)에이프로젠바이오로직스,Aprogen Biologics Inc.,2017-01-05,의약품,5172,정상,,아세트아미노펜/구아이페네신/덱스트로메토르판브롬화수소산염수화물/dl-메틸에페드린염산염,"프로필렌글리콜,폴리에틸렌글리콜400,젤라틴,포비돈,적색40호,정제수,소르비톨 소르비탄액,청색1호",,일반의약품,완제의약품,신고,제조,,장방형,,,19.6,8.95,N,"8806452093803,8806452093810",R05X,,201700139,,Acetaminophen/Guaifenesin/Dextromethorphan Hydrobromide Hydrate/DL-Methylephedrine Hydrochloride
202300976,쏙코프에이연질캡슐,SSock cough A Soft Cap.,(주)에이프로젠바이오로직스,Aprogen Biologics Inc.,2023-03-21,의약품,5313,정상,,아세트아미노펜/덱스트로메토르판브롬화수소산염수화물/구아이페네신/DL-메틸에페드린염산염,"프로필렌글리콜,폴리에틸렌글리콜400,젤라틴,포비돈,적색40호,부분탈수유동소르비톨,농글리세린,청색1호,정제수",,일반의약품,완제의약품,신고,제조,,타원형,,,16.1,10.3,N,"8806452107203,8806452107210",R05X,,202300976,,Acetaminophen/Dextromethorphan Hydrobromide Hydrate/Guaifenesin/DL-Methylephedrine Hydrochloride
202102731,쏙코프에프연질캡슐,Sock cough F Soft Cap.,(주)에이프로젠바이오로직스,Aprogen Biologics Inc.,2021-03-29,의약품,5289,정상,,아세트아미노펜/구아이페네신/덱스트로메토르판브롬화수소산염수화물/dl-메틸에페드린염산염,"프로필렌글리콜,폴리에틸렌글리콜400,젤라틴,포비돈,소르비톨소르비탄 액,적색40호,정제수,청색1호",,일반의약품,완제의약품,신고,제조,,타원형,,,19.9,8.4,N,"8806452105308,8806452105315",R05X,,202102731,,Acetaminophen/Guaifenesin/Dextromethorphan Hydrobromide Hydrate/DL-Methylephedrine Hydrochloride
201700138,쏙콜에스연질캡슐,Ssokcol S Soft Cap.,(주)에이프로젠바이오로직스,Aprogen Biologics Inc.,2017-01-05,의약품,5171,정상,,아세트아미노펜/구아이페네신/수도에페드린염산염/덱스트로메토르판브롬화수소산염수화물/클로르페니라민말레산염/dl-메틸에페드린염산염,"프로필렌글리콜,폴리에틸렌글리콜400,젤라틴,포비돈,적색40호,정제수,소르비톨 소르비탄액,청색1호",,일반의약품,완제의약품,신고,제조,,장방형,,,19.6,8.95,N,"8806452093902,8806452093919",R05X,,201700138,,Acetaminophen/Guaifenesin/Pseudoephedrine Hydrochloride/Dextromethorphan Hydrobromide Hydrate/Chlorpheniramine Maleate/DL-Methylephedrine Hydrochloride
202301007,쏙콜에이연질캡슐,Sockcol A Soft Cap.,(주)에이프로젠바이오로직스,Aprogen Biologics Inc.,2023-03-22,의약품,5314,정상,,아세트아미노펜/덱스트로메토르판브롬화수소산염수화물/클로르페니라민말레산염/구아이페네신/DL-메틸에페드린염산염/슈도에페드린염산염,"프로필렌글리콜,청색1호(브릴리안트블루FCF),폴리에틸렌글리콜400,젤라틴,포비돈,적색40호,부분탈수유동소르비톨,농글리세린,정제수",,일반의약품,완제의약품,신고,제조,,타원형,,,16.1,10.3,N,"8806452107319,8806452107302",R05X,,202301007,,Acetaminophen/Dextromethorphan Hydrobromide Hydrate/Chlorpheniramine Maleate/Guaifenesin/DL-Methylephedrine Hydrochloride/Pseudoephedrine Hydrochloride
202102604,쏙콜에프연질캡슐,Sockcol F Soft Cap.,(주)에이프로젠바이오로직스,Aprogen Biologics Inc.,2021-03-25,의약품,5287,유효기간만료,2026-03-25,아세트아미노펜/구아이페네신/슈도에페드린염산염/덱스트로메토르판브롬화수소산염수화물/클로르페니라민말레산염/dl-메틸에페드린염산염,"프로필렌글리콜,폴리에틸렌글리콜400,젤라틴,포비돈,소르비톨소르비탄 액,적색40호,정제수,청색1호",,일반의약품,완제의약품,신고,제조,,타원형,,,20.0,9.0,N,"8806452105209,8806452105216",R05X,,202102604,,Acetaminophen/Guaifenesin/Pseudoephedrine Hydrochloride/Dextromethorphan Hydrobromide Hydrate/Chlorpheniramine Maleate/DL-Methylephedrine Hydrochloride
200009371,씨ㆍ아이ㆍ에이캡슐,Cia Cap.,명문제약(주),"Myungmoon Pharm. Co., Ltd.",2000-07-01,마약류,29,취하,2025-12-30,아세트아미노펜/이부프로펜/코데인인산염수화물,"적색캡슐,콜로이드성이산화규소,녹색캡슐",,전문의약품,완제의약품,허가,제조,마약,,,,,,N,"8806498022607,8806498022614,8806498022621",N02AJ09,,,,Acetaminophen/Ibuprofen/Codeine Phosphate Hydrate
202002714,씨앤콜드연질캡슐,C&Cold Soft capsule,코스맥스파마(주),"COSMAX PHARMA CO., LTD.",2020-04-17,의약품,5176,취하,2024-01-10,아세트아미노펜/구아이페네신/슈도에페드린염산염/dl-메틸에페드린염산염/덱스트로메토르판브롬화수소산염수화물/트리프롤리딘염산염수화물/아스코르브산/리보플라빈/티아민질산염,"프로필렌글리콜,콩기름,레시틴,토코페롤아세테이트,폴리에틸렌글리콜400,젤라틴,산화티탄,포비돈,소르비톨소르비탄 액,경질지방,황납,적색40호,정제수",,일반의약품,완제의약품,신고,제조,,,,,,,N,,,,,,Acetaminophen/Guaifenesin/Pseudoephedrine Hydrochloride/DL-Methylephedrine Hydrochloride/Dextromethorphan Hydrobromide Hydrate/Triprolidine Hydrochloride Hydrate/Ascorbic Acid/Riboflavin/Thiamine Nitrate
201600428,씨엘트라세미정,,(주)씨엘팜,"C.L.Pharm. Co., Ltd.",2016-01-25,의약품,23,정상,,트라마돌염산염/아세트아미노펜,"황색4호알루미늄레이크,미결정셀룰로오스,히프로멜로오스,이산화규소,산화티탄,포비돈,스테아르산마그네슘,전호화전분,전분글리콜산나트륨",,전문의약품,완제의약품,허가,제조,,장방형,,,12.1,5.2,N,"8806226002406,8806226002413,8806226002420",N02AJ13,201600428,,,Tramadol Hydrochloride/Acetaminophen
201600427,씨엘트라정,,(주)씨엘팜,"C.L.Pharm. Co., Ltd.",2016-01-25,의약품,22,정상,,트라마돌염산염/아세트아미노펜,"황색4호알루미늄레이크,미결정셀룰로오스,히프로멜로오스,이산화규소,산화티탄,포비돈,스테아르산마그네슘,전호화전분,전분글리콜산나트륨",,전문의약품,완제의약품,허가,제조,,장방형,,,15.2,7.7,N,"8806226002307,8806226002314,8806226002321",N02AJ13,201600427,,,Tramadol Hydrochloride/Acetaminophen
202402182,씨콜드나이트정,C-Cold Night Tab.,(주)대웅제약,Daewoong Pharmaceuticals,2024-09-09,의약품,5313,정상,,아세트아미노펜/슈도에페드린염산염/DL-메틸에페드린염산염/덱스트로메토르판브롬화수소산염수화물/디펜히드라민염산염/구아야콜설폰산칼륨/벤포티아민/리보플라빈/아스코르브산 과립97%,"미결정셀룰로오스,크로스포비돈,크로스카멜로오스나트륨,스테아르산마그네슘,오파드라이AMBII파란색(88A105061),경질무수규산,오파드라이QX흰색(321A180025),히드록시프로필셀룰로오스",,일반의약품,완제의약품,신고,제조,,,,,,,N,,,,,,Acetaminophen/Pseudoephedrine Hydrochloride/DL-Methylephedrine Hydrochloride/Dextromethorphan Hydrobromide Hydrate/Diphenhydramine Hydrochloride/Potassium Guaiacolsulfonate/Benfotiamine/Riboflavin/Ascorbic Acid Granules 97%
200500553,씨콜드노즈정,C Coldnose Tab.,(주)대웅제약,Daewoong Pharmaceuticals,2005-06-14,의약품,203,취하,2023-10-27,카페인무수물/아세트아미노펜/클로르페니라민말레산염/슈도에페드린염산염/아스코르브산과립97%,"오파드라이 클리어(YS-1-7006),크로스카르멜로오스나트륨,미결정셀룰로오스,유당수화물,코포비돈,오파드라이 레드(80W45004),산화티탄,백당,스테아르산마그네슘,카르나우바납,경질무수규산,적색40호,히드록시프로필셀룰로오스,레몬향코튼,오파드라이 그린(80W41075)",,일반의약품,완제의약품,신고,제조,,,,,,,N,"8806416017005,8806416017012,8806416017029",R05X,,200500553,,Anhydrous Caffeine/Acetaminophen/Chlorpheniramine Maleate/Pseudoephedrine Hydrochloride/Ascorbic Acid Granules 97%
202402181,씨콜드에이정,C-Cold A Tab.,(주)대웅제약,Daewoong Pharmaceuticals,2024-09-09,의약품,5312,정상,,아세트아미노펜/슈도에페드린염산염/DL-메틸에페드린염산염/덱스트로메토르판브롬화수소산염/구아야콜설폰산칼륨/카페인무수물/벤포티아민/리보플라빈/아스코르브산 과립97%,"미결정셀룰로오스,오파드라이 AMB Ⅱ 주황색(88A630022),크로스카멜로오스나트륨,스테아르산마그네슘,경질무수규산,오파드라이QX흰색(321A180025),히드록시프로필셀룰로오스",,일반의약품,완제의약품,신고,제조,,,,,,,N,,,,,,Acetaminophen/Pseudoephedrine Hydrochloride/DL-Methylephedrine Hydrochloride/Dextromethorphan Hydrobromide/Potassium Guaiacolsulfonate/Anhydrous Caffeine/Benfotiamine/Riboflavin/Ascorbic Acid Granules 97%
200500552,씨콜드정,C Cold Tab.,(주)대웅제약,Daewoong Pharmaceuticals,2005-06-14,의약품,202,취하,2023-10-27,카페인무수물/아세트아미노펜/클로르페니라민말레산염/슈도에페드린염산염/클로페라스틴염산염/dl-메틸에페드린염산염/아스코르브산과립97%,"오파드라이 클리어(YS-1-7006),크로스카르멜로오스나트륨,미결정셀룰로오스,오파드라이AMB옐로우80W22608,유당수화물,코포비돈,산화티탄,백당,스테아르산마그네슘,카르나우바납,오파드라이 블루(80W40502),경질무수규산,적색40호,레몬향코튼,히드록시프로필셀룰로오스",,일반의약품,완제의약품,신고,제조,,,,,,,N,"8806416017104,8806416017111,8806416017128",R05X,,200500552,,Anhydrous Caffeine/Acetaminophen/Chlorpheniramine Maleate/Pseudoephedrine Hydrochloride/Cloperastine Hydrochloride/DL-Methylephedrine Hydrochloride/Ascorbic Acid Granules 97%
200500554,씨콜드코프정,C Cold Cough Tab,(주)대웅제약,Daewoong Pharmaceuticals,2005-06-14,의약품,204,취하,2023-10-31,아세트아미노펜/구아이페네신/슈도에페드린염산염/클로페라스틴염산염/dl-메틸에페드린염산염/아스코르브산과립97%,"오파드라이 클리어(YS-1-7006),크로스카르멜로오스나트륨,미결정셀룰로오스,유당수화물,코포비돈,백당,포비돈,스테아르산마그네슘,카르나우바납,경질무수규산,적색40호,오파드라이 AMB 그린 80W610010,히드록시프로필셀룰로오스,레몬향코튼",,일반의약품,완제의약품,신고,제조,,,,,,,N,"8806416017203,8806416017210,8806416017227",R05X,,200500554,,Acetaminophen/Guaifenesin/Pseudoephedrine Hydrochloride/Cloperastine Hydrochloride/DL-Methylephedrine Hydrochloride/Ascorbic Acid Granules 97%
202501737,씨콜드프리미엄정,C-Cold Premium Tab.,(주)대웅제약,Daewoong Pharmaceuticals,2025-07-10,의약품,5336,정상,,아세트아미노펜/슈도에페드린염산염/DL-메틸에페드린염산염/덱스트로메토르판브롬화수소산염수화물/구아야콜설폰산칼륨/벤포티아민/리보플라빈/아스코르브산 과립97%/디펜히드라민염산염,"미결정셀룰로오스,크로스포비돈,오파드라이 AMB Ⅱ 주황색(88A630022),크로스카멜로오스나트륨,스테아르산마그네슘,오파드라이AMBII파란색(88A105061),경질무수규산,오파드라이QX흰색(321A180025),히드록시프로필셀룰로오스",,일반의약품,완제의약품,신고,제조,,타원형,,,18.2,9.0,N,"8806416083901,8806416083918",R05X,,,,Acetaminophen/Pseudoephedrine Hydrochloride/DL-Methylephedrine Hydrochloride/Dextromethorphan Hydrobromide Hydrate/Potassium Guaiacolsulfonate/Benfotiamine/Riboflavin/Ascorbic Acid Granules 97%/Diphenhydramine Hydrochloride
200806192,씨콜드플러스노즈정,C Coldplus Nose Tab,(주)대웅제약,Daewoong Pharmaceuticals,2008-06-04,의약품,592,정상,,카페인무수물/아스코르브산97%과립/리보플라빈3배산/티아민질산염/아세트아미노펜/슈도에페드린염산염/dl-메틸에페드린염산염/덱스트로메토르판브롬화수소산염수화물/클로르페니라민말레산염,"오파드라이 클리어(YS-1-7006),크로스카르멜로오스나트륨,미결정셀룰로오스,유당수화물,코포비돈,산화티탄,오파드라이 레드(80W45004),포비돈,스테아르산마그네슘,카르나우바납,경질무수규산,적색40호,히드록시프로필셀룰로오스,레몬향코튼,오파드라이 그린(80W41075)",,일반의약품,완제의약품,신고,제조,,타원형,,,15.7,8,N,"8806416029305,8806416029312,8806416029329",R05X,,200806192,,Anhydrous Caffeine/Ascorbic Acid Granules 97%/Riboflavin Powder 33.3%/Thiamine Nitrate/Acetaminophen/Pseudoephedrine Hydrochloride/DL-Methylephedrine Hydrochloride/Dextromethorphan Hydrobromide Hydrate/Chlorpheniramine Maleate
200806191,씨콜드플러스정,C-Cold Plus Tab.,(주)대웅제약,Daewoong Pharmaceuticals,2008-06-04,의약품,591,정상,,카페인무수물/아스코르브산과립97%/리보플라빈3배산/티아민질산염/아세트아미노펜/슈도에페드린염산염/dl-메틸에페드린염산염/덱스트로메토르판브롬화수소산염수화물/클로르페니라민말레산염/구아이페네신,"오파드라이 클리어(YS-1-7006),크로스카르멜로오스나트륨,미결정셀룰로오스,오파드라이AMB옐로우80W22608,유당수화물,코포비돈,산화티탄,포비돈,스테아르산마그네슘,카르나우바납,오파드라이 블루(80W40502),경질무수규산,적색40호,히드록시프로필셀룰로오스,레몬향코튼",,일반의약품,완제의약품,신고,제조,,타원형,,,15.7,8,N,"8806416029503,8806416029510,8806416029527",R05X,,200806191,,Anhydrous Caffeine/Ascorbic Acid Granules 97%/Riboflavin Powder 33.3%/Thiamine Nitrate/Acetaminophen/Pseudoephedrine Hydrochloride/DL-Methylephedrine Hydrochloride/Dextromethorphan Hydrobromide Hydrate/Chlorpheniramine Maleate/Guaifenesin
200806190,씨콜드플러스코프정,C-Coldplus Cough Tab,(주)대웅제약,Daewoong Pharmaceuticals,2008-06-04,의약품,590,정상,,카페인무수물/아스코르브산과립97%/리보플라빈3배산/티아민질산염/아세트아미노펜/dl-메틸에페드린염산염/덱스트로메토르판브롬화수소산염수화물/클로르페니라민말레산염/구아이페네신,"오파드라이 클리어(YS-1-7006),크로스카르멜로오스나트륨,미결정셀룰로오스,오파드라이AMB옐로우80W22608,유당수화물,코포비돈,산화티탄,포비돈,스테아르산마그네슘,카르나우바납,경질무수규산,적색40호,오파드라이 AMB 그린 80W610010,히드록시프로필셀룰로오스,레몬향코튼",,일반의약품,완제의약품,신고,제조,,타원형,,,15.7,8,N,"8806416029602,8806416029619,8806416029626",R05X,,200806190,,Anhydrous Caffeine/Ascorbic Acid Granules 97%/Riboflavin Powder 33.3%/Thiamine Nitrate/Acetaminophen/DL-Methylephedrine Hydrochloride/Dextromethorphan Hydrobromide Hydrate/Chlorpheniramine Maleate/Guaifenesin
202002793,씨트라셋세미정,,천우신약(주),"ChunWoo Pharmceutical Co., Ltd",2020-04-21,의약품,3069,유효기간만료,2025-04-21,트라마돌염산염/아세트아미노펜,"라우릴황산나트륨,오파드라이노란색(85F12347),미결정셀룰로오스,스테아르산마그네슘,옥수수전분,전분글리콜산나트륨",,전문의약품,완제의약품,허가,제조,,,,,,,N,"8806638032510,8806638032527,8806638032503",N02AJ13,202002793,,,Tramadol Hydrochloride/Acetaminophen
202002815,씨트라셋정,,천우신약(주),"ChunWoo Pharmceutical Co., Ltd",2020-04-21,의약품,3073,유효기간만료,2025-04-21,트라마돌염산염/아세트아미노펜,"라우릴황산나트륨,오파드라이노란색(85F12347),미결정셀룰로오스,스테아르산마그네슘,옥수수전분,전분글리콜산나트륨",,전문의약품,완제의약품,허가,제조,,,,,,,N,"8806638032718,8806638032725,8806638032701",N02AJ13,202002815,,,Tramadol Hydrochloride/Acetaminophen
199801877,아나리바정,Analiver Tab.,오스틴제약(주),"Austin pharm.co.,Ltd",1998-09-07,의약품,69,정상,,아세트아미노펜/DL-메티오닌,"미결정셀룰로오스,히프로멜로오스,유당수화물,폴리에틸렌글리콜6000,산화티탄,포비돈,콜로이드성이산화규소,스테아르산마그네슘,황색4호 알루미늄레이크,카르복시메틸셀룰로오스칼슘,탤크,옥수수전분,히드록시프로필셀룰로오스",,일반의약품,완제의약품,신고,제조,,장방형,,,14.2,8.3,N,"8806543017602,8806543017619,8806543017626,8806543017633,8806543017640,8806543017657,8806543017664",N02BE51,,199801877,,Acetaminophen/DL-Methionine
201707372,아너린정,Anerrin Tab.,태극제약(주),"TAI GUK PHARM. Co., Ltd.",2017-10-11,의약품,5199,정상,,아세트아미노펜/에페드린염산염/카페인무수물,"미결정셀룰로오스,황색4호,유당수화물,스테아르산마그네슘,카르복시메틸셀룰로오스칼슘,탤크,경질무수규산,옥수수전분,히드록시프로필셀룰로오스",,일반의약품,완제의약품,신고,제조,,원형,,,9.5,9.5,N,"8806448063506,8806998016915,8806448063513,8806998016908,8806448063520,8806998016922",R05X,,201707372,,Acetaminophen/Ephedrine Hydrochloride/Anhydrous Caffeine
202000348,아노펜정,Anophen Tab.,미래바이오제약(주),"Mirae Pharmaceutical Co., Ltd",2020-01-21,의약품,5156,유효기간만료,2025-01-21,아세트아미노펜/카페인무수물,"저치환도히드록시프로필셀룰로오스,황색5호,미결정셀룰로오스,스테아르산마그네슘,카르복시메틸셀룰로오스칼슘,히드록시프로필셀룰로오스",,일반의약품,완제의약품,신고,제조,,,,,,,N,8806575035605,N02BE51,,,,Acetaminophen/Anhydrous Caffeine
201700254,아니스펜8시간이알서방정(아세트아미노펜),Anisphen 8 hours ER Tab.,(주)제뉴파마,GENUPharma Inc.,2017-01-11,의약품,5197,정상,,아세트아미노펜,"탭쉴드흰색 11W001,미결정셀룰로오스,스테아르산마그네슘,포비돈,전호화전분,옥수수전분,전분글리콜산나트륨,히드록시에틸셀룰로오스,히드록시프로필셀룰로오스",,일반의약품,완제의약품,허가,제조,,장방형,,,19.16,7.66,N,"8806980033807,8806980033821,8806980033814,8806980033838,8806980033845",N02BE01,,201700254,,Acetaminophen
201307087,아드린정,Adrine Tab.,(주)일화,"IL HWA CO.,LTD.",2013-04-26,의약품,5268,정상,,아세트아미노펜/에페드린염산염/카페인무수물,"미결정셀룰로오스,유당수화물,황색 4호,스테아르산마그네슘,카르복시메틸셀룰로오스칼슘,탤크,경질무수규산,옥수수전분,히드록시프로필셀룰로오스",,일반의약품,완제의약품,신고,제조,,원형,,,9.4,9.4,N,"8806275003607,8806409047705,8806448046400,8806275003614,8806409047712,8806448046417,8806448046424",R05X,,201307087,,Acetaminophen/Ephedrine Hydrochloride/Anhydrous Caffeine
201307383,아디고정(수출용),Adigo Tab.,대한약품공업(주),"DAI HAN PHARM CO., LTD.",2013-05-20,의약품,5022,정상,,아세트아미노펜/트라마돌염산염,"포비돈K-30,저치환도히드록시프로필셀룰로오스,미결정셀룰로오스,스테아르산마그네슘,카르나우바납,에탄올(95),카르복시메틸셀룰로오스칼슘,오파드라이85F12347 황색,정제수",,전문의약품,완제의약품,허가,제조,,,,,,,N,8806451041706,N02AJ13,,,,Acetaminophen/Tramadol Hydrochloride
200707943,아라펜세미정,Araphen Semi Tab.,(주)셀트리온제약,"Celltrion Pharm, Inc.",2007-07-10,의약품,308,정상,,트라마돌염산염/아세트아미노펜,"미결정셀룰로오스,크로스포비돈,스테아르산마그네슘,전호화전분,오파드라이II노란색(85F420033)",,전문의약품,완제의약품,신고,제조,,장방형,,,11.9,5.3,N,"8806580006904,8806939002700,8806580006911,8806939002717,8806580006928,8806939002724,8806580006935,8806939002731",N02AJ13,200707943,,,Tramadol Hydrochloride/Acetaminophen
200707944,아라펜정,Araphen Tab.,(주)셀트리온제약,"Celltrion Pharm, Inc.",2007-07-10,의약품,307,정상,,트라마돌염산염/아세트아미노펜,"미결정셀룰로오스,크로스포비돈,스테아르산마그네슘,전호화전분,오파드라이Ⅱ노란색(85F420033)",,전문의약품,완제의약품,신고,제조,,타원형,,,15.5,6.6,N,"8806580007000,8806939003004,8806580007017,8806939003011,8806580007024,8806939003028,8806580007031,8806939003035,8806939003042,8806939003059,8806939003066",N02AJ13,200707944,,,Tramadol Hydrochloride/Acetaminophen
202302045,아렉스알파정,Arex alpha Tabs.,주식회사 노바엠헬스케어,"Nova M Healthcare Co.,Ltd",2023-07-03,의약품,53,정상,,아세트아미노펜/산화마그네슘/푸르설티아민,"미결정셀룰로오스,히프로멜로오스,황색4호,유당수화물,이산화규소,폴리에틸렌글리콜6000,산화티탄,스테아르산마그네슘,탤크,전분글리콜산나트륨,히드록시프로필셀룰로오스",,일반의약품,완제의약품,신고,제조,,타원형,,,15.0,8.7,N,"8800732005302,8800732005319",N02BE51,,202302045,,Acetaminophen/Magnesium Oxide/Fursultiamine
201903322,아루센백주(아세트아미노펜),Arucenbag Inj.,광동제약(주),"Kwangdong Pharm Co., Ltd.",2019-05-22,의약품,5191,정상,,아세트아미노펜,"인산일수소나트륨무수물,수산화나트륨,L-시스테인염산염일수화물,염산,주사용수,D-만니톨",,전문의약품,완제의약품,신고,제조,,,,,,,N,"8806418067015,8806418067008",N02BE01,201903322,,,Acetaminophen
200905521,아리미돈정(수출용),Arimidon Tab.,알리코제약(주),"Korea Arlico Pharm Co.,Ltd.",2009-07-17,의약품,417,취하,2023-05-18,아세트아미노펜/돔페리돈말레산염,"미결정셀룰로오스,히프로멜로오스,유당수화물,폴리에틸렌글리콜6000,산화티탄,스테아르산마그네슘,카르복시메틸셀룰로오스칼슘,탤크,전분글리콜산나트륨,히드록시프로필셀룰로오스",,일반의약품,완제의약품,신고,제조,,,,,,,N,8806560020302,N02CX,,,,Acetaminophen/Domperidone Maleate
201507458,아마돌ER서방정,AMADOL ER TAB,아주약품(주),"AJU PHARM CO., LTD.",2015-10-29,의약품,5093,정상,,아세트아미노펜/트라마돌염산염,"저치환도히드록시프로필셀룰로오스,크로스포비돈,히프로멜로오스,콜로이드성이산화규소,포비돈,스테아르산마그네슘,오파드라이Ⅱ노란색(85F420033)",,전문의약품,완제의약품,허가,제조,,장방형,,,19.2,8.7,N,"8806540046803,8806540046810,8806540046827",N02AJ13,,,,Acetaminophen/Tramadol Hydrochloride
200706007,아마돌세미정,AMADOL SEMI TAB,아주약품(주),"AJU PHARM CO., LTD.",2007-05-28,의약품,808,정상,,아세트아미노펜/트라마돌염산염,"미결정셀룰로오스,오파드라이QX노란색(321A620000) ,스테아르산마그네슘,전분글리콜산나트륨,히드록시프로필셀룰로오스",,전문의약품,완제의약품,신고,제조,,장방형,,,12,5,N,"8806540007408,8806540007415,8806540007422",N02AJ13,,,,Acetaminophen/Tramadol Hydrochloride
200706008,아마돌정,AMADOL TAB,아주약품(주),"AJU PHARM CO., LTD.",2007-05-28,의약품,809,정상,,트라마돌염산염/아세트아미노펜,"스테아르산마그네슘,전호화전분,저치환도히드록시프로필셀룰로오스(#11),옥수수전분,오파드라이 II 옐로우 85F12347,히드록시프로필셀룰로오스",,전문의약품,완제의약품,신고,제조,,장방형,,,16.0,6.5,N,"8806540007507,8806540007514,8806540007521,8806540007538",N02AJ13,,,,Tramadol Hydrochloride/Acetaminophen
202402363,아미세타산500밀리그램(아세트아미노펜),Amiceta Powder 500mg(Acetaminophen),(주)휴온스,"Huons Co., Ltd.",2024-10-02,의약품,5344,정상,,아세트아미노펜,"에틸셀룰로오스,조합향료(레몬향코튼),트리에틸시트르산염,자일리톨,히드록시프로필베타덱스,수크랄로스,스테아르산마그네슘,콜로이드성이산화규소,탤크",,일반의약품,완제의약품,신고,제조,,,,,,,N,"8806706093818,8806706093801,8806706093825",N02BE01,,,,Acetaminophen
199702918,아미세타정325밀리그람(아세트아미노펜제피세립),Amiceta Tab. 325mg (Acetaminophen encapsulated),(주)휴온스,"Huons Co., Ltd.",1997-04-09,의약품,59,정상,,아세트아미노펜제피세립,"저치환도히드록시프로필셀룰로오스,스테아르산마그네슘,셀락토오스",,일반의약품,완제의약품,신고,제조,,원형,,,11.1,11.1,N,"8806706014301,8806706014318,8806706014325",N02BE01,,199702918,,Microencapsulated Acetaminophen
201907507,아미세트주(아세트아미노펜),AMICET(Acetaminophen),국제약품(주),"KUKJE pharmaceutical co., ltd",2019-10-28,의약품,5135,정상,,아세트아미노펜,"인산일수소나트륨무수물,수산화나트륨,L-시스테인염산염일수화물,염산,주사용수,D-만니톨",,전문의약품,완제의약품,신고,제조,,,,,,,N,"8806437047807,8806437047814",N02BE01,201907507,,,Acetaminophen
202402794,아미타펜주(아세트아미노펜),Amitapen Injection,(주)대웅제약,Daewoong Pharmaceuticals,2024-11-26,의약품,5319,정상,,아세트아미노펜,"수산화나트륨,인산일수소나트륨이수화물,염산,주사용수,시스테인염산염수화물,만니톨",,전문의약품,완제의약품,허가,제조,,,,,,,N,"8806416080603,8806416080610",N02BE01,202402794,,,Acetaminophen
201603599,아미펜정,Amiphen Tab.,알파제약(주),"Alpha Pharm. Co., Ltd.",2016-06-20,의약품,5011,정상,,아세트아미노펜/DL-메티오닌,"저치환도 히드록시프로필셀룰로오스,실리콘디옥사이드,스테아르산마그네슘,전분글리콜산나트륨,청색 1호,히드록시프로필셀룰로오스",,일반의약품,완제의약품,신고,제조,,장방형,,,14.2,8.2,N,"8806542024700,8806542024717",N02BE51,,201603599,,Acetaminophen/DL-Methionine
201404759,아세돌세미정,,(주)이든파마,Edenpharma,2014-10-16,의약품,40,정상,,트라마돌염산염/아세트아미노펜,"미결정셀룰로오스,히프로멜로오스,이산화규소,산화티탄,포비돈,스테아르산마그네슘,황색4호 알루미늄레이크,전호화전분,전분글리콜산나트륨",,전문의약품,완제의약품,허가,제조,,장방형,,,12.03,5.12,N,"8806289002306,8806289002313,8806289002320",N02AJ13,201404759,,,Tramadol Hydrochloride/Acetaminophen
201404784,아세돌정,,(주)이든파마,Edenpharma,2014-10-18,의약품,43,정상,,트라마돌염산염/아세트아미노펜,"황색4호알루미늄레이크,미결정셀룰로오스,히프로멜로오스,이산화규소,산화티탄,포비돈,스테아르산마그네슘,전호화전분,전분글리콜산나트륨",,전문의약품,완제의약품,허가,제조,,장방형,,,15.1,7.6,N,"8806289002504,8806289002528,8806289002511",N02AJ13,201404784,,,Tramadol Hydrochloride/Acetaminophen
201602240,아세드린정,ACEDRIN TAB.,(주)씨엠지제약,"CMG Pharmaceutical Co., Ltd",2016-04-22,의약품,5086,정상,,아세트아미노펜/에페드린염산염/카페인무수물,"미결정셀룰로오스,유당수화물,황색 4호,스테아르산마그네슘,카르복시메틸셀룰로오스칼슘,탤크,경질무수규산,옥수수전분,히드록시프로필셀룰로오스",,일반의약품,완제의약품,신고,제조,,원형,,,9.55,9.55,N,"8806486032809,8806486032816,8806486032823",R05X,,201602240,,Acetaminophen/Ephedrine Hydrochloride/Anhydrous Caffeine
201309260,아세라노세미정,Acerano Semi Tab.,(주)씨엠지제약,"CMG Pharmaceutical Co., Ltd",2013-09-09,의약품,5019,정상,,트라마돌염산염/아세트아미노펜,"오파드라이노란색(QX321A620000),미결정셀룰로오스,스테아르산마그네슘,전분글리콜산나트륨,히드록시프로필셀룰로오스",,전문의약품,완제의약품,허가,제조,,장방형,,,12.09,4.07,N,"8806486025702,8806486025719,8806486025726,8806486025733",N02AJ13,201309260,,,Tramadol Hydrochloride/Acetaminophen
201400343,아세라노정,Acerano Tab.,(주)씨엠지제약,"CMG Pharmaceutical Co., Ltd",2014-01-24,의약품,5022,정상,,아세트아미노펜/트라마돌염산염,"오파드라이노란색(QX321A620000),미결정셀룰로오스,스테아르산마그네슘,전분글리콜산나트륨,히드록시프로필셀룰로오스",,전문의약품,완제의약품,허가,제조,,장방형,,,15.5,6.4,N,"8806486026006,8806486026013,8806486026020,8806486026037",N02AJ13,201400343,,,Acetaminophen/Tramadol Hydrochloride
202008064,아세라펜주(아세트아미노펜),Aceraphen Inj.,(주)중헌제약,"Joonghun Pharmaceutical Co., Ltd.",2020-11-20,의약품,103,정상,,아세트아미노펜,"인산일수소나트륨무수물,수산화나트륨,L-시스테인염산염일수화물,염산,주사용수,D-만니톨",,전문의약품,완제의약품,신고,제조,,,,,,,N,"8800533010406,8800533010413",N02BE01,202008064,,,Acetaminophen
202402406,아세레놀산500밀리그램(아세트아미노펜),Acerenol Powder 500mg,알리코제약(주),"Korea Arlico Pharm Co.,Ltd.",2024-10-10,의약품,722,정상,,아세트아미노펜,"에틸셀룰로오스,조합향료(레몬향코튼),트리에틸시트르산염,자일리톨,히드록시프로필베타덱스,수크랄로스,스테아르산마그네슘,콜로이드성이산화규소,탤크",,일반의약품,완제의약품,신고,제조,,,,,,,N,"8806560056004,8806560056011,8806560056028",N02BE01,,,,Acetaminophen
200905221,아세리돈정(수출용),Aceridon Tab.,익수제약(주),"IKSU Pharmaceutical Co., Ltd.",2009-07-10,의약품,609,정상,,아세트아미노펜/돔페리돈말레산염,"라우릴황산나트륨,저치환도히드록시프로필셀룰로오스,미결정셀룰로오스,히프로멜로오스2910,폴리에틸렌글리콜400,유당수화물,산화티탄,스테아르산마그네슘,카르복시메틸셀룰로오스칼슘,탤크,전분글리콜산나트륨,히드록시프로필셀룰로오스",,일반의약품,완제의약품,신고,제조,,장방형,,,18,7,N,"8806585011309,8806585011316",N02CX,,,,Acetaminophen/Domperidone Maleate
201307515,아세린정,Acerin Tab.,한국프라임제약(주),"KOREA PRIME PHARM CO.,LTD",2013-05-28,의약품,753,유효기간만료,2023-05-28,에페드린염산염/카페인무수물/아세트아미노펜,"황색4호,유당수화물,스테아르산마그네슘,경질무수규산,옥수수전분,전분글리콜산나트륨,히드록시프로필셀룰로오스,청색1호",,일반의약품,완제의약품,신고,제조,,,,,,,N,"8806636056815,8806636056808,8806636056822,8806636056839",R05X,,201307515,,Ephedrine Hydrochloride/Anhydrous Caffeine/Acetaminophen
201601861,아세마돌정,Acemadol Tab.,(주)알피바이오,RP Bio Inc.,2016-03-23,의약품,5185,취하,2025-02-19,트라마돌염산염/아세트아미노펜,"오파드라이 노랑(85F12347 황색),저치환도히드록시프로필셀룰로오스,미결정셀룰로오스,포비돈,스테아르산마그네슘,카르복시메틸셀룰로오스칼슘",,전문의약품,완제의약품,허가,제조,,,,,,,N,"8806616047000,8806616047017,8806616047024",N02AJ13,201601861,,,Tramadol Hydrochloride/Acetaminophen
201907427,아세인산,Acein Powder,안국뉴팜(주),Ahngook Newpharm.,2019-10-23,의약품,261,정상,,아세트아미노펜/카페인무수물,"유당수화물,스테아르산마그네슘",,일반의약품,완제의약품,신고,제조,,,,,,,N,"8800536014906,8800536014920,8800536014913",N02BE51,,,,Acetaminophen/Anhydrous Caffeine
201504763,아세타돌정,Acetadol Tab.,(주)오스코리아제약,"Auskorea Pharm CO., Ltd",2015-07-10,의약품,63,정상,,아세트아미노펜/트라마돌염산염,"오파드라이(85F12347),저치환도히드록시프로필셀룰로오스,미결정셀룰로오스,폴리에틸렌글리콜6000,백당,스테아르산마그네슘,전호화전분,경질무수규산,전분글리콜산나트륨,히드록시프로필셀룰로오스",,전문의약품,완제의약품,허가,제조,,장방형,,,15,6,N,"8806297007102,8806297007119,8806297007126",N02AJ13,201504763,,,Acetaminophen/Tramadol Hydrochloride
201907101,아세타미주(아세트아미노펜),ACETAMY Injection,익수제약(주),"IKSU Pharmaceutical Co., Ltd.",2019-10-07,의약품,695,정상,,아세트아미노펜,"무수인산일수소나트륨,수산화나트륨,L-시스테인염산염일수화물,염산,주사용수,D-만니톨",,전문의약품,완제의약품,신고,제조,,,,,,,N,"8806585023005,8806585023012,8806585023029",N02BE01,201907101,,,Acetaminophen
202303092,아세타민정,Acetamin Tablets,한솔신약(주),hansolpharm,2023-11-08,의약품,5060,정상,,아세트아미노펜/푸르설티아민,"히프로멜로오스,황색4호,유당수화물,폴리에틸렌글리콜6000,산화티탄,크로스카멜로오스나트륨,스테아르산마그네슘,경질무수규산,히드록시프로필셀룰로오스",,일반의약품,완제의약품,신고,제조,,,,,,,N,"8806458044007,8806458044014",N02BE51,,,,Acetaminophen/Fursultiamine
201903300,아세타주(아세트아미노펜),Aceta Inj.,(주)비보존제약,"VIVOZON PHARMACEUTICAL CO., LTD",2019-05-21,의약품,5178,정상,,아세트아미노펜,"수산화나트륨,인산일수소나트륨이수화물,염산,주사용수,시스테인염산염수화물,만니톨",,전문의약품,완제의약품,허가,제조,,,,,,,N,"8806582042504,8806582042511",N02BE01,201903300,,,Acetaminophen
201903045,아세타펜주(아세트아미노펜),Acetaphen Inj.,제이더블유생명과학(주),JW Life Science,2019-05-10,의약품,5086,정상,,아세트아미노펜,"수산화나트륨,인산일수소나트륨이수화물,염산,주사용수,시스테인염산염수화물,만니톨",,전문의약품,완제의약품,허가,제조,,,,,,,N,"8806789011709,8806789011716,8806789013314,8806789013307",N02BE01,201903045,,,Acetaminophen
202302028,아세투펜연질캡슐,Acetwopen Soft Cap.,(주)알피바이오,RP Bio Inc.,2023-07-03,의약품,5306,취하,2026-01-06,아세트아미노펜/리보플라빈부티레이트,"콩기름,레시틴,락색소,젤라틴,소르비톨액(비결정성),홍화황색소,산화티탄,야자경화유,황납,농글리세린",,일반의약품,완제의약품,신고,제조,,,,,,,N,,,,,,Acetaminophen/Riboflavin Butyrate
201907093,아세트라돌세미정,Acetradol Semi Tab.,독립바이오제약(주),"DNBIO Pharm, Inc.",2019-10-07,의약품,43,정상,,트라마돌염산염/아세트아미노펜,"미결정셀룰로오스,크로스포비돈,스테아르산마그네슘,전호화전분,오파드라이II노란색(85F420033)",,전문의약품,완제의약품,허가,제조,,장방형,,,12.0,5.4,N,"8800577004300,8800577004317,8800577004324",N02AJ13,201907093,,,Tramadol Hydrochloride/Acetaminophen
201905955,아세트라돌정,Acetradol Tab.,독립바이오제약(주),"DNBIO Pharm, Inc.",2019-08-23,의약품,32,정상,,트라마돌염산염/아세트아미노펜,"미결정셀룰로오스,크로스포비돈,스테아르산마그네슘,전호화전분,오파드라이II노란색(85F420033)",,전문의약품,완제의약품,허가,제조,,장방형,,,15.6,6.7,N,"8800577003006,8800577003013,8800577003020",N02AJ13,201905955,,,Tramadol Hydrochloride/Acetaminophen
201900998,아세트라셋서방정,Acetracet ER Tab.,풍림무약(주),"RICHWOOD TRADING COMPANY, LTD.",2019-02-19,의약품,5111,취하,2023-08-21,아세트아미노펜/트라마돌염산염,"저치환도히드록시프로필셀룰로오스,크로스포비돈,히프로멜로오스,콜로이드성이산화규소,포비돈,스테아르산마그네슘,오파드라이II노란색(85F420033)",,전문의약품,완제의약품,허가,제조,,,,,,,N,"8806490019001,8806490019018,8806490019025",N02AJ13,201900998,,,Acetaminophen/Tramadol Hydrochloride
201901007,아세트라셋세미서방정,Acetracet Semi ER Tab.,풍림무약(주),"RICHWOOD TRADING COMPANY, LTD.",2019-02-19,의약품,5112,정상,,아세트아미노펜/트라마돌염산염,"저치환도히드록시프로필셀룰로오스,크로스포비돈,히프로멜로오스,콜로이드성이산화규소,포비돈,스테아르산마그네슘,오파드라이II노란색(85F420033)",,전문의약품,완제의약품,허가,제조,,원형,,,9.9,9.9,N,"8806490018905,8806490018912,8806490018929",N02AJ13,201901007,,,Acetaminophen/Tramadol Hydrochloride
200705597,아세트라셋세미정,Acetracet Semi Tab.,풍림무약(주),"RICHWOOD TRADING COMPANY, LTD.",2007-05-16,의약품,106,정상,,아세트아미노펜/트라마돌염산염,"저치환도히드록시프로필셀룰로오스,크로스포비돈,스테아르산마그네슘,콜로이드성이산화규소,포비돈,오파드라이II노란색(85F42086)",,전문의약품,완제의약품,신고,제조,,장방형,,,12.0,5.1,N,"8806490001402,8806490001419,8806490001426",N02AJ13,200705597,,,Acetaminophen/Tramadol Hydrochloride
200705598,아세트라셋정,Acetracet Tab.,풍림무약(주),"RICHWOOD TRADING COMPANY, LTD.",2007-05-16,의약품,105,정상,,아세트아미노펜/트라마돌염산염,"저치환도히드록시프로필셀룰로오스,크로스포비돈,스테아르산마그네슘,콜로이드성이산화규소,포비돈,오파드라이II노란색(85F42086)",,전문의약품,완제의약품,신고,제조,,장방형,,,15.6,6.5,N,"8806490001501,8806490001518,8806490001525",N02AJ13,200705598,,,Acetaminophen/Tramadol Hydrochloride
200804633,아세트람세미정,Acetramsemi Tab.,(주)바이넥스,"Binex Co., Ltd.",2008-04-25,의약품,507,정상,,아세트아미노펜/트라마돌염산염,"오파드라이흰색(03B28796),황색산화철,스테아르산마그네슘,전호화전분,분말셀룰로오스,옥수수전분,전분글리콜산나트륨,적색산화철",,전문의약품,완제의약품,신고,제조,,장방형,,,12.1,5.2,N,"8806431023302,8806431023319,8806431023326",N02AJ13,200804633,,,Acetaminophen/Tramadol Hydrochloride
201905099,아세트엠8시간이알서방정650밀리그램(아세트아미노펜),Actetem ER Tab.,(주)마더스제약,MOTHER'S PHARMACEUTICAL.,2019-07-22,의약품,5277,정상,,아세트아미노펜,"탭쉴드흰색 11W001,미결정셀룰로오스,스테아르산마그네슘,포비돈,전호화전분,옥수수전분,전분글리콜산나트륨,히드록시에틸셀룰로오스,히드록시프로필셀룰로오스",,일반의약품,완제의약품,허가,제조,,타원형,,,19.2,7.6,N,"8806228036508,8806228036515,8806228036522",N02BE01,,201905099,,Acetaminophen
202402431,아세트원큐산500밀리그램(아세트아미노펜),ACET One-Q powder 500mg(Acetaminophen),동아제약(주),"Dong-A Pharmaceutical Co., Ltd.",2024-10-15,의약품,5208,정상,,아세트아미노펜,"에틸셀룰로오스,조합향료(레몬향코튼),트리에틸시트르산염,조합향료(레몬향분말 JP3-25559E),자일리톨,히드록시프로필베타덱스,수크랄로스,스테아르산마그네슘,콜로이드성이산화규소,탤크,조합향료(천연레몬분말향 82203),조합향료(유자향분말 9),조합향료(유자라임향분말 JP3-25532E),조합향료(레몬향분말 JP3-25558E),조합향료(시트러스향분말 3)",,일반의약품,완제의약품,신고,제조,,,,,,,N,,,,,,Acetaminophen
201804429,아세트펜프리믹스주(아세트아미노펜),Acetphen Premix Inj.,에이치케이이노엔(주),HK inno.N corporation,2018-11-07,의약품,5154,정상,,아세트아미노펜,"인산일수소나트륨무수물,수산화나트륨,L-시스테인염산염일수화물,염산,주사용수,D-만니톨",,전문의약품,완제의약품,신고,제조,,,,,,,N,"8806400072911,8806400072904,8806400074014,8806400074007",N02BE01,,,,Acetaminophen
201908090,아세파주(아세트아미노펜),Acepha Inj,경동제약(주),"KyungDong Pharm. Co., Ltd.",2019-11-26,의약품,5152,정상,,아세트아미노펜,"무수인산일수소나트륨,수산화나트륨,L-시스테인염산염일수화물,염산,주사용수,D-만니톨",,전문의약품,완제의약품,신고,제조,,,,,,,N,"8806481044005,8806481044012",N02BE01,,,,Acetaminophen
202204455,아세페린정,acepherin Tab,(주)엘앤씨바이오,L&C BIO,2022-12-09,의약품,135,정상,,아세트아미노펜/카페인무수물/에페드린염산염,"미결정셀룰로오스,유당수화물,스테아르산마그네슘,경질무수규산",,일반의약품,완제의약품,신고,제조,,원형,,,9.6,9.6,N,"8800605009000,8800605009017,8800605009024",R05X,,202204455,,Acetaminophen/Anhydrous Caffeine/Ephedrine Hydrochloride
202005438,아세페인주(아세트아미노펜),Acepain Inj. (Acetaminophen),구주제약(주),"GUJU Pharm Co., Ltd.",2020-07-27,의약품,5176,정상,,아세트아미노펜,"인산일수소나트륨무수물,수산화나트륨,L-시스테인염산염일수화물,염산,주사용수,D-만니톨",,전문의약품,완제의약품,신고,제조,,,,,,,N,"8806698057805,8806698057812",N02BE01,202005438,,,Acetaminophen
200102577,아세핀정(아세트아미노펜제피세립),Acepin Tab.,신일제약(주),Sinil Pharm,2001-08-01,의약품,381,정상,,아세트아미노펜제피세립,"크로스카르멜로오스나트륨,미결정셀룰로오스,유당수화물,이산화규소,딸기코튼,스테아르산마그네슘",,일반의약품,완제의약품,신고,제조,,원형,,,11.5,11.5,N,"8806538018805,8806538018812,8806538018829",N02BE01,,200102577,,Microencapsulated Acetaminophen
201804476,아슈펜정,Ashuphen Tablet,에이치엘비제약(주),"HLB Pharmaceutical Co., Ltd.",2018-11-12,의약품,5115,취하,2025-12-12,에페드린염산염/카페인무수물/아세트아미노펜,"미결정셀룰로오스,스테아르산마그네슘,전분글리콜산나트륨,히드록시프로필셀룰로오스",,일반의약품,완제의약품,신고,제조,,,,,,,N,"8806473035301,8806473035318",R05X,,201804476,,Ephedrine Hydrochloride/Anhydrous Caffeine/Acetaminophen
201802075,아스타펜이알서방정(아세트아미노펜),Astaphen ER Tab.(Acetaminophen),삼남제약(주),"SAMNAM PHARMACEUTICAL CO., LTD",2018-05-16,의약품,207,유효기간만료,2023-05-16,아세트아미노펜,"미결정셀룰로오스,오파드라이03B28796,스테아르산마그네슘,포비돈,전호화전분,옥수수전분,전분글리콜산나트륨,히드록시에틸셀룰로오스,히드록시프로필셀룰로오스",,일반의약품,완제의약품,허가,제조,,,,,,,N,,,,,,Acetaminophen
199601337,아스타펜정160밀리그람(아세트아미노펜제피세립),Astaphen Tab. 160mg(Acetaminophen Encapsulated),삼남제약(주),"SAMNAM PHARMACEUTICAL CO., LTD",1996-12-17,의약품,44,유효기간만료,2024-01-01,아세트아미노펜제피세립,"크로스카르멜로오스나트륨,스테아르산,미결정셀룰로오스,아스파탐,스트로베리미크론,D-만니톨",,일반의약품,완제의약품,신고,제조,,,,,,,N,"8806537008203,8806537008210,8806537008227",N02BE01,,199601337,,Microencapsulated Acetaminophen
199601338,아스타펜정325밀리그람(아세트아미노펜제피세립),Astaphen Tab. 325mg(Acetaminophen Encapsulated),삼남제약(주),"SAMNAM PHARMACEUTICAL CO., LTD",1996-12-17,의약품,45,정상,,아세트아미노펜제피세립,"크로스카르멜로오스나트륨,스테아르산,미결정셀룰로오스,탤크",,일반의약품,완제의약품,신고,제조,,장방형,,,13.6,7.5,N,"8806537008302,8806537008319,8806537008326,8806537008333",N02BE01,,199601338,,Microencapsulated Acetaminophen
201905262,아스트라셋세미정,Astraset-semi Tab.,(주)셀비온,"CellBion Co., Ltd.",2019-07-24,의약품,26,정상,,트라마돌염산염/아세트아미노펜,"라우릴황산나트륨,오파드라이노란색(85F12347),미결정셀룰로오스,스테아르산마그네슘,옥수수전분,전분글리콜산나트륨",,전문의약품,완제의약품,허가,제조,,장방형,,,11.8,4.8,N,"8800558002509,8806230053104,8800558002523,8806230053111,8800558002516,8806230053128",N02AJ13,,,,Tramadol Hydrochloride/Acetaminophen
201905261,아스트라셋정,Astraset Tab.,(주)셀비온,"CellBion Co., Ltd.",2019-07-24,의약품,27,정상,,트라마돌염산염/아세트아미노펜,"라우릴황산나트륨,오파드라이노란색(85F12347),미결정셀룰로오스,스테아르산마그네슘,옥수수전분,전분글리콜산나트륨",,전문의약품,완제의약품,허가,제조,,장방형,,,15.5,6.4,N,"8800558002301,8806230053203,8800558002325,8806230053210,8800558002318,8806230053227",N02AJ13,,,,Tramadol Hydrochloride/Acetaminophen
201904585,아쎄타몰주(아세트아미노펜),Acetamol Inj.,(주)동구바이오제약,"DongKoo Bio&Pharma Co., Ltd.",2019-07-05,의약품,5249,정상,,아세트아미노펜,"인산수소나트륨이수화물,수산화나트륨,염산,주사용수,시스테인염산염수화물,만니톨",,전문의약품,완제의약품,신고,제조,,,,,,,N,"8806573077102,8806573077119",N02BE01,201904585,,,Acetaminophen
201104314,아웃콜목골드캡슐,Outcolmok Gold Cap.,정우신약(주),"Jung Woo Pharm Co.,Ltd.",2011-07-11,의약품,5014,정상,,덱스트로메토르판브롬화수소산염수화물/황련엑스산/길경엑스산/아세트아미노펜/에텐자미드/클로르페니라민말레산염,"유당수화물,포비돈,스테아르산마그네슘,옥수수전분,캡슐",,일반의약품,완제의약품,신고,제조,,장방형,,,21.4,7.33,N,"8806942031605,8806942031612,8806942031636,8806942031629",R05X,,201104314,,Dextromethorphan Hydrobromide Hydrate/Coptis Rhizome Extract Powder/Platycodon Root Extract Powder/Acetaminophen/Ethenzamide/Chlorpheniramine Maleate
200000744,아웃콜에프캡슐,Outcol F Cap.,정우신약(주),"Jung Woo Pharm Co.,Ltd.",2000-12-19,의약품,5001,정상,,소청룡탕건조엑스/아세트아미노펜/티페피딘히벤즈산염/클로르페니라민말레산염/카페인무수물,"콜로이달실리콘디옥사이드,유당수화물,스테아르산마그네슘,옥수수전분,캡슐",,일반의약품,완제의약품,신고,제조,,장방형,,,21.67,6.97,N,"8806510002600,8806942000205,8806510002617,8806942000212,8806942000229,8806942000236,8806942000243,8806942000250,8806942000267,8806942000274",R05X,,200000744,,Socheongryongtang Dried Extract/Acetaminophen/Tipepidine Hibenzate/Chlorpheniramine Maleate/Anhydrous Caffeine
201104019,아웃콜코정,Outcol Co Tab.,정우신약(주),"Jung Woo Pharm Co.,Ltd.",2011-06-29,의약품,5012,정상,,아세트아미노펜/클로르페니라민말레산염/카페인무수물/수도에페드린염산염/소청룡탕건조엑스,"프로필렌글리콜,미결정셀룰로오스,히프로멜로오스2910,피마자유,유당수화물,산화티탄,콜로이드성이산화규소,스테아르산마그네슘,카르나우바납,카르복시메틸셀룰로오스칼슘,옥수수전분,전분글리콜산나트륨,히드록시프로필셀룰로오스,청색1호",,일반의약품,완제의약품,신고,제조,,장방형,,,18.14,7.37,N,"8806942031506,8806942031513",R05X,,201104019,,Acetaminophen/Chlorpheniramine Maleate/Anhydrous Caffeine/Pseudoephedrine Hydrochloride/Socheongryongtang Dried Extract
202302183,아이렌정,Irene Tab.,영일제약(주),YoungilPharm,2023-07-18,의약품,5134,정상,,아세트아미노펜/카페인무수물/에페드린염산염,"미결정셀룰로오스,유당수화물,스테아르산마그네슘,경질무수규산",,일반의약품,완제의약품,신고,제조,,원형,,,9.6,9.6,N,"8806494057009,8806494057016,8806494057023",R05X,,202302183,,Acetaminophen/Anhydrous Caffeine/Ephedrine Hydrochloride
202503395,아임파인-콜드연질캡슐,I'M FINE-COLD Soft Cap.,(주)알피바이오,RP Bio Inc.,2025-12-26,의약품,5331,정상,,아세트아미노펜/클로르페니라민말레산염/슈도에페드린염산염/DL-메틸에페드린염산염/덱스트로메토르판브롬화수소산염수화물/육계 가루,"프로필렌글리콜,폴리에틸렌글리콜4000,치자청색소,폴리에틸렌글리콜400,젤라틴,산화티탄,소르비톨스페셜글리세린블렌드,카카오색소,정제수",,일반의약품,완제의약품,신고,제조,,,,,,,N,"8806616059706,8806616059713,8806616059720",R05X,,,,Acetaminophen/Chlorpheniramine Maleate/Pseudoephedrine Hydrochloride/DL-Methylephedrine Hydrochloride/Dextromethorphan Hydrobromide Hydrate/Cinnamon Bark Powder
201900824,아카에정,Acae Tab.,한국휴텍스제약(주),"HUTECS KOREA PHARMACEUTICAL CO.,LTD.",2019-02-07,의약품,5246,정상,,아세트아미노펜/에페드린염산염/카페인무수물,"라우릴황산나트륨,저치환도히드록시프로필셀룰로오스,미결정셀룰로오스,크로스포비돈,유당수화물,포비돈,스테아르산마그네슘,전분글리콜산나트륨",,일반의약품,완제의약품,신고,제조,,타원형,,,14.8,7.9,N,"8806491042602,8806491042619",R05X,,201900824,,Acetaminophen/Ephedrine Hydrochloride/Anhydrous Caffeine
201302260,아카펜에스정,ACAFEN-S TAB.,(주)셀릭스,NEWGENPHARM INC.,2013-01-25,의약품,5022,정상,,아세트아미노펜/에페드린염산염/카페인무수물,"적색3호,미결정셀룰로오스,유당수화물,이산화규소,젤라틴,포비돈,스테아르산마그네슘,전분글리콜산나트륨,히드록시프로필셀룰로오스",,일반의약품,완제의약품,신고,제조,,원형,,,11,11,N,"8806462035602,8806462035619,8806462035626,8806462035633",R05X,,201302260,,Acetaminophen/Ephedrine Hydrochloride/Anhydrous Caffeine
202002553,아카펜정,ACAFEN TAB.,(주)셀릭스,NEWGENPHARM INC.,2020-04-10,의약품,5096,정상,,아세트아미노펜/에페드린염산염/카페인무수물,"적색3호,미결정셀룰로오스,유당수화물,이산화규소,젤라틴,포비돈,스테아르산마그네슘,전분글리콜산나트륨,히드록시프로필셀룰로오스",,일반의약품,완제의약품,신고,제조,,원형,,,7.6,7.6,N,"8806462042600,8806462042617",R05X,,202002553,,Acetaminophen/Ephedrine Hydrochloride/Anhydrous Caffeine
202401380,아콕스펜리보산,Acoxpenlibopowder,주식회사 제이비케이랩,"JBKLAB Co., Ltd",2024-06-03,의약품,5061,정상,,아세트아미노펜/리보플라빈,"에틸셀룰로오스,트리에틸시트르산염,자일리톨,히드록시프로필베타덱스,수크랄로스,콜로이드성이산화규소,스테아르산마그네슘,탤크,조합향료(천연베리허브향(CMN)),조합향료(천연베리과일향분말)",,일반의약품,완제의약품,신고,제조,,,,,,,N,"8800789000305,8806624063207,8800789000312,8806624063214,8800789000329,8800789000336,8800789000343",N02BE51,,202401380,,Acetaminophen/Riboflavin
202502520,아콕스펜정500밀리그램(아세트아미노펜),Acoxpen Tab. 500mg(Acetaminophen),주식회사 제이비케이랩,"JBKLAB Co., Ltd",2025-09-23,의약품,5073,정상,,아세트아미노펜,"저치환도히드록시프로필셀룰로오스,크로스카르멜로오스나트륨,알긴산나트륨,미결정셀룰로오스,오파드라이흰색(03B28796),스테아르산마그네슘,경질무수규산,히드록시프로필셀룰로오스,조합향료(천연베리허브향 CMN)",,일반의약품,완제의약품,신고,제조,,타원형,,,17.5,7.0,N,"8800789002613,8800789002606",N02BE01,,,,Acetaminophen
200800614,아클린정,,(주)아이월드제약,"i-World Pharm Co., Ltd.",2008-01-15,의약품,531,유효기간만료,2024-01-01,아세트아미노펜/클로르족사존,"미결정셀룰로오스,유당수화물,폴리에틸렌글리콜6000,스테아르산마그네슘,히프로멜로오스 2910,카르복시메틸셀룰로오스칼슘,옥수수전분,전분글리콜산나트륨,청색 1호,히드록시프로필셀룰로오스",,일반의약품,완제의약품,신고,제조,,,,,,,N,"8806696029705,8806696029712,8806696029729",M03BB53,,200800614,,Acetaminophen/Chlorzoxazone
200712647,아트놀셋세미정,Atnolcet Semi Tab.,(주)테라젠이텍스,"THERAGEN ETEX CO., LTD.",2007-11-20,의약품,332,정상,,트라마돌염산염/아세트아미노펜,"전분 글리콘산나트륨,스테아르산마그네슘,전호화전분,오파드라이 II 노란색(85F12347),분말셀룰로오스,옥수수전분",,전문의약품,완제의약품,신고,제조,,장방형,,,12.09,5.12,N,"8806545024202,8806985007605,8806545024219,8806985007612,8806545024226,8806985007629,8806545024233,8806985007636,8806545024240,8806985007643",N02AJ13,200712647,,,Tramadol Hydrochloride/Acetaminophen
200712648,아트놀셋정,Atnolcet Tab.,(주)테라젠이텍스,"THERAGEN ETEX CO., LTD.",2007-11-20,의약품,333,정상,,트라마돌염산염/아세트아미노펜,"전분글리콜산나르륨,저치환도히드록시프로필셀룰로오스,오파드라이II85F12347옐로우,스테아르산마그네슘,오파드라이Ⅱ노란색(85F12347),카르나우바납,전호화전분,카르복시메틸셀룰로오스칼슘,분말셀룰로오스,옥수수전분,전분글리콜산나트륨,히드록시프로필셀룰로오스",,전문의약품,완제의약품,신고,제조,,장방형,,,15.58,6.45,N,"8806545024301,8806985007704,8806545024318,8806985007711,8806545024325,8806985007728,8806545024332,8806985007735,8806545024349,8806985007742,8806985007759",N02AJ13,200712648,,,Tramadol Hydrochloride/Acetaminophen
202002319,아트라돌서방정,Atradol SR Tab.,(주)유앤생명과학,Yu&life sciences,2020-04-02,의약품,98,취하,2025-02-21,아세트아미노펜/트라마돌염산염,"저치환도히드록시프로필셀룰로오스,크로스포비돈,히프로멜로오스,콜로이드성이산화규소,포비돈,스테아르산마그네슘,오파드라이Ⅱ노란색(85F420033)",,전문의약품,완제의약품,허가,제조,,,,,,,N,"8800588009707,8800588009714,8800588009721",N02AJ13,202002319,,,Acetaminophen/Tramadol Hydrochloride
202002318,아트라돌세미서방정,Atradol Semi SR Tab.,(주)유앤생명과학,Yu&life sciences,2020-04-02,의약품,97,취하,2025-02-21,아세트아미노펜/트라마돌염산염,"저치환도히드록시프로필셀룰로오스,크로스포비돈,히프로멜로오스,콜로이드성이산화규소,포비돈,스테아르산마그네슘,오파드라이Ⅱ노란색(85F420033)",,전문의약품,완제의약품,허가,제조,,,,,,,N,"8800588009806,8800588009813,8800588009820",N02AJ13,202002318,,,Acetaminophen/Tramadol Hydrochloride
202001487,아트라돌세미정,Atradol Semi Tab.,(주)유앤생명과학,Yu&life sciences,2020-03-03,의약품,83,취하,2025-02-27,아세트아미노펜/트라마돌염산염,"미결정셀룰로오스,크로스포비돈,스테아르산마그네슘,전호화전분,오파드라이II노란색(85F420033)",,전문의약품,완제의약품,허가,제조,,,,,,,N,"8800588008205,8800588008212,8800588008229,8800588008236",N02AJ13,202001487,,,Acetaminophen/Tramadol Hydrochloride
202001486,아트라돌정,Atradol Tab.,(주)유앤생명과학,Yu&life sciences,2020-03-03,의약품,82,취하,2025-02-27,아세트아미노펜/트라마돌염산염,"미결정셀룰로오스,크로스포비돈,스테아르산마그네슘,전호화전분,오파드라이II노란색(85F420033)",,전문의약품,완제의약품,허가,제조,,,,,,,N,"8800588008304,8800588008311,8800588008328",N02AJ13,202001486,,,Acetaminophen/Tramadol Hydrochloride
202003201,아트라센세미정,Atracen semi Tab.,한국유니온제약(주),"Union Korea Pharm Co. LTD.,",2020-04-29,의약품,5197,정상,,아세트아미노펜/트라마돌염산염,"오파드라이노란색(85F12347),미결정셀룰로오스,폴리에틸렌글리콜6000,백당,스테아르산마그네슘,전분글리콜산나트륨,히드록시프로필셀룰로오스",,전문의약품,완제의약품,허가,제조,,장방형,,,12.0,5.4,N,"8806496056703,8806655082307,8806496056710,8806655082314,8806496056727,8806655082321,8806496056734,8806655082338",N02AJ13,,,,Acetaminophen/Tramadol Hydrochloride
200805301,아트라센정,Atracen Tab.,한국유니온제약(주),"Union Korea Pharm Co. LTD.,",2008-05-09,의약품,705,정상,,아세트아미노펜/트라마돌염산염,"오파드라이노란색(85F12347),저치환도히드록시프로필셀룰로오스,미결정셀룰로오스,폴리에틸렌글리콜6000,백당,스테아르산마그네슘,전호화전분,경질무수규산,전분글리콜산나트륨,히드록시프로필셀룰로오스",,전문의약품,완제의약품,신고,제조,,장방형,,,15.4,6.3,N,"8806655054007,8806655054014,8806655054021",N02AJ13,200805301,,,Acetaminophen/Tramadol Hydrochloride
200804778,아트라셋세미정,Atracet Semi Tab.,(주)한국피엠지제약,"PMG Pharm. Co., Ltd.",2008-04-28,의약품,104,정상,,트라마돌염산염/아세트아미노펜,"라우릴황산나트륨,오파드라이노란색(85F12347),미결정셀룰로오스,스테아르산마그네슘,옥수수전분,전분글리콜산나트륨",,전문의약품,완제의약품,신고,제조,,장방형,,,12.0,5.4,N,"8806695008305,8806971000801,8806695008312,8806971000818,8806695008329,8806971000825,8806695008336",N02AJ13,200804778,,,Tramadol Hydrochloride/Acetaminophen
200804859,아트라셋정,Atracet Tab.,(주)한국피엠지제약,"PMG Pharm. Co., Ltd.",2008-04-29,의약품,105,정상,,트라마돌염산염/아세트아미노펜,"라우릴황산나트륨,오파드라이노란색(85F12347),미결정셀룰로오스,스테아르산마그네슘,옥수수전분,전분글리콜산나트륨",,전문의약품,완제의약품,신고,제조,,장방형,,,15.4,6.6,N,"8806695008404,8806971000405,8806695008411,8806971000412,8806695008428,8806971000429,8806695008435,8806971000436",N02AJ13,200804859,,,Tramadol Hydrochloride/Acetaminophen
201902454,아트라쿨서방정,Atracool ER Tablet,(주)한국파비스제약,"Pharvis Korea co., Ltd.",2019-04-19,의약품,5151,정상,,아세트아미노펜/트라마돌염산염,"저치환도히드록시프로필셀룰로오스,크로스포비돈,히프로멜로오스,콜로이드성이산화규소,포비돈,스테아르산마그네슘,오파드라이Ⅱ노란색(85F420033)",,전문의약품,완제의약품,허가,제조,,장방형,,,19.2,8.6,N,"8806218035818,8806218035825,8806218035801",N02AJ13,201902454,,,Acetaminophen/Tramadol Hydrochloride
201902453,아트라쿨세미서방정,Atracool Semi ER Tablet,(주)한국파비스제약,"Pharvis Korea co., Ltd.",2019-04-19,의약품,5150,정상,,아세트아미노펜/트라마돌염산염,"저치환도히드록시프로필셀룰로오스,크로스포비돈,히프로멜로오스,콜로이드성이산화규소,포비돈,스테아르산마그네슘,오파드라이Ⅱ노란색(85F420033)",,전문의약품,완제의약품,허가,제조,,원형,,,9.9,9.9,N,"8806218035917,8806218035924,8806218035900",N02AJ13,201902453,,,Acetaminophen/Tramadol Hydrochloride
201903417,아트라쿨세미정,Atracool Semi Tablet,(주)한국파비스제약,"Pharvis Korea co., Ltd.",2019-05-27,의약품,5162,정상,,트라마돌염산염/아세트아미노펜,"미결정셀룰로오스,크로스포비돈,스테아르산마그네슘,전호화전분,오파드라이II노란색(85F420033)",,전문의약품,완제의약품,허가,제조,,장방형,,,12.1,5.5,N,"8806218037102,8806218037119,8806218037126",N02AJ13,201903417,,,Tramadol Hydrochloride/Acetaminophen
200805273,"아트라쿨정(트라마돌염산염,아세트아미노펜)",Atracool Tablet,(주)한국파비스제약,"Pharvis Korea co., Ltd.",2008-05-08,의약품,233,정상,,아세트아미노펜/트라마돌염산염,"미결정셀룰로오스,적색40호알루미늄레이크,오파드라이흰색(03B28796),황색산화철,황색203호(알루미늄레이크),스테아르산마그네슘,경질무수규산,전분글리콜산나트륨,히드록시프로필셀룰로오스",,전문의약품,완제의약품,신고,제조,,장방형,,,15.3,6.1,N,"8806218022207,8806836019306,8806836019313,8806218022221,8806836019320,8806218022214,8806836019337,8806218022238",N02AJ13,,,,Acetaminophen/Tramadol Hydrochloride
200805737,아트라펜세미정,Atraphen Semi Tab.,한국프라임제약(주),"KOREA PRIME PHARM CO.,LTD",2008-05-22,의약품,535,정상,,트라마돌염산염/아세트아미노펜,"라우릴황산나트륨,저치환도히드록시프로필셀룰로오스,크로스포비돈,스테아르산마그네슘,콜로이드성이산화규소,포비돈,탭쉴드주황색(11O636)",,전문의약품,완제의약품,신고,제조,,장방형,,,12.0,5.5,N,"8806636028409,8806636028416,8806636028423,8806636028430,8806636028447,8806636028454,8806636028461,8806636028478",N02AJ13,200805737,,,Tramadol Hydrochloride/Acetaminophen
200804586,아트라펜정,Atraphen Tab.,한국프라임제약(주),"KOREA PRIME PHARM CO.,LTD",2008-04-24,의약품,534,정상,,트라마돌염산염/아세트아미노펜,"라우릴황산나트륨,저치환도히드록시프로필셀룰로오스,크로스포비돈,탭쉴드주황색(11O537),스테아르산마그네슘,콜로이드성이산화규소,포비돈",,전문의약품,완제의약품,신고,제조,,장방형,,,15,7,N,"8806636028102,8806636028119,8806636028126,8806636028133,8806636028140,8806636028157,8806636028164,8806636028171,8806636028195,8806636028188",N02AJ13,200804586,,,Tramadol Hydrochloride/Acetaminophen
201907325,아트마셋세미정,,(주)아리제약,aripharma,2019-10-17,의약품,51,정상,,아세트아미노펜/트라마돌염산염,"오파드라이흰색(03B28796),황색산화철,스테아르산마그네슘,전호화전분,분말셀룰로오스,옥수수전분,전분글리콜산나트륨,적색산화철",,전문의약품,완제의약품,허가,제조,,장방형,,,12.1,5.2,N,"8800582005200,8800582005217,8800582005224",N02AJ13,,,,Acetaminophen/Tramadol Hydrochloride
201907326,아트마셋정,,(주)아리제약,aripharma,2019-10-17,의약품,52,정상,,아세트아미노펜/트라마돌염산염,"오파드라이흰색(03B28796),황색산화철,스테아르산마그네슘,전호화전분,분말셀룰로오스,옥수수전분,전분글리콜산나트륨,적색산화철",,전문의약품,완제의약품,허가,제조,,장방형,,,15.6,6.5,N,"8800582004807,8800582004814,8800582004821",N02AJ13,,,,Acetaminophen/Tramadol Hydrochloride
200705595,아트세미정,Artsemi Tablet,알보젠코리아(주),"Alvogen Korea Co., Ltd.",2007-05-16,의약품,475,정상,,아세트아미노펜/트라마돌염산염,"저치환도히드록시프로필셀룰로오스,포비돈 K-30,크로스포비돈,스테아르산마그네슘,콜로이드성이산화규소,오파드라이II노란색(85F42086)",,전문의약품,완제의약품,신고,제조,,장방형,,,12.1,5.1,N,"8806526041907,8806559017702,8806526041914,8806559017719,8806526041921,8806559017726,8806526041938,8806559017733",N02AJ13,200705595,,,Acetaminophen/Tramadol Hydrochloride
200705596,아트정,Art Tablet,알보젠코리아(주),"Alvogen Korea Co., Ltd.",2007-05-16,의약품,476,정상,,아세트아미노펜/트라마돌염산염,"저치환도히드록시프로필셀룰로오스,포비돈 K30,크로스포비돈,스테아르산마그네슘,콜로이드성이산화규소,오파드라이II노란색(85F42086)",,전문의약품,완제의약품,신고,제조,,장방형,,,15.6,6.4,N,"8806526042805,8806559017801,8806526042812,8806559017818,8806526042829,8806559017825,8806526042836,8806559017832",N02AJ13,200705596,,,Acetaminophen/Tramadol Hydrochloride
202002591,아트펜주(아세트아미노펜),Artphen Inj.,(주)씨엠지제약,"CMG Pharmaceutical Co., Ltd",2020-04-13,의약품,5158,정상,,아세트아미노펜,"무수인산일수소나트륨,수산화나트륨,L-시스테인염산염일수화물,염산,주사용수,D-만니톨",,전문의약품,완제의약품,신고,제조,,,,,,,N,"8806486040507,8806486040514",N02BE01,202002591,,,Acetaminophen
202002300,아티시정,Aticy Tab.,한국코러스(주),"Hankook Korus Pharm. Co., Ltd",2020-04-02,의약품,5302,취하,2023-10-25,아세트아미노펜/클로르족사존,"저치환도히드록시프로필셀룰로오스,미결정셀룰로오스,콜로이드성이산화규소,스테아르산마그네슘,전분글리콜산나트륨",,일반의약품,완제의약품,신고,제조,,,,,,,N,"8806472056703,8806472056710",M03BB53,,,,Acetaminophen/Chlorzoxazone
201401475,아페린씨정,"Apherine-C Tab. (Acetaminophen, ephedrine hydrochloride, anhydrous caffeine)",(주)휴온스,"Huons Co., Ltd.",2014-03-28,의약품,5128,정상,,에페드린염산염/카페인무수물/아세트아미노펜,"황색5호,미결정셀룰로오스,크로스포비돈,황색4호,폴리에틸렌글리콜6000,스테아르산마그네슘,전호화전분,히드록시프로필셀룰로오스",,일반의약품,완제의약품,신고,제조,,장방형,,,13.8,6.3,N,"8806706068502,8806706068519,8806706068526,8806706068533",R05X,,201401475,,Ephedrine Hydrochloride/Anhydrous Caffeine/Acetaminophen
200403167,아페린정,"Apherine Tab. (Acetaminophen, ephedrine hydrochloride, anhydrous caffeine)",(주)휴온스,"Huons Co., Ltd.",2004-10-07,의약품,551,정상,,에페드린염산염/카페인무수물/아세트아미노펜,"미결정셀룰로오스,크로스포비돈,폴리에틸렌글리콜6000,스테아르산마그네슘,전호화전분,히드록시프로필셀룰로오스",,일반의약품,완제의약품,신고,제조,,장방형,,,13.8,6.3,N,"8806706015209,8806706015216,8806706015223,8806706015230",R05X,,200403167,,Ephedrine Hydrochloride/Anhydrous Caffeine/Acetaminophen
202400375,아페린플러스비씨정,Aperin Plus BC Tab.,(주)휴온스,"Huons Co., Ltd.",2024-02-21,의약품,5333,정상,,에페드린염산염/카페인무수물/아세트아미노펜/아스코르브산과립97%/티아민질산염/리보플라빈,"미결정셀룰로오스,크로스포비돈,오파드라이 QX 노란색(321A220012),폴리에틸렌글리콜6000,스테아르산마그네슘,전호화전분,히드록시프로필셀룰로오스",,일반의약품,완제의약품,신고,제조,,타원형,,,14.1,8.1,N,"8806706092804,8806706092811",R05X,,202400375,,Ephedrine Hydrochloride/Anhydrous Caffeine/Acetaminophen/Ascorbic Acid Granules 97%/Thiamine Nitrate/Riboflavin
202400374,아페린플러스비정,Aperin Plus B Tab.,(주)휴온스,"Huons Co., Ltd.",2024-02-21,의약품,5332,정상,,에페드린염산염/카페인무수물/아세트아미노펜/티아민질산염/리보플라빈,"미결정셀룰로오스,크로스포비돈,폴리에틸렌글리콜6000,오파드라이 QX 초록색 (321A110028),스테아르산마그네슘,전호화전분,히드록시프로필셀룰로오스",,일반의약품,완제의약품,신고,제조,,타원형,,,13.1,7.1,N,"8806706092705,8806706092712",R05X,,202400374,,Ephedrine Hydrochloride/Anhydrous Caffeine/Acetaminophen/Thiamine Nitrate/Riboflavin
202103680,아페인큐정,Affeine Q Tab.,주식회사 노바엠헬스케어,"Nova M Healthcare Co.,Ltd",2021-05-06,의약품,3,정상,,아세트아미노펜/에페드린염산염/카페인무수물,"적색3호,미결정셀룰로오스,이산화규소,크로스카멜로오스나트륨,스테아르산마그네슘,히드록시프로필셀룰로오스",,일반의약품,완제의약품,신고,제조,,원형,,,11.0,11.0,N,"8800732000307,8800732000314",R05X,,202103680,,Acetaminophen/Ephedrine Hydrochloride/Anhydrous Caffeine
201707662,"아펜트라세미정(트라마돌염산염, 아세트아미노펜)",Aphentra semi Tab,한국넬슨제약(주),"Hankooknelsonpharm.Co.,Ltd",2017-10-31,의약품,249,정상,,트라마돌염산염/아세트아미노펜,"라우릴황산나트륨,오파드라이노란색(85F12347),미결정셀룰로오스,스테아르산마그네슘,옥수수전분,전분글리콜산나트륨",,전문의약품,완제의약품,허가,제조,,장방형,,,11.7,4.7,N,"8800551001202,8806567023214,8800551001219,8806567023221,8800551001226,8806567023207",N02AJ13,,,,Tramadol Hydrochloride/Acetaminophen
200805810,아펜트라정,Aphentra Tab.,한국넬슨제약(주),"Hankooknelsonpharm.Co.,Ltd",2008-05-26,의약품,194,정상,,트라마돌염산염/아세트아미노펜,"미결정셀룰로오스,크로스포비돈,스테아르산마그네슘,전호화전분,오파드라이Ⅱ노란색(85F420033)",,전문의약품,완제의약품,신고,제조,,장방형,,,15.45,6.61,N,"8806567014700,8806567014717,8806567014724,8806567014731,8806567014748",N02AJ13,200805810,,,Tramadol Hydrochloride/Acetaminophen
202203823,아푸로펜정,Apulofen Tab.,(주)에이프로젠바이오로직스,Aprogen Biologics Inc.,2022-10-13,의약품,5308,정상,,아세트아미노펜/푸르설티아민,"히프로멜로오스,황색4호,유당수화물,폴리에틸렌글리콜6000,산화티탄,크로스카멜로오스나트륨,스테아르산마그네슘,경질무수규산,히드록시프로필셀룰로오스",,일반의약품,완제의약품,신고,제조,,,,,,,N,,,,,,Acetaminophen/Fursultiamine
200300726,아프렉신정(수출용),Afrexyn Tab.,(주)에이프로젠바이오로직스,Aprogen Biologics Inc.,2003-07-10,의약품,151,취하,2025-10-16,아세트아미노펜/푸르설티아민,"유당수화물,스테아르산마그네슘,카르복시메틸셀룰로오스칼슘,히드록시프로필셀룰로오스",,일반의약품,완제의약품,신고,제조,,,,,,,N,"8806452060706,8806518020101,8806452060713,8806518020118",N02BE51,,,,Acetaminophen/Fursultiamine
202400140,안티노에스정,Antino-S Tablets,(주)한국파비스제약,"Pharvis Korea co., Ltd.",2024-01-19,의약품,5245,정상,,슈도에페드린염산염/아세트아미노펜/클로르페니라민말레산염,"미결정셀룰로오스(101),황색203호(퀴놀린옐로우WS)알루미늄레이크,탭쉴드흰색(11W1045),포비돈,콜로이드성이산화규소,스테아르산마그네슘,미결정셀룰로오스(102),전분글리콜산나트륨,청색1호알루미늄레이크",,일반의약품,완제의약품,신고,제조,,,,,,,N,"8806218045404,8806218045411",R05X,,,,Pseudoephedrine Hydrochloride/Acetaminophen/Chlorpheniramine Maleate
200102652,안티노정,Antino Tablet,(주)한국파비스제약,"Pharvis Korea co., Ltd.",2001-03-19,의약품,77,유효기간만료,2024-01-01,아세트아미노펜/수도에페드린염산염/클로르페니라민말레산염,"저치환도히드록시프로필셀룰로오스,미결정셀룰로오스,히프로멜로오스,유당수화물,폴리에틸렌글리콜6000,산화티탄,포비돈,스테아르산마그네슘,카르복시메틸셀룰로오스칼슘,경질무수규산,탤크,히드록시프로필셀룰로오스,청색1호알루미늄레이크,황색203호 알루미늄레이크",,일반의약품,완제의약품,신고,제조,,,,,,,N,"8806218002209,8806836007907,8806218002216,8806836007914,8806218002230,8806218002223",R05X,,200102652,,Acetaminophen/Pseudoephedrine Hydrochloride/Chlorpheniramine Maleate
201507646,안티노정(수출용),Antino Tablet(for export),(주)한국파비스제약,"Pharvis Korea co., Ltd.",2015-11-10,의약품,5069,정상,,아세트아미노펜/수도에페드린염산염/클로르페니라민말레산염,"저치환도히드록시프로필셀룰로오스,미결정셀룰로오스,히프로멜로오스,유당수화물,폴리에틸렌글리콜6000,산화티탄,포비돈,스테아르산마그네슘,카르복시메틸셀룰로오스칼슘,경질무수규산,탤크,히드록시프로필셀룰로오스,청색1호알루미늄레이크,황색203호 알루미늄레이크",,일반의약품,완제의약품,신고,제조,,,,,,,N,"8806218032022,8806218032039,8806218032008,8806218032015",R05X,,,,Acetaminophen/Pseudoephedrine Hydrochloride/Chlorpheniramine Maleate
200710633,안티피라세미정,Antipyra semi Tablet,알리코제약(주),"Korea Arlico Pharm Co.,Ltd.",2007-09-10,의약품,369,정상,,아세트아미노펜/트라마돌염산염,"저치환도히드록시프로필셀룰로오스,크로스포비돈,히프로멜로오스,폴리에틸렌글리콜6000,산화티탄,포비돈,콜로이드성이산화규소,스테아르산마그네슘,카르나우바납,탤크,오파드라이II노란색(85F42086)",,전문의약품,완제의약품,신고,제조,,장방형,,,12.0,5.1,N,"8806560008409,8806560008416,8806560008423",N02AJ13,200710633,,,Acetaminophen/Tramadol Hydrochloride
200710632,안티피라정,Antipyra Tablet,알리코제약(주),"Korea Arlico Pharm Co.,Ltd.",2007-09-10,의약품,368,정상,,아세트아미노펜/트라마돌염산염,"저치환도히드록시프로필셀룰로오스,크로스포비돈,포비돈,콜로이드성이산화규소,스테아르산마그네슘,오파드라이II노란색(85F42086)",,전문의약품,완제의약품,신고,제조,,장방형,,,15.6,6.5,N,"8806560008508,8806560008515,8806560008522,8806560008539",N02AJ13,,,,Acetaminophen/Tramadol Hydrochloride
202008743,알카펜네이잘에이연질캡슐(수출용),Alkafen Nasal A Soft Capsule,한국유나이티드제약(주),Korea United Pharm.,2020-12-14,의약품,1235,취하,2025-08-12,아세트아미노펜/수도에페드린염산염/클로르페니라민말레산염/구아이페네신,"폴리에틸렌글리콜400,아세트산나트륨수화물,메틸파라벤,에틸바닐린,젤라틴,프로필파라벤,적색40호,디에탄올아민,디에틸렌글리콜모노에틸에테르,농글리세린",,일반의약품,완제의약품,신고,제조,,,,,,,N,,,,,,Acetaminophen/Pseudoephedrine Hydrochloride/Chlorpheniramine Maleate/Guaifenesin
202600145,알카펜네이잘에이연질캡슐(수출용),Alkafen Nasal A Soft Capsule,한국유나이티드제약(주),Korea United Pharm.,2026-01-15,의약품,1266,정상,,아세트아미노펜/슈도에페드린염산염/클로르페니라민말레산염/구아이페네신,"폴리에틸렌글리콜400,아세트산나트륨수화물,에틸바닐린,젤라틴,적색40호,디에탄올아민,디에틸렌글리콜모노에틸에테르,농글리세린",,일반의약품,완제의약품,신고,제조,,,,,,,N,,,,,,Acetaminophen/Pseudoephedrine Hydrochloride/Chlorpheniramine Maleate/Guaifenesin
200401799,"알카펜네이잘연질캡슐(수출명:Alkafen-N Soft Caps., Alkafen Cough Soft Caps.)",Alkafen-N Soft Cap.,한국유나이티드제약(주),Korea United Pharm.,2004-09-17,의약품,701,정상,,아세트아미노펜/덱스트로메토르판브롬화수소산염수화물/수도에페드린염산염/클로르페니라민말레산염/구아이페네신,"폴리에틸렌글리콜400,아세트산나트륨수화물,메틸파라벤,에틸바닐린,젤라틴,프로필파라벤,적색40호,디에탄올아민,디에틸렌글리콜모노에틸에테르,농글리세린",,일반의약품,완제의약품,신고,제조,,타원형,,,19.5,10.6,N,"8806443022102,8806443022119,8806443022126,8806443022133,8806443022140",R05X,,200401799,,Acetaminophen/Dextromethorphan Hydrobromide Hydrate/Pseudoephedrine Hydrochloride/Chlorpheniramine Maleate/Guaifenesin
202600296,알카펜스피드연질캡슐(수출용),Alkafen Speed Soft Capsule,한국유나이티드제약(주),Korea United Pharm.,2026-02-03,의약품,1267,정상,,독시라민숙신산염/아세트아미노펜/슈도에페드린염산염,"폴리에틸렌글리콜400,D-소르비톨 액,에틸바닐린,젤라틴,포비돈,적색40호,농글리세린",,일반의약품,완제의약품,허가,제조,,,,,,,N,,,,,,Doxylamine Succinate/Acetaminophen/Pseudoephedrine Hydrochloride
202100762,알카펜스피드연질캡슐(수출용),Alkafen Speed Soft Capsule,한국유나이티드제약(주),Korea United Pharm.,2021-01-25,의약품,1241,취하,2025-08-08,독시라민숙신산염/아세트아미노펜/수도에페드린염산염,"폴리에틸렌글리콜400,메틸파라벤,에틸바닐린,젤라틴,포비돈,프로필파라벤,적색 40호,D-소르비톨액,농글리세린",,일반의약품,완제의약품,허가,제조,,,,,,,N,,,,,,Doxylamine Succinate/Acetaminophen/Pseudoephedrine Hydrochloride
201400634,알카펜코프연질캡슐(수출용),Alkafen Cough Soft Cap.,한국유나이티드제약(주),Korea United Pharm.,2014-02-12,의약품,1143,정상,,독시라민숙신산염/덱스트로메토르판브롬화수소산염수화물/아세트아미노펜/수도에페드린염산염,"폴리에틸렌글리콜400,메틸파라벤,에틸바닐린,젤라틴,포비돈,프로필파라벤,적색 40호,D-소르비톨액,농글리세린",,일반의약품,완제의약품,허가,제조,,,,,,,N,"8806443087101,8806443087118",R05X,,,,Doxylamine Succinate/Dextromethorphan Hydrobromide Hydrate/Acetaminophen/Pseudoephedrine Hydrochloride
199302514,알파아세트아미노펜정500밀리그람,Alpha Acetaminophen Tab. 500mg,알파제약(주),"Alpha Pharm. Co., Ltd.",1993-10-08,의약품,66,정상,,아세트아미노펜,"저치환도히드록시프로필셀룰로오스,황색4호,유당수화물,스테아르산마그네슘,카르복시메틸셀룰로오스칼슘,실리콘디옥시드,옥수수전분,히드록시프로필셀룰로오스,농글리세린",,일반의약품,완제의약품,신고,제조,,장방형,,,14.2,4,N,"8806542005204,8806542005211,8806542005228,8806542005235,8806542005242",N02BE01,,199302514,,Acetaminophen
201600993,알파콜에프캡슐,Alphacol-F Cap.,오스틴제약(주),"Austin pharm.co.,Ltd",2016-02-23,의약품,5078,정상,,아세트아미노펜/덱스트로메토르판브롬화수소산염수화물/dl-메틸에페드린염산염/구아이페네신/클로르페니라민말레산염/카페인무수물,"미결정셀룰로오스,유당수화물,콜로이드성이산화규소,스테아르산마그네슘,탤크,캡슐",,일반의약품,완제의약품,신고,제조,,장방형,,,19,6.6,N,"8806543050708,8806543050715",R05X,,201600993,,Acetaminophen/Dextromethorphan Hydrobromide Hydrate/DL-Methylephedrine Hydrochloride/Guaifenesin/Chlorpheniramine Maleate/Anhydrous Caffeine
202106857,암돌연질캡슐,Amdol Soft Capsule,(주)서흥,"Suheung Co., Ltd.",2021-10-12,의약품,3095,취하,2025-06-23,아세트아미노펜/클로르페니라민말레산염/슈도에페드린염산염,"라우릴황산나트륨,황색5호,폴리에틸렌글리콜400,젤라틴,소르비톨액(비결정성),산화티탄,경질무수규산,적색40호,황색203호,농글리세린",,일반의약품,완제의약품,신고,제조,,,,,,,N,,,,,,Acetaminophen/Chlorpheniramine Maleate/Pseudoephedrine Hydrochloride
200904932,암씨롱큐정,Amcilon Q Tab.,동아제약(주),"Dong-A Pharmaceutical Co., Ltd.",2009-07-06,의약품,982,정상,,아세트아미노펜/에텐자미드,"저치환도히드록시프로필셀룰로오스,황색5호,경화식물유,수크랄로스,히드록시프로필셀룰로오스",,일반의약품,완제의약품,신고,제조,,장방형,,,17.6,7.3,N,"8806265001804,8806425053704,8806265001811,8806425053711",N02BE51,,200904932,,Acetaminophen/Ethenzamide
199102271,암타나정(수출용),Amtana Tablet,(주)한국파비스제약,"Pharvis Korea co., Ltd.",1991-04-23,의약품,35,정상,,만델산벤질/아세트아미노펜/이소프로필안티피린/카페인,"저치환도히드록시프로필셀룰로오스,미결정셀룰로오스,스테아르산마그네슘,경질무수규산,카르복시메틸셀룰로오스칼슘,히드록시프로필셀룰로오스,식약청인정타르색소",,일반의약품,완제의약품,신고,제조,,장방형,,,14.59,8.45,N,"8806218000106,8806836009000,8806218000113,8806836009017",N02BE51,,,,Benzyl Mandelate/Acetaminophen/Isopropylantipyrine/Caffeine
201700259,애피단정,Apidown Tab.,유니메드제약(주),UNIMED PHARM INC.,2017-01-12,의약품,5070,정상,,아세트아미노펜/카페인무수물/에페드린염산염,"저치환도히드록시프로필셀룰로오스,크로스포비돈,황색4호,유당수화물,스테아르산마그네슘,콜로이드성이산화규소,히드록시프로필셀룰로오스",,일반의약품,완제의약품,신고,제조,,장방형,,,14.13,7.1,N,"8806495073305,8806495073312,8806495073329",R05X,,201700259,,Acetaminophen/Anhydrous Caffeine/Ephedrine Hydrochloride
202502059,액티브노즈연질캡슐,Active Nose Soft Capsule,(주)서흥,"Suheung Co., Ltd.",2025-08-07,의약품,3133,정상,,아세트아미노펜/클로르페니라민말레산염/슈도에페드린염산염,"프로필렌글리콜,부틸레이티드히드록시톨루엔,황색5호,폴리에틸렌글리콜400,에틸바닐린,젤라틴,포비돈,부분탈수유동소르비톨,정제수,농글리세린",,일반의약품,완제의약품,신고,제조,,,,,,,N,,,,,,Acetaminophen/Chlorpheniramine Maleate/Pseudoephedrine Hydrochloride
202600184,액티브콜드연질캡슐,Active Cold Soft Capsule,(주)서흥,"Suheung Co., Ltd.",2026-01-21,의약품,3142,정상,,아세트아미노펜/구아이페네신/카페인무수물/DL-메틸에페드린염산염/클로르페니라민말레산염,"프로필렌글리콜,락색소,폴리에틸렌글리콜400,에틸바닐린,이산화규소,젤라틴,산화티탄,포비돈,부분탈수유동소르비톨,정제수,농글리세린",,일반의약품,완제의약품,신고,제조,,,,,,,N,,,,,,Acetaminophen/Guaifenesin/Anhydrous Caffeine/DL-Methylephedrine Hydrochloride/Chlorpheniramine Maleate
199400581,어린이용타스펜정160밀리그램(아세트아미노펜),Taspen Tab for Children 160mg(Acetaminophen),대우제약(주),daewoopharm,1994-03-23,의약품,324,정상,,아세트아미노펜,"스테비올배당체,미결정셀룰로오스,히프로멜로오스,크로스포비돈,폴리에틸렌글리콜6000,아스파탐,레이크황색4호,포비돈,스테아르산마그네슘,딸기향코튼",,일반의약품,완제의약품,신고,제조,,원형,,,9,9,N,"8806496016103,8806496016110,8806496016127",N02BE01,,199400581,,Acetaminophen
202005623,어린이타이레놀산160밀리그램(아세트아미노펜),,켄뷰코리아판매유한회사,Kenvue Korea Selling & Distribution LLC,2020-08-03,의약품,56,정상,,아세트아미노펜과립,"탄산수소나트륨,시트르산,자일리톨,수크랄로스,스테아르산마그네슘,천연베리향 624691",,일반의약품,완제의약품,허가,수입,,,,,,,N,"8806723001704,8806723001728,8806723001735,8806723001711",N02BE01,,202005623,캐나다,Acetaminophen Granules
202200525,어린이타이레놀현탁액(아세트아미노펜),Children's Tylenol Suspension,켄뷰코리아판매유한회사,Kenvue Korea Selling & Distribution LLC,2022-02-03,의약품,62,정상,,아세트아미노펜(미분화),"소르비톨 액,글리세린,수크랄로스액25%,소르빈산칼륨,시트르산,백당,미결정셀룰로오스·카르복시메틸셀룰로오스나트륨,체리향(53378A),잔탄검,비터마스크(SC635912),정제수",,일반의약품,완제의약품,신고,수입,,,,,,,N,"8806469026122,8806469026115,8806723002510,8806469026108,8806723002527,8806469026139,8806723002534,8806723002503",N02BE01,,202200525,인도네시아,Acetaminophen Micronized
200804909,업트라셋세미정,Uptracet Semi Tab.,(주)킴스제약,"KIMS Pharmaceutical Co., Ltd.",2008-04-29,의약품,24,정상,,아세트아미노펜/트라마돌염산염,"오파드라이흰색(03B28796),황색산화철,스테아르산마그네슘,전호화전분,분말셀룰로오스,옥수수전분,전분글리콜산나트륨,적색산화철",,전문의약품,완제의약품,신고,제조,,장방형,,,12.1,5.2,N,"8800596001007,8806438011906,8800596001014,8806438011913,8800596001021,8806438011920",N02AJ13,200804909,,,Acetaminophen/Tramadol Hydrochloride
200804940,업트라셋정,Uptracet Tab.,(주)킴스제약,"KIMS Pharmaceutical Co., Ltd.",2008-04-30,의약품,23,정상,,아세트아미노펜/트라마돌염산염,"오파드라이흰색(03B28796),황색산화철,스테아르산마그네슘,전호화전분,분말셀룰로오스,옥수수전분,전분글리콜산나트륨,적색산화철",,전문의약품,완제의약품,신고,제조,,장방형,,,15.5,6.4,N,"8800596001809,8806438011807,8800596001816,8806438011814,8800596001823,8806438011821",N02AJ13,200804940,,,Acetaminophen/Tramadol Hydrochloride
202203779,에리카정,Erica Tab.,(주)일화,"IL HWA CO.,LTD.",2022-10-07,의약품,5231,정상,,아세트아미노펜/에페드린염산염/카페인무수물,"적색3호,미결정셀룰로오스,이산화규소,크로스카멜로오스나트륨,스테아르산마그네슘,히드록시프로필셀룰로오스",,일반의약품,완제의약품,신고,제조,,원형,,,11.1,11.1,N,"8806409043608,8806409043615,8806409043622,8806409043639",R05X,,202203779,,Acetaminophen/Ephedrine Hydrochloride/Anhydrous Caffeine
201908100,에모젠정,Emozen Tab.,(주)인트로바이오파마,INTRO BIO PHARMA,2019-11-26,의약품,144,정상,,에페드린염산염/카페인무수물/아세트아미노펜,"크로스카르멜로오스나트륨,황색4호,유당수화물,메타규산알루민산마그네슘,포비돈,콜로이드성이산화규소,스테아르산마그네슘,적색40호",,일반의약품,완제의약품,신고,제조,,타원형,,,13.1,6.5,N,"8800524015502,8800524015519",R05X,,201908100,,Ephedrine Hydrochloride/Anhydrous Caffeine/Acetaminophen
201401536,에모펜씨정,Emopen-C Tablet,(주)휴온스메디텍,"Huons Meditech Co., Ltd.",2014-04-01,의약품,34,정상,,에페드린염산염/카페인무수물/아세트아미노펜,"미결정셀룰로오스,크로스포비돈,폴리에틸렌글리콜6000,스테아르산마그네슘,전호화전분,히드록시프로필셀룰로오스,청색1호",,일반의약품,완제의약품,신고,제조,,장방형,,,15.45,6.3,N,"8806704005301,8806704005318,8806704005325",R05X,,201401536,,Ephedrine Hydrochloride/Anhydrous Caffeine/Acetaminophen
202004004,에스빌아세트연질캡슐(아세트아미노펜),S-Vil Acet Soft Cap.,이연제약(주),"REYON PHARMACEUTICAL CO.,LTD",2020-05-28,의약품,5200,취하,2024-01-22,아세트아미노펜,"프로필렌글리콜,폴리에틸렌글리콜400,젤라틴,포비돈,소르비톨소르비탄 액,안나토색소,정제수",,일반의약품,완제의약품,신고,제조,,,,,,,N,"8806586044214,8806586044207",N02BE01,,202004004,,Acetaminophen
201107630,에이노즈연질캡슐,A-Nose Soft Cap.,(주)알피바이오,RP Bio Inc.,2011-10-04,의약품,5056,취하,2025-02-19,아세트아미노펜/클로르페니라민말레산염/슈도에페드린염산염,"프로필렌글리콜,황색5호,폴리에틸렌글리콜400,젤라틴,포비돈,소르비톨스페셜글리세린블렌드,정제수",,일반의약품,완제의약품,신고,제조,,,,,,,N,"8806616036707,8806616036714,8806616036721",R05X,,201107630,,Acetaminophen/Chlorpheniramine Maleate/Pseudoephedrine Hydrochloride
201502352,에이셋서방정,A-Cet SR Tab.,한국휴텍스제약(주),"HUTECS KOREA PHARMACEUTICAL CO.,LTD.",2015-04-17,의약품,5079,정상,,아세트아미노펜/트라마돌염산염,"저치환도히드록시프로필셀룰로오스,크로스포비돈,히프로멜로오스,포비돈,콜로이드성이산화규소,스테아르산마그네슘,오파드라이Ⅱ노란색(85F420033)",,전문의약품,완제의약품,허가,제조,,장방형,,,19.3,8.7,N,"8806491026701,8806491026718,8806491026725",N02AJ13,,,,Acetaminophen/Tramadol Hydrochloride
201506480,에이셋세미서방정,A-Cet Semi ER Tab.,한국휴텍스제약(주),"HUTECS KOREA PHARMACEUTICAL CO.,LTD.",2015-09-09,의약품,5098,정상,,아세트아미노펜/트라마돌염산염,"저치환도히드록시프로필셀룰로오스,크로스포비돈,히프로멜로오스,콜로이드성이산화규소,포비돈,스테아르산마그네슘,오파드라이Ⅱ노란색(85F420033)",,전문의약품,완제의약품,허가,제조,,원형,,,9.9,9.9,N,"8806491028606,8806491028613,8806491028620",N02AJ13,,,,Acetaminophen/Tramadol Hydrochloride
201908574,에이셋세미정,A-Cet Semi Tab.,한국휴텍스제약(주),"HUTECS KOREA PHARMACEUTICAL CO.,LTD.",2019-12-20,의약품,5294,정상,,트라마돌염산염/아세트아미노펜,"미결정셀룰로오스,스테아르산마그네슘,전호화전분,오파드라이II노란색(85F12347),전분글리콜산나트륨",,전문의약품,완제의약품,허가,제조,,장방형,,,12.1,5.4,N,"8806491047317,8806491047324,8806491047300",N02AJ13,,,,Tramadol Hydrochloride/Acetaminophen
200806185,에이셋정,A-Cet Tab.,한국휴텍스제약(주),"HUTECS KOREA PHARMACEUTICAL CO.,LTD.",2008-06-04,의약품,317,정상,,아세트아미노펜/트라마돌염산염,"미결정셀룰로오스,스테아르산마그네슘,전호화전분,오파드라이II노란색(85F12347),전분글리콜산나트륨",,전문의약품,완제의약품,신고,제조,,장방형,,,15.4,6.5,N,"8806491015101,8806491015118,8806491015125,8806491015132",N02AJ13,,,,Acetaminophen/Tramadol Hydrochloride
202302953,에이치코연질캡슐,Eigh co soft capsule,(주)서흥,"Suheung Co., Ltd.",2023-10-20,의약품,3113,정상,,아세트아미노펜/클로르페니라민말레산염/슈도에페드린염산염,"프로필렌글리콜,부분탈수액상소르비톨,락색소,폴리에틸렌글리콜400,젤라틴,포비돈,정제수,농글리세린",,일반의약품,완제의약품,신고,제조,,타원형,,,16.3,9.8,N,"8806796014809,8806796014816",R05X,,,,Acetaminophen/Chlorpheniramine Maleate/Pseudoephedrine Hydrochloride
202303049,에이치코프연질캡슐,Eigh cough soft capsule,(주)서흥,"Suheung Co., Ltd.",2023-11-02,의약품,3115,정상,,아세트아미노펜/dl-메틸에페드린염산염/덱스트로메토르판브롬화수소산염수화물/구아이페네신,"프로필렌글리콜,부분탈수액상소르비톨,치자청색소,폴리에틸렌글리콜400,젤라틴,포비돈,정제수,농글리세린",,일반의약품,완제의약품,신고,제조,,타원형,,,16.3,9.6,N,"8806796015004,8806796015011",R05X,,,,Acetaminophen/DL-Methylephedrine Hydrochloride/Dextromethorphan Hydrobromide Hydrate/Guaifenesin
202302990,에이치콜연질캡슐,Eigh col soft capsule,(주)서흥,"Suheung Co., Ltd.",2023-10-25,의약품,3114,정상,,아세트아미노펜/클로르페니라민말레산염/dl-메틸에페드린염산염/슈도에페드린염산염/덱스트로메토르판브롬화수소산염수화물/구아이페네신,"프로필렌글리콜,부분탈수액상소르비톨,폴리에틸렌글리콜400,젤라틴,홍화황색소,포비돈,정제수,농글리세린",,일반의약품,완제의약품,신고,제조,,타원형,,,16.3,9.5,N,"8806796014908,8806796014915",R05X,,202302990,,Acetaminophen/Chlorpheniramine Maleate/DL-Methylephedrine Hydrochloride/Pseudoephedrine Hydrochloride/Dextromethorphan Hydrobromide Hydrate/Guaifenesin
201205977,에이콜연질캡슐,A-Cold Soft Cap.,(주)알피바이오,RP Bio Inc.,2012-06-29,의약품,5074,취하,2025-02-19,아세트아미노펜/클로르페니라민말레산염/슈도에페드린염산염/덱스트로메토르판브롬화수소산염수화물/구아이페네신,"프로필렌글리콜,폴리에틸렌글리콜400,젤라틴,포비돈,소르비톨스페셜글리세린블렌드,적색40호,정제수,청색1호",,일반의약품,완제의약품,신고,제조,,장방형,,,19.7,9.5,N,"8806616038008,8806616038015,8806616038022",R05X,,201205977,,Acetaminophen/Chlorpheniramine Maleate/Pseudoephedrine Hydrochloride/Dextromethorphan Hydrobromide Hydrate/Guaifenesin
200707251,에이트라세미정,A-Tra Semi Tab.,코오롱제약(주),KOLON PHARMA,2007-06-25,의약품,576,정상,,아세트아미노펜/트라마돌염산염,"스테아르산마그네슘,카르나우바납,전호화전분,분말셀룰로오스,옥수수전분,전분글리콜산나트륨,오파드라이 노란색(85F12347)",,전문의약품,완제의약품,신고,제조,,장방형,,,12.1,5.1,N,"8806703009805,8806703009812,8806703009829,8806703009836",N02AJ13,,,,Acetaminophen/Tramadol Hydrochloride
200706597,에이트라정,A-Tra Tab.,코오롱제약(주),KOLON PHARMA,2007-06-08,의약품,577,정상,,아세트아미노펜/트라마돌염산염,"스테아르산마그네슘,카르나우바납,전호화전분,분말셀룰로오스,옥수수전분,전분글리콜산나트륨,오파드라이 노란색(85F12347)",,전문의약품,완제의약품,신고,제조,,장방형,,,15.6,5.2,N,"8806703009904,8806703009911,8806703009928",N02AJ13,,,,Acetaminophen/Tramadol Hydrochloride
201206724,에카린에이정,Ecalin A Tab.,광동제약(주),"Kwangdong Pharm Co., Ltd.",2012-09-07,의약품,5047,정상,,에페드린염산염/카페인무수물/아세트아미노펜,"저치환도히드록시프로필셀룰로오스,미결정셀룰로오스,유당수화물,스테아르산마그네슘,전분글리콜산나트륨,황색5호알루미늄레이크,히드록시프로필셀룰로오스,청색1호알루미늄레이크",,일반의약품,완제의약품,신고,제조,,장방형,,,15.1,7.1,N,"8806418053704,8806418053711,8806418053728",R05X,,201206724,,Ephedrine Hydrochloride/Anhydrous Caffeine/Acetaminophen
201402307,에카맥정,Ecamac Tab.,(주)팜젠사이언스,"PharmGen Science, Inc.",2014-05-19,의약품,5053,유효기간만료,2024-05-19,에페드린염산염/카페인무수물/아세트아미노펜,"저치환도히드록시프로필셀룰로오스,미결정셀룰로오스,크로스포비돈,유당수화물,이산화규소,스테아르산마그네슘,콜로이드성이산화규소,전분글리콜산나트륨,히드록시프로필셀룰로오스",,일반의약품,완제의약품,신고,제조,,,,,,,N,"8806701036100,8806701036117",R05X,,,,Ephedrine Hydrochloride/Anhydrous Caffeine/Acetaminophen
200503637,에카민씨정,Ecamin C Tab.,주식회사제뉴원사이언스,GENUONE Sciences Inc.,2005-05-27,의약품,114,정상,,아세트아미노펜/에페드린염산염/카페인무수물/아스코르브산97%과립,"미결정셀룰로오스,히프로멜로오스,폴리에틸렌글리콜6000,포비돈,스테아르산마그네슘,오파드라이Ⅱ노란색(85F12380),경질무수규산,카르복시메틸셀룰로오스칼슘,탤크,히드록시프로필셀룰로오스",,일반의약품,완제의약품,신고,제조,,타원형,,,15.7,8.7,N,"8806717008207,8806717008214,8806717008221,8806717008238",R05X,,200503637,,Acetaminophen/Ephedrine Hydrochloride/Anhydrous Caffeine/Ascorbic Acid Granules 97%
202003055,에카세트정,Ecacet Tab.,원광제약(주),WONKWANG PHARMACEUTICAL CORPORATION,2020-04-27,의약품,315,유효기간만료,2025-04-27,에페드린염산염/카페인무수물/아세트아미노펜,"미결정셀룰로오스,황색4호,스테아르산마그네슘,전분글리콜산나트륨,히드록시프로필셀룰로오스,청색1호알루미늄레이크",,일반의약품,완제의약품,신고,제조,,,,,,,N,"8806626011206,8806626011213",R05X,,,,Ephedrine Hydrochloride/Anhydrous Caffeine/Acetaminophen
202401066,에카슬림정,ECASLIM Tab.,조아제약(주),"Cho-a pharm.co.,ltd",2024-04-30,의약품,5212,정상,,아세트아미노펜/에페드린염산염/카페인무수물,"적색3호,크로스카르멜로오스나트륨,미결정셀룰로오스,이산화규소,스테아르산마그네슘,히드록시프로필셀룰로오스",,일반의약품,완제의약품,신고,제조,,원형,,,11.0,11.0,N,"8806446044408,8806446044415",R05X,,202401066,,Acetaminophen/Ephedrine Hydrochloride/Anhydrous Caffeine
201903448,에카씨나정,Ecathina Tab.,(주)바이넥스,"Binex Co., Ltd.",2019-05-28,의약품,5220,유효기간만료,2024-05-28,아세트아미노펜/카페인무수물,"오파드라이II흰색(85F18422),크로스카르멜로오스나트륨,탭쉴드흰색(11W001),이산화규소,스테아르산마그네슘,히드록시프로필셀룰로오스",,일반의약품,완제의약품,신고,제조,,,,,,,N,,,,,,Acetaminophen/Anhydrous Caffeine
200400550,에카씬정,Ecathin Tab.,(주)바이넥스,"Binex Co., Ltd.",2004-02-04,의약품,169,정상,,에페드린염산염/카페인무수물/아세트아미노펜,"크로스카르멜로오스나트륨,미결정셀룰로오스,이산화규소,스테아르산마그네슘,적색40호,전분글리콜산나트륨,히드록시프로필셀룰로오스",,일반의약품,완제의약품,신고,제조,,원형,,,9.6,9.6,N,"8806431015109,8806431015116,8806431015123",R05X,,200400550,,Ephedrine Hydrochloride/Anhydrous Caffeine/Acetaminophen
202106745,에카에스정,EcaS Tab.,(주)알피바이오,RP Bio Inc.,2021-10-06,의약품,5274,취하,2026-01-06,아세트아미노펜/에페드린염산염/카페인무수물,"적색3호,미결정셀룰로오스,유당수화물,이산화규소,젤라틴,포비돈,스테아르산마그네슘,전분글리콜산나트륨,히드록시프로필셀룰로오스",,일반의약품,완제의약품,신고,제조,,,,,,,N,"8806616055302,8806616055319",R05X,,202106745,,Acetaminophen/Ephedrine Hydrochloride/Anhydrous Caffeine
200302004,에카펜씨정,Ecaffen C Tab.,조아제약(주),"Cho-a pharm.co.,ltd",2003-03-26,의약품,84,정상,,아세트아미노펜/에페드린염산염/카페인무수물/티아민질산염/아스코르브산97%,"식약청인정타르색소(황색4호),저치환도히드록시프로필셀룰로오스,폴리에틸렌글리콜4000,히프로멜로오스,산화티탄,스테아르산마그네슘,식약청인정타르색소(황색203호),히드록시프로필셀룰로오스",,일반의약품,완제의약품,신고,제조,,타원형,,,16.2,8.7,N,"8806446008202,8806446008219,8806446008226",R05X,,200302004,,Acetaminophen/Ephedrine Hydrochloride/Anhydrous Caffeine/Thiamine Nitrate/Ascorbic Acid 97%
200101589,에코리자정,Ecoriza Tab.,삼진제약(주),"SAMJIN PHARM.CO.,LTD",2001-07-06,의약품,191,유효기간만료,2024-01-01,아세트아미노펜/수도에페드린염산염/클로르페니라민말레산염,"저치환도히드록시프로필셀룰로오스,미결정셀룰로오스,히프로멜로오스,유당수화물,폴리에틸렌글리콜6000,산화티탄,황색203호알루미늄레이크,포비돈,스테아르산마그네슘,카르복시메틸셀룰로오스칼슘,경질무수규산,탤크,히드록시프로필셀룰로오스,청색1호알루미늄레이크",,일반의약품,완제의약품,신고,제조,,장방형,,,15.60,9.11,N,"8806478016602,8806478016619",R05X,,200101589,,Acetaminophen/Pseudoephedrine Hydrochloride/Chlorpheniramine Maleate
200810658,에페린플러스정,Epherin Plus Tab.,경남제약(주),"Kyung Nam Pharm. Co., Ltd.",2008-10-27,의약품,333,정상,,아세트아미노펜/에페드린염산염/카페인무수물/티아민질산염/리보플라빈,"유당수화물,스테아르산마그네슘,전분글리콜산나트륨,히드록시프로필셀룰로오스",,일반의약품,완제의약품,신고,제조,,원형,,,8.1,8.1,N,"8806476016307,8806476016314,8806476016321",R01AB,,200810658,,Acetaminophen/Ephedrine Hydrochloride/Anhydrous Caffeine/Thiamine Nitrate/Riboflavin
201701158,에페젠정,Ephezen Tablet,(주)휴온스메디텍,"Huons Meditech Co., Ltd.",2017-03-06,의약품,144,정상,,에페드린염산염/카페인무수물/아세트아미노펜,"저치환도히드록시프로필셀룰로오스,미결정셀룰로오스,포비돈,스테아르산마그네슘,콜로이드성이산화규소,전분글리콜산나트륨,청색1호",,일반의약품,완제의약품,신고,제조,,삼각형,,,9.3,9.0,N,"8806704016413,8806704016406,8806704016420",R05X,,201701158,,Ephedrine Hydrochloride/Anhydrous Caffeine/Acetaminophen
201804554,에페카인정,Ephecain Tab.,(주)메디카코리아,"MEDICA KOREA Co., Ltd.",2018-11-16,의약품,5098,유효기간만료,2023-11-16,아세트아미노펜/에페드린염산염/카페인무수물,"황색4호,포비돈,스테아르산마그네슘,전호화전분,전분글리콜산나트륨,청색1호",,일반의약품,완제의약품,신고,제조,,,,,,,N,,,,,,Acetaminophen/Ephedrine Hydrochloride/Anhydrous Caffeine
201804553,에페카정,Epheca Tab.,(주)메디카코리아,"MEDICA KOREA Co., Ltd.",2018-11-16,의약품,5097,유효기간만료,2023-11-16,아세트아미노펜/에페드린염산염/카페인무수물,"적색3호,유당수화물,스테아르산마그네슘,경질무수규산,전분글리콜산나트륨,히드록시프로필셀룰로오스",,일반의약품,완제의약품,신고,제조,,,,,,,N,"8806460053509,8806460053516,8806460053523,8806460053530",R05X,,,,Acetaminophen/Ephedrine Hydrochloride/Anhydrous Caffeine
202203866,에페프리정,Ephe-free Tab.,(주)아이월드제약,"i-World Pharm Co., Ltd.",2022-10-19,의약품,737,정상,,아세트아미노펜/카페인무수물,"미결정셀룰로오스,유당수화물,스테아르산마그네슘,전분글리콜산나트륨,탭쉴드클리어(11C1448),히드록시프로필셀룰로오스",,일반의약품,완제의약품,신고,제조,,타원형,,,13.1,7.1,N,"8806696056107,8806696056114",N02BE51,,,,Acetaminophen/Anhydrous Caffeine
202008260,에프노즈시럽,ef-nose syrup,(주)텔콘알에프제약,telconRF pharmaceutical company,2020-11-26,의약품,118,유효기간만료,2025-11-26,아세트아미노펜/슈도에페드린염산염/클로르페니라민말레산염/dl-메틸에페드린염산염/카페인무수물,"프로필렌글리콜,베타덱스,시트르산수화물,벤조산나트륨,D-소르비톨 액,염화나트륨,아스파탐,자일리톨,수크랄로스,포비돈,에탄올(95),잔탄검,시트르산나트륨수화물,적색40호,포도엣센스#6,농글리세린,정제수",,일반의약품,완제의약품,신고,제조,,,,,,,N,"8806255013107,8806255013114,8806255013121,8806255013138",R05X,,,,Acetaminophen/Pseudoephedrine Hydrochloride/Chlorpheniramine Maleate/DL-Methylephedrine Hydrochloride/Anhydrous Caffeine
202008299,에프코프시럽,ef-cough syrup,(주)텔콘알에프제약,telconRF pharmaceutical company,2020-11-27,의약품,119,유효기간만료,2025-11-27,아세트아미노펜/클로르페니라민말레산염/dl-메틸에페드린염산염/덱스트로메토르판브롬화수소산염수화물/구아이페네신,"프로필렌글리콜,베타덱스,시트르산수화물,벤조산나트륨,D-소르비톨 액,염화나트륨,아스파탐,자일리톨,수크랄로스,포비돈,에탄올(95),잔탄검,시트르산나트륨수화물,포도엣센스#6,적색40호,농글리세린,정제수",,일반의약품,완제의약품,신고,제조,,,,,,,N,"8806255013206,8806255013213,8806255013220,8806255013237",R05X,,,,Acetaminophen/Chlorpheniramine Maleate/DL-Methylephedrine Hydrochloride/Dextromethorphan Hydrobromide Hydrate/Guaifenesin
202008429,에프쿨시럽,eF-cool syrup,(주)텔콘알에프제약,telconRF pharmaceutical company,2020-12-02,의약품,120,정상,,아세트아미노펜/슈도에페드린염산염/클로르페니라민말레산염/dl-메틸에페드린염산염/구아이페네신/카페인무수물/덱스트로메토르판브롬화수소산염수화물,"프로필렌글리콜,베타덱스,시트르산수화물,벤조산나트륨,D-소르비톨 액,염화나트륨,아스파탐,자일리톨,수크랄로스,포비돈,에탄올(95),잔탄검,시트르산나트륨수화물,포도엣센스#6,적색40호,농글리세린,정제수",,일반의약품,완제의약품,신고,제조,,,,,,,N,"8806255013305,8806255013312,8806255013329,8806255013343",R05X,,202008429,,Acetaminophen/Pseudoephedrine Hydrochloride/Chlorpheniramine Maleate/DL-Methylephedrine Hydrochloride/Guaifenesin/Anhydrous Caffeine/Dextromethorphan Hydrobromide Hydrate
200709608,엑세트라세미정,Accetra Semi Tab.,신일제약(주),Sinil Pharm,2007-08-20,의약품,581,정상,,트라마돌염산염/아세트아미노펜,"스테아르산마그네슘,전호화전분,오파드라이 II 노란색(85F12347),분말셀룰로오스,옥수수전분,전분글리콜산나트륨",,전문의약품,완제의약품,신고,제조,,장방형,,,11.98,5.05,N,"8806538021300,8806538021317,8806538021324,8806538021331,8806538021348",N02AJ13,200709608,,,Tramadol Hydrochloride/Acetaminophen
200709609,엑세트라정,Accetra Tab.,신일제약(주),Sinil Pharm,2007-08-20,의약품,582,정상,,아세트아미노펜/트라마돌염산염,"스테아르산마그네슘,전호화전분,오파드라이II노란색(85F12347),분말셀룰로오스,옥수수전분,전분글리콜산나트륨",,전문의약품,완제의약품,신고,제조,,장방형,,,15.45,6.39,N,"8806538021409,8806538021416,8806538021423,8806538021430,8806538021447",N02AJ13,200709609,,,Acetaminophen/Tramadol Hydrochloride
202600353,엑센트라노즈연질캡슐,Exentra Nose Soft capsule,코스맥스파마(주),"COSMAX PHARMA CO., LTD.",2026-02-09,의약품,5272,정상,,아세트아미노펜/클로르페니라민말레산염,"프로필렌글리콜,심황색소,폴리에틸렌글리콜400,젤라틴,포비돈,소르비톨소르비탄 액,정제수",,일반의약품,완제의약품,신고,제조,,,,,,,N,,,,,,Acetaminophen/Chlorpheniramine Maleate
202502888,엑센트라정(아세트아미노펜),Exentra Tab. 500mg,코스맥스파마(주),"COSMAX PHARMA CO., LTD.",2025-11-07,의약품,5263,정상,,아세트아미노펜,"미결정셀룰로오스,오파드라이흰색(03B28796),크로스카멜로오스나트륨,스테아르산마그네슘,카르나우바납,전분글리콜산나트륨,히드록시프로필셀룰로오스",,일반의약품,완제의약품,신고,제조,,,,,,,N,"8800551029701,8800551029718",N02BE01,,,,Acetaminophen
202503379,엑센트라코프연질캡슐,Exentra Cough Soft Capsule,코스맥스파마(주),"COSMAX PHARMA CO., LTD.",2025-12-24,의약품,5271,정상,,아세트아미노펜/구아이페네신/DL-메틸에페드린염산염/덱스트로메토르판브롬화수소산염수화물,"프로필렌글리콜,치자청색소,폴리에틸렌글리콜400,젤라틴,포비돈,소르비톨소르비탄 액,정제수",,일반의약품,완제의약품,신고,제조,,,,,,,N,,,,,,Acetaminophen/Guaifenesin/DL-Methylephedrine Hydrochloride/Dextromethorphan Hydrobromide Hydrate
202600634,엑센트라콜드연질캡슐,Exentra Cold Soft capsule,코스맥스파마(주),"COSMAX PHARMA CO., LTD.",2026-03-03,의약품,5273,정상,,아세트아미노펜/구아이페네신/DL-메틸에페드린염산염/덱스트로메토르판브롬화수소산염수화물/클로르페니라민말레산염,"프로필렌글리콜,폴리에틸렌글리콜400,젤라틴,포비돈,소르비톨소르비탄 액,안나토색소,정제수",,일반의약품,완제의약품,신고,제조,,,,,,,N,,,,,,Acetaminophen/Guaifenesin/DL-Methylephedrine Hydrochloride/Dextromethorphan Hydrobromide Hydrate/Chlorpheniramine Maleate
200000169,엑스콜과립,,(주)한풍제약,"HANPOONG PHARM. Co., Ltd.",2000-09-22,의약품,65,폐업,2023-09-27,아스코르브산/아세트아미노펜/리보플라빈/갈근탕엑스(10→1),"유당수화물,옥수수전분",,일반의약품,완제의약품,신고,제조,,,,,,,N,"8806581012102,8806581012119,8806581012126,8806581012133",R05X,,,,Ascorbic Acid/Acetaminophen/Riboflavin/Galgeuntang Extract (10→1)
201804619,엑스콜노즈정,Ex-col Nose Tab.,(주)한풍제약,"HANPOONG PHARM. Co., Ltd.",2018-11-21,의약품,5099,정상,,소청룡탕연조엑스(1.67→1)/아세트아미노펜/클로르페니라민말레산염/티페피딘히벤즈산염/카페인무수물/티아민질산염/리보플라빈/제피아스코르브산,"크로스카르멜로오스나트륨,오파드라이빨간색(200F650003),미결정셀룰로오스,스테아르산마그네슘,경질무수규산",,일반의약품,완제의약품,신고,제조,,장방형,,,17.9,7.5,N,"8806581062626,8806581062602,8806581062619",R05X,,201804619,,Socheongryongtang Soft Extract (1.67→1)/Acetaminophen/Chlorpheniramine Maleate/Tipepidine Hibenzate/Anhydrous Caffeine/Thiamine Nitrate/Riboflavin/Ascorbic Acid Coated
201900045,엑스콜디과립,Ex-col D Granules,(주)한풍제약,"HANPOONG PHARM. Co., Ltd.",2019-01-07,의약품,5103,정상,,갈근탕건조엑스(4→1)/아세트아미노펜/아스코르브산/리보플라빈/벤포티아민,"유당수화물,아스파탐,사과향분말,옥수수전분",,일반의약품,완제의약품,신고,제조,,,,,,,N,"8806581063005,8806581063012,8806581063029,8806581063036",R05X,,201900045,,Galgeuntang Dried Extract (4→1)/Acetaminophen/Ascorbic Acid/Riboflavin/Benfotiamine
202402327,엑스콜디정,Ex-col D Tab.,(주)한풍제약,"HANPOONG PHARM. Co., Ltd.",2024-09-27,의약품,5351,정상,,갈근탕 건조엑스(4→1)/아세트아미노펜/아스코르브산/리보플라빈/벤포티아민,"크로스카르멜로오스나트륨,오파드라이빨간색(200F650003),미결정셀룰로오스,폴리에틸렌글리콜6000,스테아르산마그네슘,경질무수규산,히드록시프로필셀룰로오스",,일반의약품,완제의약품,신고,제조,,타원형,,,15.4,9.4,N,"8806581086110,8806581086103",R05X,,,,Galgeuntang Dried Extract (4→1)/Acetaminophen/Ascorbic Acid/Riboflavin/Benfotiamine
201405635,엑스콜콜드에프캡슐,Ex-col Cold F Cap.,(주)한풍제약,"HANPOONG PHARM. Co., Ltd.",2014-11-28,의약품,5040,정상,,아세트아미노펜/클로르페니라민말레산염/슈도에페드린염산염/덱스트로메토르판브롬화수소산염수화물/구아야콜설폰산칼륨/아스코르브산/카페인무수물/갈근탕 건조엑스(10→1),"미결정셀룰로오스,이산화규소,스테아르산마그네슘,캡슐제",,일반의약품,완제의약품,신고,제조,,장방형,,,19.1,6.63,N,"8806581057400,8806581057417,8806581057424,8806581057431",R05X,,201405635,,Acetaminophen/Chlorpheniramine Maleate/Pseudoephedrine Hydrochloride/Dextromethorphan Hydrobromide Hydrate/Potassium Guaiacolsulfonate/Ascorbic Acid/Anhydrous Caffeine/Galgeuntang Dried Extract (10→1)
202403031,엑스콜큐노즈시럽,Ex-col Q Nose Syrup,(주)한풍제약,"HANPOONG PHARM. Co., Ltd.",2024-12-20,의약품,5355,정상,,아세트아미노펜/카페인무수물/구아이페네신/슈도에페드린염산염/클로르페니라민말레산염,"액상과당,오렌지 엣센스 #YG,수크랄로스,레몬에센스(HF-AI25574),잔탄검,정제수",,일반의약품,완제의약품,신고,제조,,,,,,,N,"8806581086301,8806581086318,8806581086325",R05X,,,,Acetaminophen/Anhydrous Caffeine/Guaifenesin/Pseudoephedrine Hydrochloride/Chlorpheniramine Maleate
202500649,엑스콜큐업코프시럽,Ex-col Q up cough Syrup,(주)한풍제약,"HANPOONG PHARM. Co., Ltd.",2025-03-21,의약품,5358,정상,,맥문동탕연조엑스(2.7→1)/아세트아미노펜/티페피딘히벤즈산염,"액상과당,수크랄로스,정제수",,일반의약품,완제의약품,신고,제조,,,,,,,N,"8806581086721,8806581086714,8806581086707,8806581086738",R05X,,,,Maegmundongtang Soft Extract (2.7→1)/Acetaminophen/Tipepidine Hibenzate
202402478,엑스콜큐업콜드시럽,Ex-col Q up cold Syrup,(주)한풍제약,"HANPOONG PHARM. Co., Ltd.",2024-10-21,의약품,5352,정상,,갈근탕 건조엑스(4→1)/아세트아미노펜/카페인무수물/클로르페니라민말레산염/티페피딘히벤즈산염,"액상과당,백당,수크랄로스,프락토올리고당,정제수",,일반의약품,완제의약품,신고,제조,,,,,,,N,"8806581087308,8806581087315,8806581087322,8806581087339",R05X,,,,Galgeuntang Dried Extract (4→1)/Acetaminophen/Anhydrous Caffeine/Chlorpheniramine Maleate/Tipepidine Hibenzate
202403032,엑스콜큐코프시럽,Ex-col Q Cough Syrup,(주)한풍제약,"HANPOONG PHARM. Co., Ltd.",2024-12-20,의약품,5356,정상,,아세트아미노펜/덱스트로메토르판브롬화수소산염수화물/DL-메틸에페드린염산염/구아이페네신/카페인무수물,"액상과당,오렌지 엣센스 #YG,수크랄로스,레몬에센스(HF-AI25574),잔탄검,정제수",,일반의약품,완제의약품,신고,제조,,,,,,,N,"8806581086400,8806581086417,8806581086424",R05X,,,,Acetaminophen/Dextromethorphan Hydrobromide Hydrate/DL-Methylephedrine Hydrochloride/Guaifenesin/Anhydrous Caffeine
202403030,엑스콜큐콜드시럽,Ex-col Q Cold Syrup,(주)한풍제약,"HANPOONG PHARM. Co., Ltd.",2024-12-20,의약품,5354,정상,,아세트아미노펜/클로르페니라민말레산염/덱스트로메토르판브롬화수소산염수화물/DL-메틸에페드린염산염/구아이페네신/카페인무수물,"액상과당,오렌지 엣센스 #YG,수크랄로스,레몬에센스(HF-AI25574),잔탄검,정제수",,일반의약품,완제의약품,신고,제조,,,,,,,N,"8806581086202,8806581086219,8806581086226",R05X,,,,Acetaminophen/Chlorpheniramine Maleate/Dextromethorphan Hydrobromide Hydrate/DL-Methylephedrine Hydrochloride/Guaifenesin/Anhydrous Caffeine
200709418,엑스콜플러스골드캡슐,,(주)한풍제약,"HANPOONG PHARM. Co., Ltd.",2007-08-10,의약품,463,폐업,2023-09-27,갈근탕연조엑스/아세트아미노펜/아스코르브산/카페인무수물/리보플라빈/티아민질산염/갈근/마황/대추/육계/작약/감초/건강,"이산화규소,스테아르산마그네슘,캡슐제,옥수수전분",,일반의약품,완제의약품,신고,제조,,장방형,,,21.27,7.53,N,"8806581012201,8806581012218",R05X,,,,Galgeuntang Soft Extract/Acetaminophen/Ascorbic Acid/Anhydrous Caffeine/Riboflavin/Thiamine Nitrate/Pueraria Root/Ephedra Herb/Jujube/Cinnamon Bark/Peony Root/Licorice/Ginger
200400074,엑스콜플러스과립,,(주)한풍제약,"HANPOONG PHARM. Co., Ltd.",2004-04-09,의약품,109,폐업,2023-09-27,갈근탕연조엑스/무수카페인/아스코르빈산/아세트아미노펜/리보플라빈,"유당,아스파탐,옥수수전분",,일반의약품,완제의약품,신고,제조,,,,,,,N,8806581012300,R05X,,,,Galgeuntang Soft Extract/Anhydrous Caffeine/Ascorbic Acid/Acetaminophen/Riboflavin
201207591,엑스페인ER서방정,X-pain ER Tab.,(주)한독,Handok Inc.,2012-10-31,의약품,4081,정상,,트라마돌염산염/아세트아미노펜,"저치환도히드록시프로필셀룰로오스,히프로멜로오스,크로스포비돈,황색4호,스테아르산마그네슘,포비돈,콜로이드성이산화규소,오파드라이 노란색(85F12347)",,전문의약품,완제의약품,허가,제조,,장방형,,,19,8.5,N,"8806521052205,8806700017407,8806521052212,8806700017421,8806521052229,8806700017414,8806700017445,8806700017438",N02AJ13,201207591,,,Tramadol Hydrochloride/Acetaminophen
201307895,엑스페인ER세미서방정,X-pain ER semi Tab.,(주)한독,Handok Inc.,2013-06-27,의약품,4082,정상,,트라마돌염산염/아세트아미노펜,"저치환도히드록시프로필셀룰로오스,히프로멜로오스,크로스포비돈,황색4호,스테아르산마그네슘,포비돈,콜로이드성이산화규소,오파드라이노란색85F12347",,전문의약품,완제의약품,허가,제조,,원형,,,10.6,10.6,N,"8806521052304,8806700017704,8806521052311,8806700017735,8806521052328,8806700017711,8806700017728",N02AJ13,201307895,,,Tramadol Hydrochloride/Acetaminophen
200706109,엑스페인세미정,X-Pain Semi Tab.,(주)한독,Handok Inc.,2007-05-29,의약품,4070,정상,,아세트아미노펜/트라마돌염산염,"저치환도히드록시프로필셀룰로오스,크로스포비돈,스테아르산마그네슘,콜로이드성이산화규소,포비돈,오파드라이 Ⅱ 노란색(85F42086)",,전문의약품,완제의약품,신고,제조,,장방형,,,12,5,N,"8806521051000,8806700006302,8806521051017,8806700006319,8806521051024,8806700006326,8806700006333",N02AJ13,200706109,,,Acetaminophen/Tramadol Hydrochloride
200706110,엑스페인정,X-Pain Tab.,(주)한독,Handok Inc.,2007-05-29,의약품,4069,정상,,아세트아미노펜/트라마돌염산염,"저치환도히드록시프로필셀룰로오스,크로스포비돈,스테아르산마그네슘,콜로이드성이산화규소,포비돈,오파드라이 Ⅱ 노란색(85F42086)",,전문의약품,완제의약품,신고,제조,,장방형,,,15.5,6.5,N,"8806521050706,8806700006401,8806521050713,8806700006418,8806521050720,8806700006425,8806700006432",N02AJ13,,,,Acetaminophen/Tramadol Hydrochloride
201901711,엑쎈코에스연질캡슐,Exenco S Soft Cap.,(주)알피바이오,RP Bio Inc.,2019-03-21,의약품,5215,취하,2023-07-27,아세트아미노펜/클로르페니라민말레산염/슈도에페드린염산염,"프로필렌글리콜,폴리에틸렌글리콜400,솔비톨스페샬글리세린블렌드,젤라틴,홍화황색소,포비돈,정제수",,일반의약품,완제의약품,신고,제조,,,,,,,N,,,,,,Acetaminophen/Chlorpheniramine Maleate/Pseudoephedrine Hydrochloride
201801714,엑쎈코연질캡슐,Exenco Soft Cap.,(주)알피바이오,RP Bio Inc.,2018-04-23,의약품,5205,정상,,아세트아미노펜/브롬페니라민말레산염/슈도에페드린염산염,"프로필렌글리콜,폴리에틸렌글리콜400,젤라틴,홍화황색소,포비돈,소르비톨스페셜글리세린블렌드,정제수",,일반의약품,완제의약품,신고,제조,,타원형,,,20.3,9.5,N,"8806616049004,8806616049011",R05X,,201801714,,Acetaminophen/Brompheniramine Maleate/Pseudoephedrine Hydrochloride
201902137,엑쎈코프에스연질캡슐,Exen Cough S Soft Cap.,(주)알피바이오,RP Bio Inc.,2019-04-08,의약품,5216,정상,,아세트아미노펜/dl-메틸에페드린염산염/덱스트로메토르판브롬화수소산염수화물/구아이페네신,"프로필렌글리콜,치자청색소,폴리에틸렌글리콜400,젤라틴,포비돈,소르비톨스페셜글리세린블렌드,정제수",,일반의약품,완제의약품,신고,제조,,타원형,,,16.8,10,N,"8806616050000,8806616050017",R05X,,201902137,,Acetaminophen/DL-Methylephedrine Hydrochloride/Dextromethorphan Hydrobromide Hydrate/Guaifenesin
201801926,엑쎈콜연질캡슐,Exencol Soft Cap.,(주)알피바이오,RP Bio Inc.,2018-05-08,의약품,5206,정상,,아세트아미노펜/클로르페니라민말레산염/dl-메틸에페드린염산염/슈도에페드린염산염/덱스트로메토르판브롬화수소산염수화물/구아이페네신,"프로필렌글리콜,락색소,폴리에틸렌글리콜400,젤라틴,포비돈,소르비톨스페셜글리세린블렌드,정제수",,일반의약품,완제의약품,신고,제조,,타원형,,,16.9,10,N,"8806616049103,8806616049110",R05X,,201801926,,Acetaminophen/Chlorpheniramine Maleate/DL-Methylephedrine Hydrochloride/Pseudoephedrine Hydrochloride/Dextromethorphan Hydrobromide Hydrate/Guaifenesin
201905069,엑트라정,Ectra Tab.,정우신약(주),"Jung Woo Pharm Co.,Ltd.",2019-07-19,의약품,5198,유효기간만료,2024-07-19,아세트아미노펜/트라마돌염산염,"포비돈K-30,저치환도히드록시프로필셀룰로오스,크로스포비돈,오파드라이 II 노랑 (85F42086),스테아르산마그네슘",,전문의약품,완제의약품,허가,제조,,,,,,,N,"8806942057803,8806942057810,8806942057827",N02AJ13,201905069,,,Acetaminophen/Tramadol Hydrochloride
202007065,엔드콜에프과립,Endcol F Granule,정우신약(주),"Jung Woo Pharm Co.,Ltd.",2020-10-15,의약품,5217,정상,,갈근/감초/건강/육계/대추/마황/작약/아세트아미노펜/아스코르브산/리보플라빈/벤포티아민,"유당수화물,옥수수전분",,일반의약품,완제의약품,신고,제조,,,,,,,N,"8806942060414,8806942060421,8806942060407,8806942060438",R05X,,202007065,,Pueraria Root/Licorice/Ginger/Cinnamon Bark/Jujube/Ephedra Herb/Peony Root/Acetaminophen/Ascorbic Acid/Riboflavin/Benfotiamine
202007735,엔드콜에프캡슐,Endcol F Cap.,정우신약(주),"Jung Woo Pharm Co.,Ltd.",2020-11-10,의약품,5219,유효기간만료,2025-11-10,갈근/감초/건강/육계/대추/마황/작약/아세트아미노펜/아스코르브산/리보플라빈/벤포티아민,"콜로이달실리콘디옥사이드,유당수화물,스테아르산마그네슘,옥수수전분,캡슐",,일반의약품,완제의약품,신고,제조,,,,,,,N,"8806942060605,8806942060612",R05X,,202007735,,Pueraria Root/Licorice/Ginger/Cinnamon Bark/Jujube/Ephedra Herb/Peony Root/Acetaminophen/Ascorbic Acid/Riboflavin/Benfotiamine
202105441,엔디코프캡슐,Endycough Cap.,주식회사 노바엠헬스케어,"Nova M Healthcare Co.,Ltd",2021-07-19,의약품,10,취하,2026-04-13,아세트아미노펜/구아이페네신/슈도에페드린염산염/덱스트로메토르판브롬화수소산염수화물,"유당수화물,스테아르산마그네슘,경질무수규산,탤크,전분글리콜산나트륨,캡슐",,일반의약품,완제의약품,신고,제조,,,,,,,N,"8800732001106,8800732001113",R05X,,,,Acetaminophen/Guaifenesin/Pseudoephedrine Hydrochloride/Dextromethorphan Hydrobromide Hydrate
202105235,엔디콜노즈정,Endycolnose Tab.,주식회사 노바엠헬스케어,"Nova M Healthcare Co.,Ltd",2021-07-09,의약품,6,취하,2023-12-13,아세트아미노펜/슈도에페드린염산염/클로르페니라민말레산염,"폴리에틸렌글리콜 6000,미결정셀룰로오스,히프로멜로오스,유당수화물,이산화규소,산화티탄,크로스카멜로오스나트륨,스테아르산마그네슘,탤크,히드록시프로필셀룰로오스",,일반의약품,완제의약품,신고,제조,,,,,,,N,"8800732000901,8800732000918",R05X,,,,Acetaminophen/Pseudoephedrine Hydrochloride/Chlorpheniramine Maleate
202102443,엔디콜정,Endycol Tab.,주식회사 노바엠헬스케어,"Nova M Healthcare Co.,Ltd",2021-03-18,의약품,1,정상,,아세트아미노펜/카페인무수물/푸르설티아민,"미결정셀룰로오스,히프로멜로오스,황색4호,유당수화물,폴리에틸렌글리콜6000,산화티탄,크로스카멜로오스나트륨,스테아르산마그네슘,탤크,히드록시프로필셀룰로오스",,일반의약품,완제의약품,신고,제조,,타원형,,,14.1,8.3,N,"8800732000109,8800732000116",R05X,,202102443,,Acetaminophen/Anhydrous Caffeine/Fursultiamine
202202575,엔디콜플러스정,Endycol Plus Tab.,주식회사 노바엠헬스케어,"Nova M Healthcare Co.,Ltd",2022-06-21,의약품,35,정상,,아세트아미노펜/푸르설티아민,"히프로멜로오스,황색4호,유당수화물,폴리에틸렌글리콜6000,산화티탄,크로스카멜로오스나트륨,스테아르산마그네슘,경질무수규산,탤크,히드록시프로필셀룰로오스",,일반의약품,완제의약품,신고,제조,,타원형,,,15.0,8.7,N,"8800732003506,8800732003513",N02BE51,,202202575,,Acetaminophen/Fursultiamine
202106782,엔디펜정,Endyphen Tab.,주식회사 노바엠헬스케어,"Nova M Healthcare Co.,Ltd",2021-10-07,의약품,20,취하,2023-10-06,클로르족사존/아세트아미노펜,"미결정셀룰로오스,히프로멜로오스,폴리에틸렌글리콜6000,산화티탄,청색2호알루미늄레이크,스테아르산마그네슘,탤크,전분글리콜산나트륨,히드록시프로필셀룰로오스",,일반의약품,완제의약품,신고,제조,,타원형,,,15.0,8.7,N,"8800732002004,8800732002011",M03BB53,,202106782,,Chlorzoxazone/Acetaminophen
202201281,엔비코프정,Enbi cough Tab.,엔비케이제약(주),"Neo Bio Korea Pharm. Co., Ltd",2022-03-31,의약품,593,취하,2024-01-29,아세트아미노펜/슈도에페드린염산염/클로르페니라민말레산염,"미결정셀룰로오스,오파드라이흰색 03B28796,유당수화물,포비돈,스테아르산마그네슘,콜로이드성이산화규소,전분글리콜산나트륨",,일반의약품,완제의약품,신고,제조,,,,,,,N,"8800548013300,8800548013317",R05X,,202201281,,Acetaminophen/Pseudoephedrine Hydrochloride/Chlorpheniramine Maleate
202204300,엔비쿨정,Enbicool tab.,엔비케이제약(주),"Neo Bio Korea Pharm. Co., Ltd",2022-11-30,의약품,601,정상,,아세트아미노펜/브롬페니라민말레산염/슈도에페드린염산염,"미결정셀룰로오스,유당수화물,포비돈,콜로이드성이산화규소,스테아르산마그네슘,오파드라이 II 분홍색 (85F640009),전분글리콜산나트륨",,일반의약품,완제의약품,신고,제조,,,,,,,N,,,,,,Acetaminophen/Brompheniramine Maleate/Pseudoephedrine Hydrochloride
202203369,엔비펜정,Enbipen tab.,엔비케이제약(주),"Neo Bio Korea Pharm. Co., Ltd",2022-08-24,의약품,599,정상,,아세트아미노펜/푸르설티아민,"미결정셀룰로오스,황색4호,유당수화물,포비돈,콜로이드성이산화규소,스테아르산마그네슘",,일반의약품,완제의약품,신고,제조,,,,,,,N,,,,,,Acetaminophen/Fursultiamine
200202873,엔시드8시간이알서방정650mg(아세트아미노펜),Ensid-Er Tab. 650mg,한림제약(주),"Hanlim Pharm. Co., Ltd",2002-12-04,의약품,71,정상,,아세트아미노펜,"탭쉴드흰색 11W001,미결정셀룰로오스,스테아르산마그네슘,포비돈,전호화전분,옥수수전분,전분글리콜산나트륨,히드록시에틸셀룰로오스,히드록시프로필셀룰로오스",,일반의약품,완제의약품,허가,제조,,장방형,,,19.3,7.7,N,"8806453011608,8806453011615,8806453011622,8806453011639,8806453011646,8806453011653,8806453011660",N02BE01,,200202873,,Acetaminophen
201500497,"엔시트라서방정(트라마돌염산염, 아세트아미노펜)","Ensitra ER Tab.(Tramadol HCl, Acetaminophen)",한림제약(주),"Hanlim Pharm. Co., Ltd",2015-01-30,의약품,5090,정상,,아세트아미노펜/트라마돌염산염,"크로스포비돈,히프로멜로오스,산화티탄,오파드라이Ⅱ노란색(85F62513),포비돈,스테아르산마그네슘,콜로이드성이산화규소,규화 미결정셀룰로오스,황색산화제이철",,전문의약품,완제의약품,허가,제조,,타원형,,,19,9,N,"8806453051406,8806453051420,8806453051413,8806453051437",N02AJ13,,,,Acetaminophen/Tramadol Hydrochloride
201601516,"엔시트라세미서방정(트라마돌염산염, 아세트아미노펜)","Ensitra semi ER Tab.(Tramadol HCl, Acetaminophen)",한림제약(주),"Hanlim Pharm. Co., Ltd",2016-03-15,의약품,5119,정상,,아세트아미노펜/트라마돌염산염,"크로스포비돈,히프로멜로오스,콜로이드성이산화규소,포비돈,스테아르산마그네슘,규화 미결정셀룰로오스,황색산화제이철,오파드라이 II 노란색(85F62513)",,전문의약품,완제의약품,허가,제조,,원형,,,9,9,N,"8806453054704,8806453054728,8806453054711,8806453054735",N02AJ13,,,,Acetaminophen/Tramadol Hydrochloride
200707222,"엔시트라세미정(트라마돌염산염,아세트아미노펜)","Ensitra Semi Tab.(Tramadol HCl, Acetaminophen)",한림제약(주),"Hanlim Pharm. Co., Ltd",2007-06-22,의약품,404,정상,,트라마돌염산염/아세트아미노펜,"저치환도히드록시프로필셀룰로오스,미결정셀룰로오스,포비돈,스테아르산마그네슘,콜로이드성이산화규소,전분글리콜산나트륨,오파드라이II노란색(85F42086)",,전문의약품,완제의약품,신고,제조,,장방형,,,12.0,5.1,N,"8806453011707,8806453011714,8806453011721,8806453011738",N02AJ13,,,,Tramadol Hydrochloride/Acetaminophen
200707223,"엔시트라정(트라마돌염산염,아세트아미노펜)","Ensitra Tab.(Tramadol HCl, Acetaminophen)",한림제약(주),"Hanlim Pharm. Co., Ltd",2007-06-22,의약품,405,정상,,트라마돌염산염/아세트아미노펜,"저치환도히드록시프로필셀룰로오스,콜로이드성 이산화규소,미결정셀룰로오스,포비돈,스테아르산마그네슘,전분글리콜산나트륨,오파드라이II노란색(85F42086)",,전문의약품,완제의약품,신고,제조,,장방형,,,15.5,6.45,N,"8806453011806,8806453011813,8806453011820,8806453011837",N02AJ13,,,,Tramadol Hydrochloride/Acetaminophen
201901873,엔콜시럽,Encol Syrup,삼남제약(주),"SAMNAM PHARMACEUTICAL CO., LTD",2019-03-28,의약품,211,정상,,아세트아미노펜/클로르페니라민말레산염/펜톡시베린시트르산염/dl-메틸에페드린염산염/구아이페네신/카페인무수물,"벤조산나트륨,시트르산수화물,혼합과일향,글리세린,염화나트륨,백당,수크랄로스,폴리에틸렌글리콜 1500,시트르산나트륨수화물,적색40호,카르복시메틸셀룰로오스나트륨,히드록시에틸셀룰로오스,D-소르비톨액,조합향료(사과향HF-30630),정제수",,일반의약품,완제의약품,신고,제조,,,,,,,N,"8806537023008,8806537023022,8806537023015",R05X,,201901873,,Acetaminophen/Chlorpheniramine Maleate/Pentoxyverine Citrate/DL-Methylephedrine Hydrochloride/Guaifenesin/Anhydrous Caffeine
201109502,엔티콜에프정(수출용),Enticol F Tab.,한국프라임제약(주),"KOREA PRIME PHARM CO.,LTD",2011-11-02,의약품,684,정상,,아세트아미노펜/페닐레프린염산염/덱스트로메토르판브롬화수소산염수화물/클로르페니라민말레산염,"콜로이달실리콘디옥사이드,미결정셀룰로오스,유당수화물,시트르산,청색2호알루미늄레이크,스테아르산마그네슘,시트르산나트륨수화물,전분글리콜산나트륨,히드록시프로필셀룰로오스",,일반의약품,완제의약품,신고,제조,,,,,,,N,"8806636051308,8806636051315",R05X,,,,Acetaminophen/Phenylephrine Hydrochloride/Dextromethorphan Hydrobromide Hydrate/Chlorpheniramine Maleate
201109501,엔티콜정(수출용),Enticol Tab.,한국프라임제약(주),"KOREA PRIME PHARM CO.,LTD",2011-11-02,의약품,683,정상,,아세트아미노펜/페닐레프린염산염/덱스트로메토르판브롬화수소산염수화물,"콜로이달실리콘디옥사이드,미결정셀룰로오스,유당수화물,시트르산,스테아르산마그네슘,시트르산나트륨수화물,전분글리콜산나트륨,히드록시프로필셀룰로오스",,일반의약품,완제의약품,신고,제조,,,,,,,N,"8806636051209,8806636051216",R05X,,,,Acetaminophen/Phenylephrine Hydrochloride/Dextromethorphan Hydrobromide Hydrate
200200553,엘리시온정(수출용),Elision Tab.,(주)마더스제약,MOTHER'S PHARMACEUTICAL.,2002-07-04,의약품,39,정상,,우리딘/시아노코발라민/시티딘/염산피리독신/염산치아민/아세트아미노펜,"적색3호,유당,산화티탄,탈크,폴리에칠렌글리콜6000,경질무수규산,스테아린산마그네슘,히드록시프로필셀룰로오스,히드록시프로필메칠셀룰로오스2910",,일반의약품,완제의약품,신고,제조,,,,,,,N,"8806228008703,8806552009001",N02BE51,,,,Uridine/Cyanocobalamin/Cytidine/Pyridoxine Hydrochloride/Thiamine Hydrochloride/Acetaminophen
201900957,엘리펜서방정,Eliphen ER Tablet,동국제약(주),"Dongkook Pharmaceutical Co.,Ltd.",2019-02-15,의약품,503,정상,,트라마돌염산염/아세트아미노펜,"저치환도히드록시프로필셀룰로오스,히프로멜로오스,크로스포비돈,스테아르산마그네슘,콜로이드성이산화규소,포비돈,오파드라이Ⅱ노란색(85F420033)",,전문의약품,완제의약품,허가,제조,,장방형,,,19.2,8.7,N,"8806534042910,8806534042927,8806534042903",N02AJ13,,,,Tramadol Hydrochloride/Acetaminophen
201900956,엘리펜세미서방정,Eliphen Semi ER Tablet,동국제약(주),"Dongkook Pharmaceutical Co.,Ltd.",2019-02-15,의약품,502,정상,,트라마돌염산염/아세트아미노펜,"저치환도히드록시프로필셀룰로오스,히프로멜로오스,크로스포비돈,스테아르산마그네슘,콜로이드성이산화규소,포비돈,오파드라이II노란색(85F420033)",,전문의약품,완제의약품,허가,제조,,원형,,,9.9,9.9,N,"8806534043009,8806534043016,8806534043023",N02AJ13,,,,Tramadol Hydrochloride/Acetaminophen
200805214,엘리펜세미정,Eliphen Semi Tablet,동국제약(주),"Dongkook Pharmaceutical Co.,Ltd.",2008-05-07,의약품,226,정상,,아세트아미노펜/트라마돌염산염,"저치환도히드록시프로필셀룰로오스,크로스포비돈,스테아르산마그네슘,콜로이드성이산화규소,포비돈,오파드라이 Ⅱ 노란색(85F42086)",,전문의약품,완제의약품,신고,제조,,장방형,,,12.1,5.1,N,"8806534014801,8806534014818,8806534014825,8806534014832",N02AJ13,200805214,,,Acetaminophen/Tramadol Hydrochloride
200805215,엘리펜정,Eliphen Tablet,동국제약(주),"Dongkook Pharmaceutical Co.,Ltd.",2008-05-07,의약품,227,정상,,아세트아미노펜/트라마돌염산염,"저치환도히드록시프로필셀룰로오스,크로스포비돈,스테아르산마그네슘,콜로이드성이산화규소,포비돈,오파드라이 Ⅱ 노란색(85F42086)",,전문의약품,완제의약품,신고,제조,,장방형,,,15.5,6.4,N,"8806534014900,8806534014917,8806534014924,8806534014931",N02AJ13,200805215,,,Acetaminophen/Tramadol Hydrochloride
202006755,엘앤씨메가펜정(아세트아미노펜제피세립),L&C Megapen Tab.,(주)엘앤씨바이오,L&C BIO,2020-10-06,의약품,3,정상,,아세트아미노펜 제피세립,"저치환도히드록시프로필셀룰로오스,유당수화물,스테아르산마그네슘,히드록시프로필셀룰로오스",,일반의약품,완제의약품,신고,제조,,원형,,,11.0,11.0,N,"8800605000304,8800605000311,8800605000328",N02BE01,,202006755,,Microencapsulated Acetaminophen
202104347,엘카민정,L-camin Tab.,(주)바스칸바이오제약,BASKHANBIOPharma Inc,2021-06-03,의약품,5104,정상,,아세트아미노펜/카페인무수물/에페드린염산염,"미결정셀룰로오스,포비돈,크로스카멜로오스나트륨,스테아르산마그네슘,히드록시프로필셀룰로오스",,일반의약품,완제의약품,신고,제조,,타원형,,,12.8,7.2,N,"8806562052004,8806562052011,8806562052028",R05X,,202104347,,Acetaminophen/Anhydrous Caffeine/Ephedrine Hydrochloride
201706582,엘트라셋세미정,L-tracet Tab.,(주)인트로바이오파마,INTRO BIO PHARMA,2017-08-14,의약품,50,정상,,아세트아미노펜/트라마돌염산염,"오파드라이흰색(03B28796),황색산화철,스테아르산마그네슘,전호화전분,분말셀룰로오스,옥수수전분,전분글리콜산나트륨,적색산화철",,전문의약품,완제의약품,허가,제조,,장방형,,,12.2,5.2,N,"8800524005008,8800524005015,8800524005022",N02AJ13,201706582,,,Acetaminophen/Tramadol Hydrochloride
201706581,엘트라셋정,L-tracet Semi Tab.,(주)인트로바이오파마,INTRO BIO PHARMA,2017-08-14,의약품,49,정상,,아세트아미노펜/트라마돌염산염,"오파드라이흰색(03B28796),황색산화철,스테아르산마그네슘,전호화전분,분말셀룰로오스,옥수수전분,전분글리콜산나트륨,적색산화철",,전문의약품,완제의약품,허가,제조,,장방형,,,15.6,6.5,N,"8800524004902,8800524004919,8800524004926",N02AJ13,201706581,,,Acetaminophen/Tramadol Hydrochloride
202400402,엠지엠피스정,MZ Empeace Tab.,(주)에이프로젠바이오로직스,Aprogen Biologics Inc.,2024-02-26,의약품,5333,정상,,아세트아미노펜/산화마그네슘/푸르설티아민,"미결정셀룰로오스,히프로멜로오스,황색4호,유당수화물,이산화규소,폴리에틸렌글리콜6000,산화티탄,스테아르산마그네슘,탤크,전분글리콜산나트륨,히드록시프로필셀룰로오스",,일반의약품,완제의약품,신고,제조,,타원형,,,15.0,8.6,N,"8806452108903,8806452108910",N02BE51,,202400402,,Acetaminophen/Magnesium Oxide/Fursultiamine
200300725,엠피스정,Empeace Tab.,(주)에이프로젠바이오로직스,Aprogen Biologics Inc.,2003-07-07,의약품,274,취하,2023-07-24,클로르족사존/아세트아미노펜,"미결정셀룰로오스,히프로멜로오스,폴리에틸렌글리콜6000,산화티탄,청색2호알루미늄레이크,스테아르산마그네슘,탤크,전분글리콜산나트륨,히드록시프로필셀룰로오스",,일반의약품,완제의약품,신고,제조,,타원형,,,15.0,8.7,N,"8806452040203,8806518022303,8806452040210,8806518022310",M03BB53,,200300725,,Chlorzoxazone/Acetaminophen
201903455,영진아미노펜연질캡슐325mg,Yungjin Aminophen Soft Cap. 325mg,영진약품(주),"YUNGJIN PHARM. CO.,LTD",2019-05-28,의약품,5166,유효기간만료,2024-05-28,아세트아미노펜,"프로필렌글리콜,폴리에틸렌글리콜400,젤라틴,소르비톨소르비탄 액,포비돈,안나토색소,정제수",,일반의약품,완제의약품,신고,제조,,,,,,,N,"8806424044505,8806424044512,8806424044529",N02BE01,,201903455,,Acetaminophen
199400700,영진프로파세타몰염산염,,영진약품(주),"YUNGJIN PHARM. CO.,LTD",1994-02-08,의약품,593,정상,,,"클로로아세틸클로라이드,아세톤,염화메틸렌,트리에틸아민,염산,상수,주사용수,디에틸아민,아세트아미노펜,에틸알콜,정제수,p-아세트아미도페닐클로로아세테이트",,,원료의약품,신고,제조,,,,,,,N,,,,,,
201902837,영트라셋세미정,Yungtracet Semi Tab.,영진약품(주),"YUNGJIN PHARM. CO.,LTD",2019-05-02,의약품,5161,유효기간만료,2024-05-02,아세트아미노펜/트라마돌염산염,"저치환도히드록시프로필셀룰로오스,크로스포비돈,스테아르산마그네슘,콜로이드성이산화규소,포비돈,오파드라이II노란색(85F42086)",,전문의약품,완제의약품,허가,제조,,,,,,,N,"8806424046707,8806424046714,8806424046721",N02AJ13,201902837,,,Acetaminophen/Tramadol Hydrochloride
200804696,영트라셋정,Yungtracet Tab.,영진약품(주),"YUNGJIN PHARM. CO.,LTD",2008-04-25,의약품,727,정상,,아세트아미노펜/트라마돌염산염,"저치환도히드록시프로필셀룰로오스,포비돈,스테아르산마그네슘,콜로이드성이산화규소,오파드라이Ⅱ노란색(85F12347),분말셀룰로오스",,전문의약품,완제의약품,신고,제조,,장방형,,,15.5,6.4,N,"8806424019305,8806424019312,8806424019329,8806424019336",N02AJ13,200804696,,,Acetaminophen/Tramadol Hydrochloride
202002827,오르펜서방정,"Orphen SR Tab.(Acetaminophen, Tramadol Hydrochloride)",대우제약(주),daewoopharm,2020-04-21,의약품,5152,유효기간만료,2025-04-21,아세트아미노펜/트라마돌염산염,"저치환도히드록시프로필셀룰로오스,크로스포비돈,히프로멜로오스,콜로이드성이산화규소,포비돈,스테아르산마그네슘,오파드라이II노란색(85F420033)",,전문의약품,완제의약품,허가,제조,,,,,,,N,"8806496056000,8806496056017,8806496056024",N02AJ13,,,,Acetaminophen/Tramadol Hydrochloride
202002826,오르펜세미서방정,"Orphen Semi SR Tab.(Acetaminophen, Tramadol Hydrochloride)",대우제약(주),daewoopharm,2020-04-21,의약품,5151,정상,,아세트아미노펜/트라마돌염산염,"저치환도히드록시프로필셀룰로오스,크로스포비돈,히프로멜로오스,콜로이드성이산화규소,포비돈,스테아르산마그네슘,오파드라이II노란색(85F420033)",,전문의약품,완제의약품,허가,제조,,타원형,,,15.6,6.4,N,"8806496056109,8806496056116,8806496056123",N02AJ13,,,,Acetaminophen/Tramadol Hydrochloride
200805233,오르펜정,Orphen Tab,대우제약(주),daewoopharm,2008-05-08,의약품,587,정상,,트라마돌염산염/아세트아미노펜,"라우릴황산나트륨,오파드라이노란색(85F12347),저치환도히드록시프로필셀룰로오스(LH-11),미결정셀룰로오스,스테아르산마그네슘,전호화전분,오파드라이노란색(85F42138),옥수수전분,전분글리콜산나트륨,히드록시프로필셀룰로오스",,전문의약품,완제의약품,신고,제조,,장방형,,,15.5,6.4,N,"8806496028304,8806496028311,8806496028328,8806496028335",N02AJ13,,,,Tramadol Hydrochloride/Acetaminophen
202303351,오메코에프정,OmecoF Tab.,(주)에이프로젠바이오로직스,Aprogen Biologics Inc.,2023-12-15,의약품,5330,정상,,아세트아미노펜/슈도에페드린염산염/클로르페니라민말레산염,"미결정셀룰로오스,히프로멜로오스,유당수화물,이산화규소,산화티탄,폴리에틸렌글리콜6000,스테아르산마그네슘,탤크,전분글리콜산나트륨,히드록시프로필셀룰로오스",,일반의약품,완제의약품,신고,제조,,타원형,,,14.1,8.2,N,"8806452108309,8806452108316",R05X,,202303351,,Acetaminophen/Pseudoephedrine Hydrochloride/Chlorpheniramine Maleate
200001328,오메코정,Omeco Tab.,(주)에이프로젠바이오로직스,Aprogen Biologics Inc.,2000-11-02,의약품,327,유효기간만료,2024-01-01,아세트아미노펜/슈도에페드린염산염/클로르페니라민말레산염,"미결정셀룰로오스,히프로멜로오스,유당수화물,이산화규소,폴리에틸렌글리콜6000,산화티탄,크로스카멜로오스나트륨,스테아르산마그네슘,탤크,히드록시프로필셀룰로오스",,일반의약품,완제의약품,신고,제조,,,,,,,N,"8806452040104,8806518022709,8806452040111,8806518022716",R05X,,200001328,,Acetaminophen/Pseudoephedrine Hydrochloride/Chlorpheniramine Maleate
201007341,오메코프에스캡슐,Omecough-S Cap.,(주)에이프로젠바이오로직스,Aprogen Biologics Inc.,2010-12-03,의약품,5015,정상,,아세트아미노펜/구아이페네신/슈도에페드린염산염/덱스트로메토르판브롬화수소산염수화물,"유당수화물,콜로이드성이산화규소,스테아르산마그네슘,탤크,전분글리콜산나트륨,캡슐",,일반의약품,완제의약품,신고,제조,,장방형,,,19.10,6.63,N,"8806452041309,8806518055905,8806452041316,8806518055912",R05X,,201007341,,Acetaminophen/Guaifenesin/Pseudoephedrine Hydrochloride/Dextromethorphan Hydrobromide Hydrate
201309579,오메콜에프캡슐,Omecol F Cap.,(주)에이프로젠바이오로직스,Aprogen Biologics Inc.,2013-10-04,의약품,5030,정상,,아세트아미노펜/덱스트로메토르판브롬화수소산염수화물/dl-메틸에페드린염산염/구아이페네신/클로르페니라민말레산염/카페인무수물,"유당수화물,콜로이드성이산화규소,스테아르산마그네슘,전분글리콜산나트륨,캡슐",,일반의약품,완제의약품,신고,제조,,장방형,,,19,6.75,N,"8806452041002,8806518059606,8806452041019,8806518059613,8806452041026",R05X,,201309579,,Acetaminophen/Dextromethorphan Hydrobromide Hydrate/DL-Methylephedrine Hydrochloride/Guaifenesin/Chlorpheniramine Maleate/Anhydrous Caffeine
202501979,오소플루노즈캡슐,Orthoflu Nose Capsule,주식회사 제이비케이랩,"JBKLAB Co., Ltd",2025-07-29,의약품,5071,정상,,아세트아미노펜/카페인무수물/클로르페니라민말레산염/슈도에페드린염산염,"조합향료(천연베리허브향 CMS),저치환도히드록시프로필셀룰로오스,알긴산나트륨,스테아르산마그네슘,경질무수규산,미결정셀룰로오스PH101,미결정셀룰로오스PH102,캡슐",,일반의약품,완제의약품,신고,제조,,장방형,,,18.8,6.2,N,"8800789002316,8800789002309",R05X,,,,Acetaminophen/Anhydrous Caffeine/Chlorpheniramine Maleate/Pseudoephedrine Hydrochloride
202501161,오소플루오리엔스캡슐,Orthoflu Oriens,주식회사 제이비케이랩,"JBKLAB Co., Ltd",2025-05-13,의약품,5068,정상,,갈근탕 건조엑스(10→1)/아세트아미노펜/구아이페네신/클로르페니라민말레산염/노스카핀염산염수화물/카페인무수물,"알긴산나트륨,저치환도히드록시프로필셀룰로오스,미결정셀룰로오스,스테아르산마그네슘,경질무수규산,조합향료(천연베리허브향(CMC)),캡슐",,일반의약품,완제의약품,신고,제조,,장방형,,,21.2,6.9,N,"8800789002101,8800789002118",R05X,,,,Galgeuntang Dried Extract (10→1)/Acetaminophen/Guaifenesin/Chlorpheniramine Maleate/Noscapine Hydrochloride Hydrate/Anhydrous Caffeine
202401981,오소플루코프산,Orthoflu Cough Powder,주식회사 제이비케이랩,"JBKLAB Co., Ltd",2024-08-14,의약품,5064,정상,,아세트아미노펜/DL-메틸에페드린염산염/덱스트로메토르판브롬화수소산염수화물,"에틸셀룰로오스,트리에틸시트르산염,히프로멜로오스,자일리톨,수크랄로스,스테아르산마그네슘,콜로이드성이산화규소,효소처리스테비아,탤크,조합향료(천연베리허브향오일(CMB)),조합향료(천연베리과일향분말)",,일반의약품,완제의약품,신고,제조,,,,,,,N,"8800789000107,8800789000114,8800789000121",R05X,,,,Acetaminophen/DL-Methylephedrine Hydrochloride/Dextromethorphan Hydrobromide Hydrate
202402955,오소플루코프캡슐,Orthoflu Cough Cap.,주식회사 제이비케이랩,"JBKLAB Co., Ltd",2024-12-13,의약품,5066,정상,,DL-메틸에페드린염산염/구아이페네신/노스카핀염산염수화물/아세트아미노펜,"조합향료(천연베리허브향(CMHD)),저치환도히드록시프로필셀룰로오스,알긴산나트륨,스테아르산마그네슘,경질무수규산,미결정셀룰로오스PH101,미결정셀룰로오스PH102,캡슐",,일반의약품,완제의약품,신고,제조,,장방형,,,18.6,6.2,N,"8800789001302,8800789001319",R05X,,,,DL-Methylephedrine Hydrochloride/Guaifenesin/Noscapine Hydrochloride Hydrate/Acetaminophen
202401768,오소플루콜드산,Orthoflu-Cold Speed Powder,주식회사 제이비케이랩,"JBKLAB Co., Ltd",2024-07-19,의약품,5062,정상,,아세트아미노펜/DL-메틸에페드린염산염/덱스트로메토르판브롬화수소산염수화물/클로르페니라민말레산염,"에틸셀룰로오스,트리에틸시트르산염,자일리톨,스테아르산마그네슘,콜로이드성이산화규소,효소처리스테비아,탤크,조합향료(천연베리과일향분말)",,일반의약품,완제의약품,신고,제조,,,,,,,N,"8800789000206,8800789000213,8800789000220,8800789000237",R05X,,,,Acetaminophen/DL-Methylephedrine Hydrochloride/Dextromethorphan Hydrobromide Hydrate/Chlorpheniramine Maleate
202501496,오소플루콜드캡슐,Orthoflu Cold Capsule,주식회사 제이비케이랩,"JBKLAB Co., Ltd",2025-06-18,의약품,5069,정상,,아세트아미노펜/클로르페니라민말레산염/슈도에페드린염산염/구아이페네신/노스카핀염산염수화물/DL-메틸에페드린염산염/카페인무수물,"저치환도히드록시프로필셀룰로오스,알긴산나트륨,미결정셀룰로오스,스테아르산마그네슘,경질무수규산,조합향료(천연베리허브향(CMC)),캡슐",,일반의약품,완제의약품,신고,제조,,장방형,,,18.5,6.2,N,"8800789002019,8800789002002",R05X,,,,Acetaminophen/Chlorpheniramine Maleate/Pseudoephedrine Hydrochloride/Guaifenesin/Noscapine Hydrochloride Hydrate/DL-Methylephedrine Hydrochloride/Anhydrous Caffeine
202203271,오스틴갈근탕플러스액,Austin Galgeuntang Plus Liquid,오스틴제약(주),"Austin pharm.co.,Ltd",2022-08-12,의약품,5123,정상,,작약/육계/감초/갈근/마황/대추/건강/아세트아미노펜,"시트르산수화물,벤조산나트륨,이성화당55%,l-멘톨,정제수",,일반의약품,완제의약품,신고,제조,,,,,,,N,"8806543055208,8806543055215,8806543055222",R05X,,202203271,,Peony Root/Cinnamon Bark/Licorice/Pueraria Root/Ephedra Herb/Jujube/Ginger/Acetaminophen
201501446,오프콜드연질캡슐(수출용),Off-Cold Soft cap.,한국프라임제약(주),"KOREA PRIME PHARM CO.,LTD",2015-03-19,의약품,870,정상,,아세트아미노펜/구아이페네신/슈도에페드린염산염/DL-메틸에페드린염산염/덱스트로메토르판브롬화수소산염수화물/트리프롤리딘염산염수화물,"프로필렌글리콜,폴리에틸렌글리콜400,젤라틴,포비돈,소르비톨소르비탄 액,안나토색소,정제수",,일반의약품,완제의약품,신고,제조,,타원형,,,15,10,N,"8806636067408,8806636067415",R05X,,201501446,,Acetaminophen/Guaifenesin/Pseudoephedrine Hydrochloride/DL-Methylephedrine Hydrochloride/Dextromethorphan Hydrobromide Hydrate/Triprolidine Hydrochloride Hydrate
200201855,올바펜정,Allbapen Tab.,하이플생명과학(주),"Highfly Life Science Co., Ltd.",2002-10-18,의약품,166,정상,,아세트아미노펜/푸르설티아민,"히프로멜로오스,황색4호,유당수화물,폴리에틸렌글리콜6000,산화티탄,크로스카멜로오스나트륨,스테아르산마그네슘,경질무수규산,히드록시프로필셀룰로오스",,일반의약품,완제의약품,신고,제조,,타원형,,,14.1,8.3,N,"8806641010406,8806641010413",N02BE51,,200201855,,Acetaminophen/Fursultiamine
200712331,올코엔정(수출용),Allcoen Tab.,한국코러스(주),"Hankook Korus Pharm. Co., Ltd",2007-11-12,의약품,215,정상,,아세트아미노펜/슈도에페드린염산염/클로르페니라민말레산염,"저치환도히드록시프로필셀룰로오스,미결정셀룰로오스,히프로멜로오스2910,폴리에틸렌글리콜6000,산화티탄,스테아르산마그네슘,콜로이드성이산화규소,전분글리콜산나트륨,히드록시프로필셀룰로오스",,일반의약품,완제의약품,신고,제조,,장방형,,,15.8,8.6,N,"8806472020100,8806472020117,8806472020124,8806472020131,8806472020148,8806472020155",R05X,,,,Acetaminophen/Pseudoephedrine Hydrochloride/Chlorpheniramine Maleate
200805739,올펜세미정,OLFEN-SEMI TAB.,(주)셀릭스,NEWGENPHARM INC.,2008-05-22,의약품,630,정상,,아세트아미노펜/트라마돌염산염,"오파드라이흰색(03B28796),황색산화철,스테아르산마그네슘,전호화전분,분말셀룰로오스,옥수수전분,전분글리콜산나트륨,적색산화철",,전문의약품,완제의약품,신고,제조,,장방형,,,12,5.4,N,"8806462024606,8806462024613,8806462024620",N02AJ13,200805739,,,Acetaminophen/Tramadol Hydrochloride
200801284,올펜정,OLFEN TAB.,(주)셀릭스,NEWGENPHARM INC.,2007-11-12,의약품,628,정상,,아세트아미노펜/트라마돌염산염,"오파드라이흰색(03B28796),황색산화철,스테아르산마그네슘,전호화전분,분말셀룰로오스,옥수수전분,전분글리콜산나트륨,적색산화철",,전문의약품,완제의약품,신고,제조,,장방형,,,15.4,6.3,N,"8806462024507,8806462024514,8806462024521,8806462024538",N02AJ13,200801284,,,Acetaminophen/Tramadol Hydrochloride
201905670,올펜트리플액션연질캡슐,Allphen Triple Action Soft Cap,(주)알피바이오,RP Bio Inc.,2019-08-12,의약품,5226,취하,2023-11-21,아세트아미노펜/에텐자미드/카페인무수물,"프로필렌글리콜,폴리에틸렌글리콜4000,락색소,폴리에틸렌글리콜400,젤라틴,산화티탄,소르비톨스페셜글리세린블렌드,정제수",,일반의약품,완제의약품,신고,제조,,,,,,,N,"8806616051014,8806616051007",N02BE51,,201905670,,Acetaminophen/Ethenzamide/Anhydrous Caffeine
202105716,옴니콜노즈연질캡슐,Omni Nose Soft capsule,코스맥스파마(주),"COSMAX PHARMA CO., LTD.",2021-08-03,의약품,5205,취하,2024-09-11,아세트아미노펜/브롬페니라민말레산염/슈도에페드린염산염/리보플라빈/티아민질산염,"프로필렌글리콜,적색3호,콩기름,레시틴,토코페롤아세테이트,황색5호,황색4호,젤라틴,산화티탄,폴리에틸렌글리콜600,포비돈,황납,경질지방,정제수,소르비톨 소르비탄액",,일반의약품,완제의약품,신고,제조,,,,,,,N,,,,,,Acetaminophen/Brompheniramine Maleate/Pseudoephedrine Hydrochloride/Riboflavin/Thiamine Nitrate
202105715,옴니콜연질캡슐,Omni Cold Soft capsule,코스맥스파마(주),"COSMAX PHARMA CO., LTD.",2021-08-03,의약품,5204,취하,2024-09-11,아세트아미노펜/구아이페네신/슈도에페드린염산염/클로르페니라민말레산염/dl-메틸에페드린염산염/덱스트로메토르판브롬화수소산염수화물/리보플라빈/티아민질산염,"프로필렌글리콜,콩기름,레시틴,토코페롤아세테이트,젤라틴,산화티탄,폴리에틸렌글리콜600,포비돈,황납,경질지방,적색40호,정제수,소르비톨 소르비탄액",,일반의약품,완제의약품,신고,제조,,,,,,,N,,,,,,Acetaminophen/Guaifenesin/Pseudoephedrine Hydrochloride/Chlorpheniramine Maleate/DL-Methylephedrine Hydrochloride/Dextromethorphan Hydrobromide Hydrate/Riboflavin/Thiamine Nitrate
202105717,옴니콜코프연질캡슐,Omni Cough Soft capsule,코스맥스파마(주),"COSMAX PHARMA CO., LTD.",2021-08-03,의약품,5206,취하,2024-09-11,아세트아미노펜/구아이페네신/클로르페니라민말레산염/덱스트로메토르판브롬화수소산염수화물/리보플라빈/티아민질산염,"프로필렌글리콜,콩기름,레시틴,토코페롤아세테이트,황색4호,젤라틴,산화티탄,폴리에틸렌글리콜600,포비돈,황납,경질지방,정제수,소르비톨 소르비탄액,청색1호",,일반의약품,완제의약품,신고,제조,,,,,,,N,,,,,,Acetaminophen/Guaifenesin/Chlorpheniramine Maleate/Dextromethorphan Hydrobromide Hydrate/Riboflavin/Thiamine Nitrate
201902006,옵티노즈연질캡슐,Optinose Soft capsue,코스맥스파마(주),"COSMAX PHARMA CO., LTD.",2019-04-02,의약품,5158,정상,,아세트아미노펜/슈도에페드린염산염/dl-메틸에페드린염산염/덱스트로메토르판브롬화수소산염수화물/트리프롤리딘염산염수화물,"프로필렌글리콜,심황색소,폴리에틸렌글리콜400,젤라틴,포비돈,정제수,소르비톨 소르비탄액",,일반의약품,완제의약품,신고,제조,,타원형,,,14.9,9.7,N,"8800540010918,8800551018705,8800540010901,8800551018712",R05X,,201902006,,Acetaminophen/Pseudoephedrine Hydrochloride/DL-Methylephedrine Hydrochloride/Dextromethorphan Hydrobromide Hydrate/Triprolidine Hydrochloride Hydrate
201901490,옵티코프연질캡슐,Opticough Soft capsue,코스맥스파마(주),"COSMAX PHARMA CO., LTD.",2019-03-11,의약품,5153,정상,,아세트아미노펜/구아이페네신/노스카핀염산염수화물/덱스트로메토르판브롬화수소산염수화물/트리프롤리딘염산염수화물,"프로필렌글리콜,치자청색소,폴리에틸렌글리콜400,젤라틴,포비돈,정제수,소르비톨 소르비탄액",,일반의약품,완제의약품,신고,제조,,타원형,,,15,9.8,N,"8800540010703,8800551018903,8800540010710,8800551018910",R05X,,201901490,,Acetaminophen/Guaifenesin/Noscapine Hydrochloride Hydrate/Dextromethorphan Hydrobromide Hydrate/Triprolidine Hydrochloride Hydrate
201901491,옵티콜드연질캡슐,Opticold Soft capsue,코스맥스파마(주),"COSMAX PHARMA CO., LTD.",2019-03-11,의약품,5154,유효기간만료,2024-03-11,아세트아미노펜/구아이페네신/슈도에페드린염산염/dl-메틸에페드린염산염/덱스트로메토르판브롬화수소산염수화물/트리프롤리딘염산염수화물,"프로필렌글리콜,폴리에틸렌글리콜400,젤라틴,포비돈,안나토색소,정제수,소르비톨 소르비탄액",,일반의약품,완제의약품,신고,제조,,,,,,,N,"8800540010802,8800551018804,8800540010819,8800551018811",R05X,,201901491,,Acetaminophen/Guaifenesin/Pseudoephedrine Hydrochloride/DL-Methylephedrine Hydrochloride/Dextromethorphan Hydrobromide Hydrate/Triprolidine Hydrochloride Hydrate
202107077,와이투아트라세미정,Y2ARTLASEMI TAB,성이바이오제약주식회사,"SUNGYI BIO CO., LTD.",2021-10-22,의약품,33,정상,,아세트아미노펜/트라마돌염산염,"미결정셀룰로오스,오파드라이QX노란색(321A620000) ,스테아르산마그네슘,전분글리콜산나트륨,히드록시프로필셀룰로오스",,전문의약품,완제의약품,허가,제조,,,,,,,N,"8800724003309,8800724003316,8800724003323",N02AJ13,,,,Acetaminophen/Tramadol Hydrochloride
199300255,우노바캡슐,Woonova Cap.,동광제약(주),"Dongkwang Pharm. Co., Ltd.",1993-08-23,의약품,301,유효기간만료,2024-01-01,아세트아미노펜/클로르페니라민말레산염/노스카핀/dl-메틸에페드린염산염/카페인무수물/우황/원지가루/육계가루,"상부흑색 하부갈색의 캡슐,유당수화물,스테아르산마그네슘",,일반의약품,완제의약품,신고,제조,,,,,,,N,"8806459024206,8806459024213",R05X,,199300255,,Acetaminophen/Chlorpheniramine Maleate/Noscapine/DL-Methylephedrine Hydrochloride/Anhydrous Caffeine/Cattle Gallstone/Polygala Root Powder/Cinnamon Bark Powder
202200658,우먼스타이레놀정,Women's Tylenol Tablet,켄뷰코리아판매유한회사,Kenvue Korea Selling & Distribution LLC,2022-02-10,의약품,63,정상,,아세트아미노펜/파마브롬,"미결정셀룰로오스,전호화전분1500,스테아르산마그네슘,카르나우바납,전호화전분,분말셀룰로오스,전분글리콜산나트륨,오파드라이II흰색(Y-22-7719)",,일반의약품,완제의약품,신고,수입,,타원형,,,17.6,7.2,N,"8806469026207,8806723002107,8806469026214,8806723002114",N02BE51,,202200658,인도네시아,Acetaminophen/Pamabrom
201401034,욱씬정,Ukssin Tab.,(주)마더스제약,MOTHER'S PHARMACEUTICAL.,2014-03-06,의약품,5070,정상,,아세트아미노펜/카페인무수물/푸르설티아민,"크로스포비돈,유당수화물,스테아르산마그네슘,카르복시메틸셀룰로오스칼슘,탭쉴드노란색(19Y788),히드록시프로필셀룰로오스",,일반의약품,완제의약품,신고,제조,,타원형,,,14.01,8.25,N,"8806228018412,8806228018405",R05X,,201401034,,Acetaminophen/Anhydrous Caffeine/Fursultiamine
200713094,울셋세미정,Ulset semi Tablet,(주)비씨월드제약,"BCWORLD PHARM.CO.,LTD",2007-12-06,의약품,563,정상,,트라마돌염산염/아세트아미노펜,"저치환도히드록시프로필셀룰로오스,크로스포비돈,유당수화물,스테아르산마그네슘,오파드라이II노란색(85F12347),옥수수전분",,전문의약품,완제의약품,신고,제조,,장방형,,,12.1,5.2,N,"8806531019700,8806531019717,8806531019724,8806531019731",N02AJ13,,,,Tramadol Hydrochloride/Acetaminophen
200713095,울셋정,Ulset Tablet,(주)비씨월드제약,"BCWORLD PHARM.CO.,LTD",2007-12-06,의약품,564,정상,,트라마돌염산염/아세트아미노펜,"저치환도히드록시프로필셀룰로오스,크로스포비돈,유당수화물,스테아르산마그네슘,오파드라이Ⅱ노란색(85F12347),옥수수전분",,전문의약품,완제의약품,신고,제조,,장방형,,,15.5,6.5,N,"8806531019809,8806531019816,8806531019823,8806531019830,8806531019847",N02AJ13,,,,Tramadol Hydrochloride/Acetaminophen
202004095,울트라뉴세미정,Ultra New Semi Tab.,(주)시어스제약,Cires Pharmaceutical Inc.,2020-05-29,의약품,130,정상,,아세트아미노펜/트라마돌염산염,"미결정셀룰로오스,오파드라이QX노란색(321A620000) ,스테아르산마그네슘,전분글리콜산나트륨,히드록시프로필셀룰로오스",,전문의약품,완제의약품,허가,제조,,장방형,,,12.1,5.1,N,"8806890013517,8806890013524,8806890013500",N02AJ13,202004095,,,Acetaminophen/Tramadol Hydrochloride
201902260,울트라뉴정,Ultranew Tab.,(주)시어스제약,Cires Pharmaceutical Inc.,2019-04-12,의약품,66,정상,,아세트아미노펜/트라마돌염산염,"저치환도히드록시프로필셀룰로오스,크로스포비돈,포비돈,스테아르산마그네슘,오파드라이II노란색(85F42086)",,전문의약품,완제의약품,허가,제조,,타원형,,,15.4,6.3,N,"8806890006304,8806890006311,8806890006328,8806890006335",N02AJ13,201902260,,,Acetaminophen/Tramadol Hydrochloride
200805389,울트라맥세미정,Ultramac Semi Tab.,맥널티제약(주),"McNulty Pharma, Co., LTD.",2008-05-13,의약품,344,정상,,트라마돌염산염/아세트아미노펜,"저치환도히드록시프로필셀룰로오스(LH-11),오파드라이 II Yellow 85F12347,스테아르산마그네슘,전호화전분,옥수수전분,히드록시프로필셀룰로오스",,전문의약품,완제의약품,신고,제조,,장방형,,,12.0,5.1,N,"8806415009100,8806415009117,8806415009124,8806415009131,8806415009148",N02AJ13,200805389,,,Tramadol Hydrochloride/Acetaminophen
200805388,울트라맥정,Ultramac Tab.,맥널티제약(주),"McNulty Pharma, Co., LTD.",2008-05-13,의약품,343,정상,,트라마돌염산염/아세트아미노펜,"저치환도히드록시프로필셀룰로오스(LH-11),오파드라이 II Yellow 85F12347,스테아르산마그네슘,전호화전분,옥수수전분,히드록시프로필셀룰로오스",,전문의약품,완제의약품,신고,제조,,장방형,,,15.35,6.3,N,"8806415008806,8806415008820,8806415008837,8806415008813",N02AJ13,,,,Tramadol Hydrochloride/Acetaminophen
200705591,"울트라메트세미정(트라마돌염산염, 아세트아미노펜)",Ultramet Semi Tab.,고려제약(주),"KOREAN DRUG. CO., LTD.",2007-05-16,의약품,250,정상,,트라마돌염산염/아세트아미노펜,"라우릴황산나트륨,미결정셀룰로오스,스테아르산마그네슘,옥수수전분,전분글리콜산나트륨,오파드라이 노란색(85F12347)",,전문의약품,완제의약품,신고,제조,,장방형,,,12.1,5.1,N,"8806428010704,8806428010711,8806428010728,8806428010735",N02AJ13,200705591,,,Tramadol Hydrochloride/Acetaminophen
200705592,"울트라메트정(트라마돌염산염, 아세트아미노펜)",Ultramet Tab.,고려제약(주),"KOREAN DRUG. CO., LTD.",2007-05-16,의약품,251,정상,,트라마돌염산염/아세트아미노펜,"라우릴황산나트륨,미결정셀룰로오스,스테아르산마그네슘,옥수수전분,전분글리콜산나트륨,오파드라이 노란색(85F12347)",,전문의약품,완제의약품,신고,제조,,장방형,,,15.4,6.4,N,"8806428010803,8806428010810,8806428010827,8806428010834,8806428010841",N02AJ13,200705592,,,Tramadol Hydrochloride/Acetaminophen
202201142,울트라셋세미정,Ultracet semi Tablet,(주)한국얀센,Jassen Korea,2022-03-22,의약품,1,정상,,트라마돌염산염/아세트아미노펜,"오파드라이연한노란색(YS-1-6382G),스테아르산마그네슘,카르나우바납,전호화전분,분말셀룰로오스,옥수수전분,전분글리콜산나트륨",,전문의약품,완제의약품,허가,제조,,타원형,,,12.0,5.1,N,"8806469026405,8806469026412,8806469026429",N02AJ13,202201142,,,Tramadol Hydrochloride/Acetaminophen
202201173,울트라셋이알서방정,Ultracet ER Tablet,(주)한국얀센,Jassen Korea,2022-03-24,의약품,2,정상,,아세트아미노펜/트라마돌염산염,"산화폴리에틸렌,히프로멜로오스,스테아르산마그네슘,전호화전분,오파드라이노란색(YS-1-6370G),분말셀룰로오스,전분글리콜산나트륨,옥수수전분,카라기난,카르나우바 납",,전문의약품,완제의약품,허가,제조,,타원형,,,19.3,8.7,N,"8806469026528,8806469026504,8806469026511",N02AJ13,,,,Acetaminophen/Tramadol Hydrochloride
202201174,울트라셋이알세미서방정,Ultracet ER semi Tablet,(주)한국얀센,Jassen Korea,2022-03-24,의약품,3,정상,,아세트아미노펜/트라마돌염산염,"산화폴리에틸렌,히프로멜로오스,스테아르산마그네슘,전호화전분,오파드라이노란색(YS-1-6370G),분말셀룰로오스,전분글리콜산나트륨,옥수수전분,카라기난,카르나우바 납",,전문의약품,완제의약품,허가,제조,,원형,,,9.2,9.2,N,"8806469026610,8806469026627,8806469026603",N02AJ13,,,,Acetaminophen/Tramadol Hydrochloride
202003694,울트라셋정,Ultracet Tablet,(주)한국얀센,Janssen Korea Ltd.,2020-05-21,의약품,5039,정상,,트라마돌염산염/아세트아미노펜,"오파드라이연한노란색(YS-1-6382-G),스테아르산마그네슘,카르나우바납,전호화전분,분말셀룰로오스,전분글리콜산나트륨,옥수수전분",,전문의약품,완제의약품,허가,수입,,장방형,,,15.7,6.5,N,"8806469023305,8806469023312,8806469023329",N02AJ13,,,"캐나다,이탈리아",Tramadol Hydrochloride/Acetaminophen
200804918,울트라스크세미정,Ultrask Semi Tablet,에스케이케미칼(주),"SK Chemicals Co., Ltd.",2008-04-29,의약품,5015,정상,,아세트아미노펜/트라마돌염산염,"미결정셀룰로오스,크로스포비돈,스테아르산마그네슘,전호화전분,전분글리콜산나트륨,히드록시프로필셀룰로오스,오파드라이노란색85F12347",,전문의약품,완제의약품,신고,제조,,장방형,,,12.0,5.15,N,"8806447034309,8806695011107,8806831000101,8806447034316,8806695011114,8806447034323,8806695011121,8806695011138,8806695011145",N02AJ13,200804918,,,Acetaminophen/Tramadol Hydrochloride
200804957,울트라스크정,Ultrask Tablet,에스케이케미칼(주),"SK Chemicals Co., Ltd.",2008-04-30,의약품,5014,정상,,아세트아미노펜/트라마돌염산염,"미결정셀룰로오스,크로스포비돈,스테아르산마그네슘,전호화전분,전분글리콜산나트륨,히드록시프로필셀룰로오스,오파드라이노란색85F12347",,전문의약품,완제의약품,신고,제조,,장방형,,,15.5,6.4,N,"8806447034408,8806695011206,8806831000200,8806447034415,8806695011213,8806447034422,8806695011220,8806695011237",N02AJ13,200804957,,,Acetaminophen/Tramadol Hydrochloride
201503182,울트라핀세미정,Ultrapin-semi tablet (Acetaminophen),에스피씨(주),"SPC CO., LTD",2015-05-27,의약품,5059,정상,,아세트아미노펜/트라마돌염산염,"저치환도히드록시프로필셀룰로오스,크로스포비돈,스테아르산마그네슘,콜로이드성이산화규소,포비돈,오파드라이 Ⅱ 노란색(85F42086)",,전문의약품,완제의약품,허가,제조,,장방형,,,12.0,5.1,N,"8806697002004,8806697002011,8806697002028",N02AJ13,201503182,,,Acetaminophen/Tramadol Hydrochloride
201503181,울트라핀정,Ultrapin tablet (Acetaminophen),에스피씨(주),"SPC CO., LTD",2015-05-27,의약품,5058,정상,,아세트아미노펜/트라마돌염산염,"저치환도히드록시프로필셀룰로오스,크로스포비돈,스테아르산마그네슘,콜로이드성이산화규소,포비돈,오파드라이II노란색(85F42086)",,전문의약품,완제의약품,허가,제조,,장방형,,,15.6,6.4,N,"8806697001908,8806697001915,8806697001922",N02AJ13,201503181,,,Acetaminophen/Tramadol Hydrochloride
201603234,울트란세미정,Ultran Semi Tablet,케이엠에스제약(주),"KMS Pharmaceutical Co., Ltd.",2016-06-07,의약품,5025,정상,,트라마돌염산염/아세트아미노펜,"미결정셀룰로오스,크로스포비돈,스테아르산마그네슘,전호화전분,오파드라이II노란색(85F420033)",,전문의약품,완제의약품,허가,제조,,장방형,,,12.06,5.51,N,"8806547016601,8806547016618,8806547016625,8806547016632",N02AJ13,201603234,,,Tramadol Hydrochloride/Acetaminophen
200805520,울트란정,Ultran Tablet,케이엠에스제약(주),"KMS Pharmaceutical Co., Ltd.",2008-05-16,의약품,302,정상,,트라마돌염산염/아세트아미노펜,"라우릴황산나트륨,저치환도히드록시프로필셀룰로오스,크로스포비돈,탭쉴드주황색(11O537),오파드라이II85F12347옐로우,스테아르산마그네슘,콜로이드성이산화규소,포비돈,카르나우바납,전호화전분,카르복시메틸셀룰로오스칼슘,분말셀룰로오스,전분글리콜산나트륨,히드록시프로필셀룰로오스",,전문의약품,완제의약품,신고,제조,,장방형,,,15.5,6.3,N,"8806547011101,8806547011118,8806547011125,8806547011132,8806547011149",N02AJ13,200805520,,,Tramadol Hydrochloride/Acetaminophen
201905269,울트론서방정,Ultron SR Tab.,익수제약(주),"IKSU Pharmaceutical Co., Ltd.",2019-07-24,의약품,690,정상,,아세트아미노펜/트라마돌염산염,"저치환도히드록시프로필셀룰로오스,크로스포비돈,히프로멜로오스,스테아르산마그네슘,포비돈,콜로이드성이산화규소,오파드라이II노란색(85F420033)",,전문의약품,완제의약품,허가,제조,,장방형,,,19.1,8.6,N,"8806585022015,8806585022022,8806585022008",N02AJ13,,,,Acetaminophen/Tramadol Hydrochloride
201905270,울트론세미서방정,Ultron Semi SR Tab.,익수제약(주),"IKSU Pharmaceutical Co., Ltd.",2019-07-24,의약품,691,정상,,아세트아미노펜/트라마돌염산염,"저치환도히드록시프로필셀룰로오스,크로스포비돈,히프로멜로오스,콜로이드성이산화규소,포비돈,스테아르산마그네슘,오파드라이II노란색(85F420033)",,전문의약품,완제의약품,허가,제조,,원형,,,9.9,9.9,N,"8806585022114,8806585022121,8806585022107",N02AJ13,201905270,,,Acetaminophen/Tramadol Hydrochloride
201604034,울트펜세미서방정,Ultphen Semi ER Tab.,영풍제약(주),"Young Poong Pharmaceutical Co., Ltd.",2016-06-28,의약품,5081,정상,,아세트아미노펜/트라마돌염산염,"저치환도히드록시프로필셀룰로오스,크로스포비돈,히프로멜로오스,콜로이드성이산화규소,포비돈,스테아르산마그네슘,오파드라이II노란색(85F420033)",,전문의약품,완제의약품,허가,제조,,원형,,,10.0,10.0,N,"8806619047106,8806619047113,8806619047120",N02AJ13,,,,Acetaminophen/Tramadol Hydrochloride
200804556,울트펜정,Ultphen Tab,영풍제약(주),"Young Poong Pharmaceutical Co., Ltd.",2008-04-23,의약품,602,정상,,트라마돌염산염/아세트아미노펜,"미결정셀룰로오스,크로스포비돈,스테아르산마그네슘,전호화전분,오파드라이II노란색(85F420033)",,전문의약품,완제의약품,신고,제조,,타원형,,,15.3,6.5,N,"8806619020901,8806619020918,8806619020925,8806619020932,8806619020949",N02AJ13,200804556,,,Tramadol Hydrochloride/Acetaminophen
201601505,울파워셋세미정,Woolpowerset-semi Tab.,아이큐어(주),Icure Pharmaceuticals & Cosmetics Incorporated,2016-03-15,의약품,5043,정상,,아세트아미노펜/트라마돌염산염,"저치환도히드록시프로필셀룰로오스,미결정셀룰로오스,탭쉴드노란색(11Y1008),포비돈,스테아르산마그네슘,카르복시메틸셀룰로오스칼슘",,전문의약품,완제의약품,허가,제조,,장방형,,,12.02,5.19,N,"8806744007105,8806744007112,8806744007129",N02AJ13,201601505,,,Acetaminophen/Tramadol Hydrochloride
201601504,울파워셋정,Woolpowerset Tab.,아이큐어(주),Icure Pharmaceuticals & Cosmetics Incorporated,2016-03-15,의약품,5042,정상,,아세트아미노펜/트라마돌염산염,"저치환도히드록시프로필셀룰로오스,미결정셀룰로오스,탭쉴드노란색(11Y1008),포비돈,스테아르산마그네슘,카르복시메틸셀룰로오스칼슘",,전문의약품,완제의약품,허가,제조,,장방형,,,15.2,7.65,N,"8806744006702,8806744006719,8806744006726",N02AJ13,,,,Acetaminophen/Tramadol Hydrochloride
202402253,원라인세미정,Won Line Semi Tab.,(주)바스칸바이오제약,BASKHANBIOPharma Inc,2024-09-19,의약품,5119,정상,,아세트아미노펜/카페인무수물/에페드린염산염,"크로스카르멜로오스나트륨,미결정셀룰로오스(101),유당수화물,포비돈,스테아르산마그네슘,미결정셀룰로오스(102),탭쉴드파란색(11L1585)",,일반의약품,완제의약품,신고,제조,,원형,,,8.1,8.1,N,"8806562053803,8806562053810,8806562053827",R05X,,,,Acetaminophen/Anhydrous Caffeine/Ephedrine Hydrochloride
202402252,원라인정,Won Line Tab.,(주)바스칸바이오제약,BASKHANBIOPharma Inc,2024-09-19,의약품,5118,정상,,아세트아미노펜/카페인무수물/에페드린염산염,"크로스카르멜로오스나트륨,미결정셀룰로오스,유당수화물,포비돈,스테아르산마그네슘,탭쉴드파란색(11L1585)",,일반의약품,완제의약품,신고,제조,,타원형,,,12.7,7.1,N,"8806562053704,8806562053711,8806562053728",R05X,,,,Acetaminophen/Anhydrous Caffeine/Ephedrine Hydrochloride
202400281,원쌍탕노즈액,Coldwo Nose Solutions,원광제약(주),WONKWANG PHARMACEUTICAL CORPORATION,2024-02-07,의약품,340,정상,,감초/건강/육계/마황/반하/세신/오미자/작약/아세트아미노펜/클로르페니라민말레산염,"시트르산수화물,벤조산나트륨,이성화당55%,에탄올(95),시트르산나트륨수화물,L-멘톨,정제수",,일반의약품,완제의약품,신고,제조,,,,,,,N,"8806626013507,8806626013514,8806626013521",R05X,,,,Licorice/Ginger/Cinnamon Bark/Ephedra Herb/Pinellia Tuber/Asiasarum Root and Rhizome/Schisandra Fruit/Peony Root/Acetaminophen/Chlorpheniramine Maleate
202400280,원쌍탕코프액,Coldwon Cough Solution,원광제약(주),WONKWANG PHARMACEUTICAL CORPORATION,2024-02-07,의약품,339,정상,,감초/갱미/대추/맥문동/반하/인삼/아세트아미노펜/티페피딘히벤즈산염,"시트르산수화물,벤조산나트륨,이성화당55%,에탄올(95),L-멘톨,정제수",,일반의약품,완제의약품,신고,제조,,,,,,,N,"8806626013606,8806626013613,8806626013620",R05X,,,,Licorice/Oryzae Semen/Jujube/Liriope Tuber/Pinellia Tuber/Ginseng/Acetaminophen/Tipepidine Hibenzate
202402040,원콜드노즈시럽,Onecoldnose Syrup,(주)씨엠지제약,"CMG Pharmaceutical Co., Ltd",2024-08-26,의약품,5245,정상,,아세트아미노펜/클로르페니라민말레산염/슈도에페드린염산염/구아이페네신/카페인무수물,"프로필렌글리콜,시트르산수화물,벤조산나트륨,애플민트향(514165),D-소르비톨 액,자일리톨,염화나트륨,수크랄로스,에데트산나트륨수화물,포비돈,효소처리스테비아,잔탄검,시트르산나트륨수화물,오렌지에센스(B-4515),적색40호,아세설팜칼륨,농글리세린,정제수",,일반의약품,완제의약품,신고,제조,,,,,,,N,"8806486049203,8806486049210,8806486049227",R05X,,,,Acetaminophen/Chlorpheniramine Maleate/Pseudoephedrine Hydrochloride/Guaifenesin/Anhydrous Caffeine
202402198,원콜드시럽,Onecold Syrup,(주)씨엠지제약,"CMG Pharmaceutical Co., Ltd",2024-09-10,의약품,5248,정상,,아세트아미노펜/클로르페니라민말레산염/덱스트로메토르판브롬화수소산염수화물/DL-메틸에페드린염산염/구아이페네신/카페인무수물,"프로필렌글리콜,시트르산수화물,벤조산나트륨,애플민트향(514165),D-소르비톨 액,자일리톨,염화나트륨,수크랄로스,에데트산나트륨수화물,포비돈,효소처리스테비아,잔탄검,시트르산나트륨수화물,오렌지에센스(B-4515),적색40호,아세설팜칼륨,농글리세린,정제수",,일반의약품,완제의약품,신고,제조,,,,,,,N,"8806486049500,8806486049517,8806486049524",R05X,,202402198,,Acetaminophen/Chlorpheniramine Maleate/Dextromethorphan Hydrobromide Hydrate/DL-Methylephedrine Hydrochloride/Guaifenesin/Anhydrous Caffeine
202402199,원콜드코프시럽,Onecoldcough Syrup,(주)씨엠지제약,"CMG Pharmaceutical Co., Ltd",2024-09-10,의약품,5249,정상,,아세트아미노펜/덱스트로메토르판브롬화수소산염수화물/DL-메틸에페드린염산염/구아이페네신/카페인무수물,"프로필렌글리콜,시트르산수화물,벤조산나트륨,애플민트향(514165),D-소르비톨 액,자일리톨,염화나트륨,수크랄로스,에데트산나트륨수화물,포비돈,효소처리스테비아,잔탄검,시트르산나트륨수화물,오렌지에센스(B-4515),적색40호,아세설팜칼륨,농글리세린,정제수",,일반의약품,완제의약품,신고,제조,,,,,,,N,"8806486049609,8806486049616,8806486049623",R05X,,,,Acetaminophen/Dextromethorphan Hydrobromide Hydrate/DL-Methylephedrine Hydrochloride/Guaifenesin/Anhydrous Caffeine
201804529,원트라셋세미정,Onetraset semi tab.,엔비케이제약(주),"Neo Bio Korea Pharm. Co., Ltd",2018-11-15,의약품,473,정상,,트라마돌염산염/아세트아미노펜,"라우릴황산나트륨,오파드라이노란색(85F12347),미결정셀룰로오스,스테아르산마그네슘,옥수수전분,전분글리콜산나트륨",,전문의약품,완제의약품,허가,제조,,장방형,,,11.8,4.7,N,"8800548002304,8800548002311,8800548002328",N02AJ13,201804529,,,Tramadol Hydrochloride/Acetaminophen
201804528,원트라셋정,Onetraset tab.,엔비케이제약(주),"Neo Bio Korea Pharm. Co., Ltd",2018-11-15,의약품,472,정상,,트라마돌염산염/아세트아미노펜,"라우릴황산나트륨,오파드라이노란색(85F12347),미결정셀룰로오스,스테아르산마그네슘,옥수수전분,전분글리콜산나트륨",,전문의약품,완제의약품,허가,제조,,장방형,,,15.5,6.4,N,"8800548002403,8800548002410,8800548002427",N02AJ13,201804528,,,Tramadol Hydrochloride/Acetaminophen
201207592,원트란서방정,Wontran ER Tab.,대원제약(주),"Daewon Pharmaceutical Co., Ltd.",2012-10-31,의약품,5043,정상,,트라마돌염산염/아세트아미노펜,"오파드라이노란색(85F12347),저치환도히드록시프로필셀룰로오스,히프로멜로오스,크로스포비돈,황색4호,스테아르산마그네슘,포비돈,콜로이드성이산화규소",,전문의약품,완제의약품,허가,제조,,장방형,,,19.2,8.6,N,"8806718053404,8806718053411,8806718053428,8806718053435,8806718053442,8806718053459",N02AJ13,201207592,,,Tramadol Hydrochloride/Acetaminophen
201307896,원트란세미서방정,Wontran Semi ER Tab.,대원제약(주),"Daewon Pharmaceutical Co., Ltd.",2013-06-27,의약품,5051,정상,,트라마돌염산염/아세트아미노펜,"저치환도히드록시프로필셀룰로오스,히프로멜로오스,크로스포비돈,황색4호,스테아르산마그네슘,포비돈,콜로이드성이산화규소,오파드라이 노란색(85F12347)",,전문의약품,완제의약품,허가,제조,,원형,,,10.6,10.6,N,"8806718055606,8806718055613,8806718055620",N02AJ13,201307896,,,Tramadol Hydrochloride/Acetaminophen
200710609,원트란정,Wontran Tab.,대원제약(주),"Daewon Pharmaceutical Co., Ltd.",2007-09-18,의약품,491,정상,,트라마돌염산염/아세트아미노펜,"오파드라이 85F12347,젤라틴화 전분,저치환도히드록시프로필셀룰로오스,포비돈 K30,미결정셀룰로오스,오파드라이노란색(310B620001),스테아르산마그네슘,카르복시메틸셀룰로오스칼슘,전호화전분,오파드라이 II 노란색(85F12347),분말셀룰로오스,옥수수전분,전분글리콜산나트륨",,전문의약품,완제의약품,신고,제조,,장방형,,,15.5,6.4,N,"8806718025807,8806718025814,8806718025821",N02AJ13,200710609,,,Tramadol Hydrochloride/Acetaminophen
198301292,원풍아세트아미노펜(원료),,(주)원풍약품상사,"WonPoong Pharm.Co.,LTD",1983-04-09,의약품,188,정상,,아세트아미노펜,,,,원료의약품,신고,제조,,,,,,,N,,,,,,Acetaminophen
201402309,웰다운비정,Well Down B Tab.,(주)팜젠사이언스,"PharmGen Science, Inc.",2014-05-20,의약품,5054,정상,,에페드린염산염/카페인무수물/아세트아미노펜/티아민질산염3배산,"저치환도히드록시프로필셀룰로오스,미결정셀룰로오스,유당수화물,이산화규소,스테아르산마그네슘,콜로이드성이산화규소,전분글리콜산나트륨,히드록시프로필셀룰로오스",,일반의약품,완제의약품,신고,제조,,원형,,,8.8,8.8,N,"8806701036001,8806701036018,8806701036025",R05X,,201402309,,Ephedrine Hydrochloride/Anhydrous Caffeine/Acetaminophen/Thiamine Nitrate Powder 33.3%
201206493,웰다운에스정,Well Down S Tab.,(주)팜젠사이언스,"PharmGen Science, Inc.",2012-08-17,의약품,5021,정상,,에페드린염산염/카페인무수물/아세트아미노펜,"저치환도히드록시프로필셀룰로오스,미결정셀룰로오스,유당수화물,이산화규소,스테아르산마그네슘,콜로이드성이산화규소,전분글리콜산나트륨,히드록시프로필셀룰로오스",,일반의약품,완제의약품,신고,제조,,원형,,,10.5,10.5,N,"8806701033109,8806701033116,8806701033123,8806701033130",R05X,,201206493,,Ephedrine Hydrochloride/Anhydrous Caffeine/Acetaminophen
201502713,웰트라세미정,Weltra Semi Tab.,(주)에이프로젠바이오로직스,Aprogen Biologics Inc.,2015-04-30,의약품,5110,정상,,트라마돌염산염/아세트아미노펜,"저치환도히드록시프로필셀룰로오스(LH-11),오파드라이 II Yellow 85F12347,스테아르산마그네슘,전호화전분,옥수수전분,히드록시프로필셀룰로오스",,전문의약품,완제의약품,허가,제조,,장방형,,,11.9,5.1,N,"8806452087802,8806452087819,8806452087826",N02AJ13,201502713,,,Tramadol Hydrochloride/Acetaminophen
200805631,웰트라정,Weltra Tab.,(주)에이프로젠바이오로직스,Aprogen Biologics Inc.,2008-05-20,의약품,129,정상,,트라마돌염산염/아세트아미노펜,"미결정셀룰로오스,크로스포비돈,스테아르산마그네슘,전호화전분,오파드라이II노란색(85F420033)",,전문의약품,완제의약품,신고,제조,,장방형,,,16.0,6.5,N,"8806452034400,8806822001704,8806452034417,8806822001711,8806452034424,8806452034431",N02AJ13,200805631,,,Tramadol Hydrochloride/Acetaminophen
200805152,위더셋정,Withucet Tab.,위더스제약(주),"WITHUS PHARMACEUTICAL CO., LTD.",2008-05-06,의약품,462,정상,,아세트아미노펜/트라마돌염산염,"포비돈K-30,저치환도히드록시프로필셀룰로오스,포비돈K30,크로스포비돈,스테아르산마그네슘,오파드라이II노란색(85F42086)",,전문의약품,완제의약품,신고,제조,,장방형,,,15,5,N,"8806607021507,8806607021514,8806607021521,8806607021538,8806607021545",N02AJ13,200805152,,,Acetaminophen/Tramadol Hydrochloride
202503238,위드노즈연질캡슐,Withnose Soft Capsules,동방에프티엘(주),"Dongbang Future Tech & Life Co., Ltd.",2025-12-10,의약품,5092,정상,,아세트아미노펜/슈도에페드린염산염/클로르페니라민말레산염,"프로필렌글리콜,폴리에틸렌글리콜400,젤라틴,포비돈,적색40호,부분탈수유동소르비톨,정제수,농글리세린,청색1호",,일반의약품,완제의약품,신고,제조,,,,,,,N,"8806805009512,8806805009505",R05X,,,,Acetaminophen/Pseudoephedrine Hydrochloride/Chlorpheniramine Maleate
202301613,위드코프연질캡슐,Withcough Soft Capsules,동방에프티엘(주),"Dongbang Future Tech & Life Co., Ltd.",2023-05-19,의약품,5080,정상,,아세트아미노펜/구아이페네신/DL-메틸에페드린염산염/덱스트로메토르판브롬화수소산염수화물,"프로필렌글리콜,폴리에틸렌글리콜400,젤라틴,홍화황색소,포비돈,부분탈수유동소르비톨,정제수,농글리세린",,일반의약품,완제의약품,신고,제조,,,,,,,N,"8806805008706,8806805008713",R05X,,,,Acetaminophen/Guaifenesin/DL-Methylephedrine Hydrochloride/Dextromethorphan Hydrobromide Hydrate
202301611,위드콜드연질캡슐,Withcold Soft Capsules,동방에프티엘(주),"Dongbang Future Tech & Life Co., Ltd.",2023-05-19,의약품,5079,정상,,아세트아미노펜/구아이페네신/슈도에페드린염산염/DL-메틸에페드린염산염/덱스트로메토르판브롬화수소산염수화물/클로르페니라민말레산염,"프로필렌글리콜,치자청색소,폴리에틸렌글리콜400,젤라틴,홍화황색소,포비돈,부분탈수유동소르비톨,정제수,농글리세린",,일반의약품,완제의약품,신고,제조,,,,,,,N,"8806805008607,8806805008614",R05X,,,,Acetaminophen/Guaifenesin/Pseudoephedrine Hydrochloride/DL-Methylephedrine Hydrochloride/Dextromethorphan Hydrobromide Hydrate/Chlorpheniramine Maleate
202402400,윈콜드연질캡슐,Win-cold Soft cap.,(주)씨엠지제약,"CMG Pharmaceutical Co., Ltd",2024-10-08,의약품,5251,정상,,아세트아미노펜/클로르페니라민말레산염/DL-메틸에페드린염산염/슈도에페드린염산염/덱스트로메토르판브롬화수소산염수화물/구아이페네신,"프로필렌글리콜,폴리에틸렌글리콜400,젤라틴,홍화황색소,포비돈,소르비톨스페셜글리세린블렌드,정제수",,일반의약품,완제의약품,신고,제조,,,,,,,N,"8806486049807,8806486049814",R05X,,,,Acetaminophen/Chlorpheniramine Maleate/DL-Methylephedrine Hydrochloride/Pseudoephedrine Hydrochloride/Dextromethorphan Hydrobromide Hydrate/Guaifenesin
202400856,윈콜드연질캡슐,Win-cold Soft cap.,(주)씨엠지제약,"CMG Pharmaceutical Co., Ltd",2024-04-16,의약품,5231,취하,2024-08-23,아세트아미노펜/클로르페니라민말레산염/DL-메틸에페드린염산염/슈도에페드린염산염/덱스트로메토르판브롬화수소산염수화물/구아이페네신,"프로필렌글리콜,폴리에틸렌글리콜400,젤라틴,홍화황색소,포비돈,소르비톨스페셜글리세린블렌드,정제수",,일반의약품,완제의약품,신고,제조,,,,,,,N,,R05X,,,,Acetaminophen/Chlorpheniramine Maleate/DL-Methylephedrine Hydrochloride/Pseudoephedrine Hydrochloride/Dextromethorphan Hydrobromide Hydrate/Guaifenesin
202400884,윈콜드코연질캡슐,Win-cold Co Soft Cap.,(주)씨엠지제약,"CMG Pharmaceutical Co., Ltd",2024-04-18,의약품,5233,정상,,아세트아미노펜/클로르페니라민말레산염/슈도에페드린염산염,"프로필렌글리콜,락색소,폴리에틸렌글리콜400,젤라틴,포비돈,소르비톨스페셜글리세린블렌드,정제수",,일반의약품,완제의약품,신고,제조,,,,,,,N,,,,,,Acetaminophen/Chlorpheniramine Maleate/Pseudoephedrine Hydrochloride
202400857,윈콜드코프연질캡슐,Wincold Cough Soft Cap.,(주)씨엠지제약,"CMG Pharmaceutical Co., Ltd",2024-04-16,의약품,5232,취하,2024-08-23,아세트아미노펜/DL-메틸에페드린염산염/덱스트로메토르판브롬화수소산염수화물/구아이페네신,"프로필렌글리콜,치자청색소,폴리에틸렌글리콜400,젤라틴,포비돈,소르비톨스페셜글리세린블렌드,정제수",,일반의약품,완제의약품,신고,제조,,,,,,,N,,R05X,,,,Acetaminophen/DL-Methylephedrine Hydrochloride/Dextromethorphan Hydrobromide Hydrate/Guaifenesin
202402410,윈콜드코프연질캡슐,Wincold Cough Soft Cap.,(주)씨엠지제약,"CMG Pharmaceutical Co., Ltd",2024-10-11,의약품,5252,정상,,아세트아미노펜/DL-메틸에페드린염산염/덱스트로메토르판브롬화수소산염수화물/구아이페네신,"프로필렌글리콜,치자청색소,폴리에틸렌글리콜400,젤라틴,포비돈,소르비톨스페셜글리세린블렌드,정제수",,일반의약품,완제의약품,신고,제조,,,,,,,N,"8806486049906,8806486049913",R05X,,,,Acetaminophen/DL-Methylephedrine Hydrochloride/Dextromethorphan Hydrobromide Hydrate/Guaifenesin
202003487,유니온아세트아미노펜백주,Union Acetaminophenbag Inj.,한국유니온제약(주),"Union Korea Pharm Co. LTD.,",2020-05-14,의약품,5185,정상,,아세트아미노펜,"인산일수소나트륨무수물,수산화나트륨,L-시스테인염산염일수화물,염산,주사용수,D-만니톨",,전문의약품,완제의약품,신고,제조,,,,,,,N,"8806655080303,8806655080310,8806655080327",N02BE01,,,,Acetaminophen
198901273,유니온아세트아미노펜정500밀리그람(수출용),Union Acetaminophen Tab. 500mg(for export),한국유니온제약(주),"Union Korea Pharm Co. LTD.,",1989-01-24,의약품,372,정상,,아세트아미노펜,"미결정셀룰로오스,유당수화물,스테아르산마그네슘,식약청인정타르색소(황색4호제외),전분글리콜산나트륨,히드록시프로필셀룰로오스",,일반의약품,완제의약품,신고,제조,,,,,,,N,8806655029708,N02BE01,,,,Acetaminophen
200805749,유로셋세미정,,(주)아이월드제약,"i-World Pharm Co., Ltd.",2008-05-23,의약품,594,정상,,트라마돌염산염/아세트아미노펜,"라우릴황산나트륨,오파드라이노란색(85F12347),미결정셀룰로오스,스테아르산마그네슘,옥수수전분,전분글리콜산나트륨",,전문의약품,완제의약품,신고,제조,,장방형,,,15,5,N,"8806696036307,8806719006003,8806696036321,8806719006010,8806696036314,8806719006027,8806719006034,8806719006041,8806719006058",N02AJ13,200805749,,,Tramadol Hydrochloride/Acetaminophen
200805748,유로셋정,,(주)아이월드제약,"i-World Pharm Co., Ltd.",2008-05-23,의약품,595,정상,,트라마돌염산염/아세트아미노펜,"라우릴황산나트륨,오파드라이노란색(85F12347),미결정셀룰로오스,스테아르산마그네슘,옥수수전분,전분글리콜산나트륨",,전문의약품,완제의약품,신고,제조,,타원형,,,15,7,N,"8806696036406,8806719004009,8806696036420,8806719004016,8806696036413,8806719004023,8806719004030,8806719004047,8806719004054",N02AJ13,200805748,,,Tramadol Hydrochloride/Acetaminophen
201308190,유리카에스정,Yurica S Tab.,명문제약(주),"Myungmoon Pharm. Co., Ltd.",2013-07-12,의약품,5063,정상,,아세트아미노펜/에페드린염산염/카페인무수물,"미결정셀룰로오스,유당수화물,황색 4호,스테아르산마그네슘,카르복시메틸셀룰로오스칼슘,탤크,경질무수규산,옥수수전분,히드록시프로필셀룰로오스",,일반의약품,완제의약품,신고,제조,,원형,,,9.4,9.4,N,"8806498063105,8806498063112,8806498063129",R05X,,201308190,,Acetaminophen/Ephedrine Hydrochloride/Anhydrous Caffeine
201602705,유메코프연질캡슐,Umecough Soft capsule,코스맥스파마(주),"COSMAX PHARMA CO., LTD.",2016-05-17,의약품,5,취하,2024-09-11,아세트아미노펜/구아이페네신/덱스트로메토르판브롬화수소산염수화물/dl-메틸에페드린염산염,"프로필렌글리콜,폴리에틸렌글리콜400,젤라틴,포비돈,적색40호,정제수,소르비톨 소르비탄액,청색1호",,일반의약품,완제의약품,신고,제조,,,,,,,N,"8800540001800,8800542001501,8800551018309,8806129000301,8800540001817,8800542001518,8800551018316,8806129000318",R05X,,,,Acetaminophen/Guaifenesin/Dextromethorphan Hydrobromide Hydrate/DL-Methylephedrine Hydrochloride
201602704,유메콜연질캡슐,Umecol Soft capsule,코스맥스파마(주),"COSMAX PHARMA CO., LTD.",2016-05-17,의약품,4,취하,2024-09-11,아세트아미노펜/구아이페네신/슈도에페드린염산염/덱스트로메토르판브롬화수소산염수화물/클로르페니라민말레산염/dl-메틸에페드린염산염,"프로필렌글리콜,폴리에틸렌글리콜400,젤라틴,포비돈,적색40호,정제수,소르비톨 소르비탄액,청색1호",,일반의약품,완제의약품,신고,제조,,,,,,,N,"8800540001404,8800542000405,8800551018200,8806129000400,8800540001411,8800542000412,8800551018217,8806129000417",R05X,,201602704,,Acetaminophen/Guaifenesin/Pseudoephedrine Hydrochloride/Dextromethorphan Hydrobromide Hydrate/Chlorpheniramine Maleate/DL-Methylephedrine Hydrochloride
201507772,유에츄데이앤나이트연질캡슐,yuachoo day and night soft cap.,(주)유유제약,Yuyu Pharma,2015-11-19,의약품,5062,정상,,아세트아미노펜/슈도에페드린염산염/덱스트로메토르판브롬화수소산염수화물/dl-메틸에페드린염산염/구아이페네신/디펜히드라민염산염,"프로필렌글리콜,치자청색소,폴리에틸렌글리콜400,젤라틴,홍화황색소,포비돈,소르비톨스페셜글리세린블렌드,정제수",,일반의약품,완제의약품,신고,제조,,타원형,,,20,10,N,"8806445022407,8806445022414",R05X,,201507772,,Acetaminophen/Pseudoephedrine Hydrochloride/Dextromethorphan Hydrobromide Hydrate/DL-Methylephedrine Hydrochloride/Guaifenesin/Diphenhydramine Hydrochloride
201902452,유유아세트라마서방정,Yuyu Acetrama ER Tablet,(주)유유제약,Yuyu Pharma,2019-04-19,의약품,5117,유효기간만료,2024-04-19,아세트아미노펜/트라마돌염산염,"저치환도히드록시프로필셀룰로오스,크로스포비돈,히프로멜로오스,콜로이드성이산화규소,포비돈,스테아르산마그네슘,오파드라이Ⅱ노란색(85F420033)",,전문의약품,완제의약품,허가,제조,,,,,,,N,"8806445027501,8806445027518,8806445027525",N02AJ13,,,,Acetaminophen/Tramadol Hydrochloride
201902451,유유아세트라마세미서방정,Yuyu Acetrama Semi ER Tablet,(주)유유제약,Yuyu Pharma,2019-04-19,의약품,5116,유효기간만료,2024-04-19,아세트아미노펜/트라마돌염산염,"저치환도히드록시프로필셀룰로오스,크로스포비돈,히프로멜로오스,콜로이드성이산화규소,포비돈,스테아르산마그네슘,오파드라이Ⅱ노란색(85F420033)",,전문의약품,완제의약품,허가,제조,,,,,,,N,"8806445027402,8806445027419,8806445027426",N02AJ13,,,,Acetaminophen/Tramadol Hydrochloride
200805812,유토펜세미정,Utopain Semi Tab.,에이치케이이노엔(주),HK inno.N corporation,2008-05-26,의약품,435,정상,,아세트아미노펜/트라마돌염산염,"저치환도히드록시프로필셀룰로오스,크로스포비돈,스테아르산마그네슘,콜로이드성이산화규소,포비돈,오파드라이 Ⅱ 노란색(85F42086)",,전문의약품,완제의약품,신고,제조,,장방형,,,12.1,5.2,N,"8806400045908,8806400045915,8806400045922,8806400045939",N02AJ13,200805812,,,Acetaminophen/Tramadol Hydrochloride
200805752,유토펜정,Utopain Tab.,에이치케이이노엔(주),HK inno.N corporation,2008-05-23,의약품,434,정상,,아세트아미노펜/트라마돌염산염,"저치환도히드록시프로필셀룰로오스,크로스포비돈,스테아르산마그네슘,콜로이드성이산화규소,포비돈,오파드라이 Ⅱ 노란색(85F42086)",,전문의약품,완제의약품,신고,제조,,장방형,,,15.6,6.5,N,"8806400046004,8806400046011,8806400046028,8806400046035",N02AJ13,200805752,,,Acetaminophen/Tramadol Hydrochloride
200805599,유트렌세미정,Utren Semi Tab,일양바이오팜(주),"IL-YANG BIOPHARM. CO., LTD.",2008-05-19,의약품,180,정상,,아세트아미노펜/트라마돌염산염,"오파드라이노란색(QX321A620000),저치환도히드록시프로필셀룰로오스,크로스포비돈,포비돈,스테아르산마그네슘,경질무수규산",,전문의약품,완제의약품,신고,제조,,장방형,,,12.1,5.4,N,"8806732008503,8806966002001,8806732008510,8806966002025,8806732008527,8806966002018,8806732008534,8806966002032",N02AJ13,,,,Acetaminophen/Tramadol Hydrochloride
200805598,유트렌정,Utren Tab,일양바이오팜(주),"IL-YANG BIOPHARM. CO., LTD.",2008-05-19,의약품,179,정상,,아세트아미노펜/트라마돌염산염,"오파드라이노란색(QX321A620000),저치환도히드록시프로필셀룰로오스,크로스포비돈,포비돈,스테아르산마그네슘,경질무수규산",,전문의약품,완제의약품,신고,제조,,장방형,,,15.4,6.3,N,"8806732008404,8806966002100,8806732008411,8806966002117,8806732008428,8806966002124,8806732008435,8806966002131",N02AJ13,,,,Acetaminophen/Tramadol Hydrochloride
200600721,유펜정(수출용),,(주)넥스팜코리아,nexpharm korea,2006-01-05,의약품,248,정상,,아세트아미노펜/DL-메티오닌,"유당수화물,젤라틴,스테아르산마그네슘,카르복시메틸셀룰로오스칼슘,옥수수전분",,일반의약품,완제의약품,신고,제조,,타원형,,,15.80,3.90,N,"8806625014406,8806625014413",N02BE51,,,,Acetaminophen/DL-Methionine
201907324,유한아세트아미노펜연질캡슐,Yuhan Acetaminophen Soft Capsule 325mg,(주)유한양행,YUHAN Corporation,2019-10-17,의약품,5211,정상,,아세트아미노펜,"프로필렌글리콜,폴리에틸렌글리콜400,젤라틴,포비돈,소르비톨소르비탄 액,안나토색소,정제수",,일반의약품,완제의약품,신고,제조,,타원형,,,21.6,9.7,N,"8806421059816,8806447047309,8806421059809,8806447047316",N02BE01,,201907324,,Acetaminophen
202502669,유한아세트아미노펜이알서방정650밀리그램,Yuhan Acetaminophen ER Tablet 650mg,(주)유한양행,YUHAN Corporation,2025-10-16,의약품,5256,정상,,아세트아미노펜,"미결정셀룰로오스,탭쉴드흰색(11W001),스테아르산마그네슘,포비돈,전호화전분,옥수수전분,전분글리콜산나트륨,히드록시에틸셀룰로오스,히드록시프로필셀룰로오스",,일반의약품,완제의약품,허가,제조,,,,,,,N,,,,,,Acetaminophen
202300437,유한아세트아미노펜정500밀리그램,Yuhan Acetaminophen Tablet 500mg,(주)유한양행,YUHAN Corporation,2023-02-02,의약품,5219,정상,,아세트아미노펜,"저치환도히드록시프로필셀룰로오스,탭쉴드흰색(29W925),크로스카멜로오스나트륨,스테아르산마그네슘,전분글리콜산나트륨,히드록시프로필셀룰로오스",,일반의약품,완제의약품,신고,제조,,장방형,,,17.6,7.1,N,"8806421060317,8806421060300",N02BE01,,202300437,,Acetaminophen
202501526,유한아세트아미노펜주,Yuhan Acetaminophen Injection,(주)유한양행,YUHAN Corporation,2025-06-19,의약품,5246,정상,,아세트아미노펜,"수산화나트륨,인산일수소나트륨이수화물,염산,주사용수,시스테인염산염수화물,만니톨",,전문의약품,완제의약품,허가,제조,,,,,,,N,"8806421062915,8806421062908",N02BE01,202501526,,,Acetaminophen
202203628,이너노즈캡슐,INENOSE CAP.,성이바이오제약주식회사,"SUNGYI BIO CO., LTD.",2022-09-21,의약품,43,정상,,아세트아미노펜/클로르페니라민말레산염/슈도에페드린염산염,"유당수화물,크로스카멜로오스나트륨,스테아르산마그네슘,경질무수규산,히드록시프로필셀룰로오스,캡슐",,일반의약품,완제의약품,신고,제조,,,,,,,N,"8800724004207,8800724004221,8800724004214",R05X,,,,Acetaminophen/Chlorpheniramine Maleate/Pseudoephedrine Hydrochloride
201704764,이노코정,Inoco Tab.,한국신텍스제약(주),KOREA SYNTEX PHARMACEUTICAL,2017-06-26,의약품,723,취하,2024-10-14,아세트아미노펜/클로르페니라민말레산염/슈도에페드린염산염,"히프로멜로오스,피마자유,유당수화물,산화티탄,스테아르산마그네슘,카르복시메틸셀룰로오스칼슘,옥수수전분,히드록시프로필셀룰로오스",,일반의약품,완제의약품,신고,제조,,,,,,,N,"8806230048612,8806230048605,8806230048629",R05X,,201704764,,Acetaminophen/Chlorpheniramine Maleate/Pseudoephedrine Hydrochloride
202302127,이노콜에이액,Innocall-A Topical Solution,한국신텍스제약(주),KOREA SYNTEX PHARMACEUTICAL,2023-07-11,의약품,943,정상,,아세트아미노펜/에페드린염산염/구아이페네신/클로르페니라민말레산염/카페인무수물,"시트르산수화물,벤조산나트륨,오렌지엣센스,레몬엣센스,글리세린,고과당55,수크랄로스,에탄올(95),시트르산나트륨수화물,정제수",,일반의약품,완제의약품,신고,제조,,,,,,,N,,,,,,Acetaminophen/Ephedrine Hydrochloride/Guaifenesin/Chlorpheniramine Maleate/Anhydrous Caffeine
202203772,이노콜에프정,Innocall-F TAB,한국신텍스제약(주),KOREA SYNTEX PHARMACEUTICAL,2022-10-06,의약품,934,정상,,아세트아미노펜/구아이페네신/에페드린염산염/덱스트로메토르판브롬화수소산염수화물/클로르페니라민말레산염/카페인무수물,"저치환도히드록시프로필셀룰로오스,미결정셀룰로오스,스테아르산마그네슘,경질무수규산,탤크,전분글리콜산나트륨,히드록시프로필셀룰로오스",,일반의약품,완제의약품,신고,제조,,장방형,,,14.1,8.1,N,"8806230068702,8806230068719,8806230068726,8806230068733,8806230068740,8806230068757,8806230068764,8806230068771,8806230068788",R05X,,202203772,,Acetaminophen/Guaifenesin/Ephedrine Hydrochloride/Dextromethorphan Hydrobromide Hydrate/Chlorpheniramine Maleate/Anhydrous Caffeine
202200782,이노콜정,Inocol TAB,한국신텍스제약(주),KOREA SYNTEX PHARMACEUTICAL,2022-02-21,의약품,926,정상,,아세트아미노펜/카페인무수물/에페드린염산염,"미결정셀룰로오스,포비돈,크로스카멜로오스나트륨,스테아르산마그네슘,히드록시프로필셀룰로오스",,일반의약품,완제의약품,신고,제조,,,,,,,N,"8806230068207,8806230068214",R05X,,,,Acetaminophen/Anhydrous Caffeine/Ephedrine Hydrochloride
202203782,이노콜파워정,Innocall Power TAB,한국신텍스제약(주),KOREA SYNTEX PHARMACEUTICAL,2022-10-07,의약품,935,정상,,아세트아미노펜/슈도에페드린염산염/덱스트로메토르판브롬화수소산염수화물/클로르페니라민말레산염,"미결정셀룰로오스,경질무수규산,카르복시메틸셀룰로오스칼슘,탤크,전분글리콜산나트륨,히드록시프로필셀룰로오스",,일반의약품,완제의약품,신고,제조,,장방형,,,14.1,8.1,N,"8806230069006,8806230069013,8806230069020,8806230069037,8806230069044,8806230069051,8806230069068,8806230069075,8806230069082",R05X,,202203782,,Acetaminophen/Pseudoephedrine Hydrochloride/Dextromethorphan Hydrobromide Hydrate/Chlorpheniramine Maleate
201803763,이노펜과립,,(주)이든파마,Edenpharma,2018-09-18,의약품,122,유효기간만료,2023-09-18,아세트아미노펜/에텐자미드/노스카핀/dl-메틸에페드린염산염/클로르페니라민말레산염/카페인무수물,"유당수화물,옥수수전분,히드록시프로필셀룰로오스",,일반의약품,완제의약품,신고,제조,,,,,,,N,"8806289011223,8806289011209,8806289011216",R05X,,,,Acetaminophen/Ethenzamide/Noscapine/DL-Methylephedrine Hydrochloride/Chlorpheniramine Maleate/Anhydrous Caffeine
200810856,이든아세트아미노펜제피세립(원료),,(주)이든파마,Edenpharma,2008-11-06,의약품,6,정상,,아세트아미노펜,"히드록시프로필셀롤로오스,폴리에틸렌글리콜6000,백당",,,원료의약품,신고,제조,,,,,,,N,,,,,,Acetaminophen
202105326,이디아알정,Idea R Tab.,(주)한국파비스제약,"Pharvis Korea co., Ltd.",2021-07-13,의약품,5222,정상,,아세트아미노펜/에텐자미드/카페인무수물,"크로스카멜로오스나트륨,스테아르산마그네슘,황색203호(퀴놀린옐로우WS),전분글리콜산나트륨,히드록시프로필셀룰로오스",,일반의약품,완제의약품,신고,제조,,,,,,,N,"8806218043103,8806218043110",N02BE51,,,,Acetaminophen/Ethenzamide/Anhydrous Caffeine
202105005,이디아엔정,Idea N Tab.,(주)한국파비스제약,"Pharvis Korea co., Ltd.",2021-07-01,의약품,5221,정상,,아세트아미노펜/에텐자미드/카페인무수물,"크로스카멜로오스나트륨,스테아르산마그네슘,황색203호,전분글리콜산나트륨,히드록시프로필셀룰로오스",,일반의약품,완제의약품,신고,제조,,,,,,,N,"8806218043011,8806218043004",N02BE51,,,,Acetaminophen/Ethenzamide/Anhydrous Caffeine
202400006,이로스펜정,EROSPEN TABLET,성이바이오제약주식회사,"SUNGYI BIO CO., LTD.",2024-01-02,의약품,49,정상,,아세트아미노펜/카페인무수물/에페드린염산염,"적색3호,미결정셀룰로오스,스테아르산마그네슘,탭쉴드클리어(19C034),경질무수규산,전분글리콜산나트륨,히드록시프로필셀룰로오스",,일반의약품,완제의약품,신고,제조,,원형,,,10.0,10.0,N,"8800724004900,8800724004924,8800724004917",R05X,,202400006,,Acetaminophen/Anhydrous Caffeine/Ephedrine Hydrochloride
201706656,이알펜8시간서방정(아세트아미노펜),ER-Phen 8 hours ER Tab.,(주)경보제약,kyongbo pharma,2017-08-18,의약품,5145,정상,,아세트아미노펜,"탭쉴드흰색 11W001,미결정셀룰로오스,스테아르산마그네슘,포비돈,전호화전분,옥수수전분,전분글리콜산나트륨,히드록시에틸셀룰로오스,히드록시프로필셀룰로오스",,일반의약품,완제의약품,허가,제조,,장방형,,,19.16,7.66,N,"8806650023404,8806650023428,8806650023411",N02BE01,,201706656,,Acetaminophen
200100540,이즈펜정,Ijeupen Tab.,정우신약(주),"Jung Woo Pharm Co.,Ltd.",2001-06-04,의약품,237,유효기간만료,2024-01-01,작약가루/감초가루/아세트아미노펜/에텐자미드/카페인수화물,"미결정셀룰로오스,유당수화물,탭쉴드흰색(19W623),스테아르산마그네슘,옥수수전분,전분글리콜산나트륨,히드록시프로필셀룰로오스",,일반의약품,완제의약품,신고,제조,,,,,,,N,"8806510003607,8806942001400,8806510003614,8806942001417,8806510003621,8806942001424,8806510003638,8806942001431,8806510003645,8806942001448,8806942001455",N02BE51,,200100540,,Peony Root Powder/Glycyrrhiza Powder/Acetaminophen/Ethenzamide/Caffeine Hydrate
202108112,이즈펜쿨정,Ezpencool Tab.,정우신약(주),"Jung Woo Pharm Co.,Ltd.",2021-12-27,의약품,5236,정상,,아세트아미노펜/에텐자미드/카페인무수물,"크로스카멜로오스나트륨,스테아르산마그네슘,황색203호(퀴놀린옐로우WS),전분글리콜산나트륨,히드록시프로필셀룰로오스",,일반의약품,완제의약품,신고,제조,,,,,,,N,"8806942062210,8806942062203",N02BE51,,,,Acetaminophen/Ethenzamide/Anhydrous Caffeine
202108111,이즈펜큐정,Ezpen-Q Tab.,정우신약(주),"Jung Woo Pharm Co.,Ltd.",2021-12-27,의약품,5235,정상,,아세트아미노펜/에텐자미드/카페인무수물,"크로스카멜로오스나트륨,스테아르산마그네슘,황색203호,전분글리콜산나트륨,히드록시프로필셀룰로오스",,일반의약품,완제의약품,신고,제조,,,,,,,N,"8806942062319,8806942062302",N02BE51,,,,Acetaminophen/Ethenzamide/Anhydrous Caffeine
201400785,이지다이트에스정,Easydite-S Tab.,구주제약(주),"GUJU Pharm Co., Ltd.",2014-02-20,의약품,5032,정상,,아세트아미노펜/에페드린염산염/카페인무수물,"저치환도히드록시프로필셀룰로오스,황색4호,산화티탄,콜로이드성이산화규소,포비돈,크로스카멜로오스나트륨,스테아르산마그네슘,청색1호",,일반의약품,완제의약품,신고,제조,,타원형,,,13.32,7.51,N,"8806698043501,8806698043518",R05X,,201400785,,Acetaminophen/Ephedrine Hydrochloride/Anhydrous Caffeine
201007193,이지목플러스씨캡슐,Easy-mok Plus C Cap.,(주)한풍제약,"HANPOONG PHARM. Co., Ltd.",2010-11-25,의약품,5009,정상,,아세트아미노펜/에텐자미드/클로르페니라민말레산염/덱스트로메토르판브롬화수소산염수화물/구아야콜설폰산칼륨/길경50%에탄올건조엑스(10→1)/황련엑스산,"미결정셀룰로오스,이산화규소,스테아르산마그네슘,캡슐제",,일반의약품,완제의약품,신고,제조,,장방형,,,18.95,6.28,N,"8806581047203,8806581047210,8806581047227",R05X,,201007193,,Acetaminophen/Ethenzamide/Chlorpheniramine Maleate/Dextromethorphan Hydrobromide Hydrate/Potassium Guaiacolsulfonate/Platycodon Root 50% Ethanol Dried Extract (10→1)/Coptis Rhizome Extract Powder
201802994,이지엔6에이스연질캡슐(아세트아미노펜),Easy End Six Ace Soft Cap,(주)대웅제약,Daewoong Pharmaceuticals,2018-07-19,의약품,5173,정상,,아세트아미노펜,"프로필렌글리콜,폴리에틸렌글리콜400,젤라틴,포비돈,안나토색소,정제수,소르비톨 소르비탄액",,일반의약품,완제의약품,허가,제조,,타원형,,,21.7,10.0,N,"8806416067031,8806416067000,8806416067048,8806416067017,8806416067024",N02BE01,,201802994,,Acetaminophen
202402457,이지엔6에이스정(아세트아미노펜),Easy End Six Ace Tab.,(주)대웅제약,Daewoong Pharmaceuticals,2024-10-18,의약품,5317,정상,,아세트아미노펜,"크로스카르멜로오스나트륨,미결정셀룰로오스,오파드라이흰색(03B28796),스테아르산마그네슘,카르나우바납,전분글리콜산나트륨,히드록시프로필셀룰로오스",,일반의약품,완제의약품,신고,제조,,타원형,,,17.4,7.0,N,"8806416081822,8806416081808,8806416081815",N02BE01,,,,Acetaminophen
202100736,이지콜드노즈연질캡슐,Easycold Nose Soft Cap.,(주)알피바이오,RP Bio Inc.,2021-01-25,의약품,5257,정상,,아세트아미노펜/슈도에페드린염산염/dl-메틸에페드린염산염/클로르페니라민말레산염,"프로필렌글리콜,락색소,폴리에틸렌글리콜400,젤라틴,홍화황색소,포비돈,소르비톨스페셜글리세린블렌드,정제수",,일반의약품,완제의약품,신고,제조,,타원형,,,16.5,9.8,N,"8806616053605,8806616053612",R05X,,202100736,,Acetaminophen/Pseudoephedrine Hydrochloride/DL-Methylephedrine Hydrochloride/Chlorpheniramine Maleate
202100758,이지콜드코프연질캡슐,Easycold Cough Soft Cap.,(주)알피바이오,RP Bio Inc.,2021-01-25,의약품,5258,정상,,아세트아미노펜/구아이페네신/덱스트로메토르판브롬화수소산염수화물/노스카핀염산염수화물,"프로필렌글리콜,치자청색소,폴리에틸렌글리콜400,젤라틴,포비돈,소르비톨스페셜글리세린블렌드,정제수",,일반의약품,완제의약품,신고,제조,,타원형,,,16.3,9.6,N,"8806616053704,8806616053711",R05X,,202100758,,Acetaminophen/Guaifenesin/Dextromethorphan Hydrobromide Hydrate/Noscapine Hydrochloride Hydrate
202100564,이지콜드플러스연질캡슐,Easycold Plus Soft Cap.,(주)알피바이오,RP Bio Inc.,2021-01-20,의약품,5256,정상,,아세트아미노펜/슈도에페드린염산염/dl-메틸에페드린염산염/클로르페니라민말레산염/덱스트로메토르판브롬화수소산염수화물/육계가루,"프로필렌글리콜,폴리에틸렌글리콜4000,락색소,치자청색소,폴리에틸렌글리콜400,젤라틴,산화티탄,소르비톨스페셜글리세린블렌드,정제수",,일반의약품,완제의약품,신고,제조,,타원형,,,16.7,10.0,N,"8806616053506,8806616053513",R05X,,202100564,,Acetaminophen/Pseudoephedrine Hydrochloride/DL-Methylephedrine Hydrochloride/Chlorpheniramine Maleate/Dextromethorphan Hydrobromide Hydrate/Cinnamon Bark Powder
201700124,이지콜씨플러스캡슐,Easy-col C Plus Cap.,(주)한풍제약,"HANPOONG PHARM. Co., Ltd.",2017-01-05,의약품,5066,정상,,아세트아미노펜/클로르페니라민말레산염/수도에페드린염산염/덱스트로메토르판브롬화수소산염수화물/구아이페네신/티아민질산염/리보플라빈/제피아스코르브산/갈근탕 건조엑스(10→1),"미결정셀룰로오스,이산화규소,스테아르산마그네슘,캡슐",,일반의약품,완제의약품,신고,제조,,장방형,,,18.89,6.41,N,"8806581059305,8806581059312",R05X,,201700124,,Acetaminophen/Chlorpheniramine Maleate/Pseudoephedrine Hydrochloride/Dextromethorphan Hydrobromide Hydrate/Guaifenesin/Thiamine Nitrate/Riboflavin/Ascorbic Acid Coated/Galgeuntang Dried Extract (10→1)
202204076,이참에노즈연질캡슐,Ichame Nose Soft capsule,코스맥스파마(주),"COSMAX PHARMA CO., LTD.",2022-11-11,의약품,5234,정상,,아세트아미노펜/슈도에페드린염산염/DL-메틸에페드린염산염/덱스트로메토르판브롬화수소산염수화물/트리프롤리딘염산염수화물,"프로필렌글리콜,심황색소,폴리에틸렌글리콜400,젤라틴,포비돈,소르비톨소르비탄 액,정제수",,일반의약품,완제의약품,신고,제조,,타원형,,,14.7,9.6,N,"8800551027707,8800551027714,8800551027721,8800551027738",R05X,,202204076,,Acetaminophen/Pseudoephedrine Hydrochloride/DL-Methylephedrine Hydrochloride/Dextromethorphan Hydrobromide Hydrate/Triprolidine Hydrochloride Hydrate
202204088,이참에코프연질캡슐,Ichame Cough Soft capsule,코스맥스파마(주),"COSMAX PHARMA CO., LTD.",2022-11-14,의약품,5235,정상,,아세트아미노펜/구아이페네신/노스카핀염산염수화물/덱스트로메토르판브롬화수소산염수화물/트리프롤리딘염산염수화물,"프로필렌글리콜,치자청색소,폴리에틸렌글리콜400,젤라틴,포비돈,소르비톨소르비탄 액,정제수",,일반의약품,완제의약품,신고,제조,,타원형,,,14.6,9.9,N,"8800551027806,8800551027813,8800551027820,8800551027837",R05X,,202204088,,Acetaminophen/Guaifenesin/Noscapine Hydrochloride Hydrate/Dextromethorphan Hydrobromide Hydrate/Triprolidine Hydrochloride Hydrate
202204075,이참에콜드연질캡슐,Ichame Cold soft capsule,코스맥스파마(주),"COSMAX PHARMA CO., LTD.",2022-11-11,의약품,5233,정상,,아세트아미노펜/구아이페네신/슈도에페드린염산염/DL-메틸에페드린염산염/덱스트로메토르판브롬화수소산염수화물/트리프롤리딘염산염수화물,"프로필렌글리콜,폴리에틸렌글리콜400,젤라틴,포비돈,소르비톨소르비탄 액,안나토색소,정제수",,일반의약품,완제의약품,신고,제조,,타원형,,,14.7,9.8,N,"8800551027608,8800551027622,8800551027615,8800551027639",R05X,,202204075,,Acetaminophen/Guaifenesin/Pseudoephedrine Hydrochloride/DL-Methylephedrine Hydrochloride/Dextromethorphan Hydrobromide Hydrate/Triprolidine Hydrochloride Hydrate
202300373,이큐펜키즈에이시럽(아세트아미노펜),E Q Pen Kids A Syrup,진양제약(주),"JINYANG PHARM CO.,LTD.",2023-01-30,의약품,5188,정상,,아세트아미노펜,"프로필렌글리콜,시트르산수화물,딸기향(3104145),D-소르비톨 액70%,프로필파라벤,수크랄로스,백당,잔탄검,미결정셀룰로오스·카르복시메틸셀룰로오스,농글리세린,조합향료(체리후레바(6009)),정제수",,일반의약품,완제의약품,신고,제조,,,,,,,N,"8806503044402,8806503044419,8806503044426",N02BE01,,202300373,,Acetaminophen
199501697,이타펜정(수출용),Itafen Tab.,하이플생명과학(주),"Highfly Life Science Co., Ltd.",1995-07-28,의약품,25,취하,2024-04-29,아세트아미노펜/DL-메티오닌,"황색4호,유당수화물,스테아르산마그네슘,카르복시메틸셀룰로오스칼슘,히드록시프로필셀룰로오스",,일반의약품,완제의약품,신고,제조,,,,,,,N,"8806641012103,8806641012110,8806641012127,8806641012134,8806641012141,8806641012158,8806641012165",N02BE51,,,,Acetaminophen/DL-Methionine
200804143,이텍스엑세드린정(수출용),Etex Exedrin Tab.,(주)테라젠이텍스,"THERAGEN ETEX CO., LTD.",2008-04-15,의약품,342,정상,,아세트아미노펜/아스피린/무수카페인,"미결정셀룰로오스,전분글리콜산나트륨,스테아린산마그네슘,히드록시프로필셀룰로오스",,일반의약품,완제의약품,신고,제조,,,,,,,N,"8806545024905,8806985015303,8806545024912",N02BE51,,,,Acetaminophen/Aspirin/Anhydrous Caffeine
201403995,이트라펜세미정,,(주)화이트생명과학,WHITE LIFE SCIENCE,2014-08-27,의약품,512,정상,,트라마돌염산염/아세트아미노펜,"미결정셀룰로오스,크로스포비돈,스테아르산마그네슘,전호화전분,오파드라이Ⅱ노란색(85F420033)",,전문의약품,완제의약품,허가,제조,,장방형,,,12.03,5.42,N,"8806252007703,8806252007710,8806252007727",N02AJ13,201403995,,,Tramadol Hydrochloride/Acetaminophen
201309487,이트라펜정,Itraphen Tab.,(주)화이트생명과학,WHITE LIFE SCIENCE,2013-09-30,의약품,457,정상,,아세트아미노펜/트라마돌염산염,"저치환도히드록시프로필셀룰로오스,크로스포비돈,포비돈,스테아르산마그네슘,오파드라이II노란색(85F42086)",,전문의약품,완제의약품,허가,제조,,타원형,,,15.41,6.29,N,"8806252002203,8806252002210,8806252002227",N02AJ13,201309487,,,Acetaminophen/Tramadol Hydrochloride
201504904,익스펜캡슐,Exphen Cap.,부광약품(주),"BUKWANG PHARM. CO., LTD.",2015-07-17,의약품,5131,유효기간만료,2025-07-17,아세트아미노펜/카페인무수물,"유당수화물,스테아르산마그네슘,캡슐",,일반의약품,완제의약품,신고,제조,,,,,,,N,"8800521000907,8806422039305,8800521000914,8806422039312",N02BE51,,201504904,,Acetaminophen/Anhydrous Caffeine
201705636,일성아세트아미노펜정325밀리그램,ILSUNG Acetaminophen Tab. 325 mg,일성아이에스(주),"IL SUNG IS CO., LTD.",2017-07-12,의약품,5096,정상,,아세트아미노펜,"베타덱스,에틸셀룰로오스,폴리에틸렌글리콜 6000,스테비올배당체,유당수화물,콜로이드성이산화규소,수크랄로스,카라멜향,스테아르산마그네슘,전호화전분,전분글리콜산나트륨",,일반의약품,완제의약품,신고,제조,,원형,,,11.09,11.09,N,"8806554037712,8806554037705",N02BE01,,201705636,,Acetaminophen
202300632,일양아세트아미노펜시럽,Ilyang acetaminophen syrup,일양약품(주),"IL-YANG PHARM. CO., LTD.",2023-02-20,의약품,5264,정상,,아세트아미노펜,"프로필렌글리콜,시트르산수화물,딸기향(3104145),프로필파라벤,수크랄로스,백당,잔탄검,미결정셀룰로오스·카르복시메틸셀룰로오스,농글리세린,D-소르비톨액(70%),조합향료(체리후레바(6009)),정제수",,일반의약품,완제의약품,신고,제조,,,,,,,N,"8806417062400,8806417062417,8806417062424",N02BE01,,,,Acetaminophen
201604640,제감노즈캡슐,Jegam Nose Cap.,신일제약(주),Sinil Pharm,2016-07-27,의약품,5077,정상,,클로르페니라민말레산염/티아민질산염/리보플라빈/슈도에페드린염산염/카페인무수물/아스코르브산/아세트아미노펜/소청룡탕건조엑스(13→1),"유당수화물,스테아르산마그네슘,캡슐",,일반의약품,완제의약품,신고,제조,,장방형,,,21.25,6.97,N,"8806538052106,8806538052113",R05X,,201604640,,Chlorpheniramine Maleate/Thiamine Nitrate/Riboflavin/Pseudoephedrine Hydrochloride/Anhydrous Caffeine/Ascorbic Acid/Acetaminophen/Socheongryongtang Dried Extract (13→1)
201605439,제감코프캡슐,Jegam Cough Cap.,신일제약(주),Sinil Pharm,2016-09-05,의약품,5078,정상,,클로페라스틴염산염/dl-메틸에페드린염산염/노스카핀/티아민질산염/리보플라빈/아스코르브산/구아야콜설폰산칼륨/아세트아미노펜/길경엑스산(3.7→1),"유당수화물,스테아르산마그네슘,캡슐",,일반의약품,완제의약품,신고,제조,,장방형,,,21.4,7.33,N,"8806538052212,8806538052205",R05X,,201605439,,Cloperastine Hydrochloride/DL-Methylephedrine Hydrochloride/Noscapine/Thiamine Nitrate/Riboflavin/Ascorbic Acid/Potassium Guaiacolsulfonate/Acetaminophen/Platycodon Root Extract Powder (3.7→1)
202400548,제감콜드에스캡슐,Jegamcold S. cap,신일제약(주),Sinil Pharm,2024-03-18,의약품,5213,정상,,아세트아미노펜/갈근탕 건조엑스(10→1)/클로르페니라민말레산염/덱스트로메토르판브롬화수소산염수화물/구아이페네신/카페인무수물/티아민질산염/아스코르브산/리보플라빈,"유당수화물,스테아르산마그네슘,캡슐",,일반의약품,완제의약품,신고,제조,,,,,,,N,,,,,,Acetaminophen/Galgeuntang Dried Extract (10→1)/Chlorpheniramine Maleate/Dextromethorphan Hydrobromide Hydrate/Guaifenesin/Anhydrous Caffeine/Thiamine Nitrate/Ascorbic Acid/Riboflavin
201505745,제감콜드캡슐,Jegam Cold Cap.,신일제약(주),Sinil Pharm,2015-08-17,의약품,5057,정상,,아세트아미노펜/갈근탕엑스(10→1)/클로르페니라민말레산염/클로페라스틴염산염/구아이페네신/카페인무수물/티아민질산염/아스코르브산/리보플라빈,"유당수화물,스테아르산마그네슘,캡슐",,일반의약품,완제의약품,신고,제조,,장방형,,,21.4,6.79,N,"8806538050805,8806538050812,8806538050829",R05X,,201505745,,Acetaminophen/Galgeuntang Extract (10→1)/Chlorpheniramine Maleate/Cloperastine Hydrochloride/Guaifenesin/Anhydrous Caffeine/Thiamine Nitrate/Ascorbic Acid/Riboflavin
202107768,제노펜정(아세트아미노펜),Tynol Tab. 500mg,(주)한국파비스제약,"Pharvis Korea co., Ltd.",2021-12-02,의약품,5227,정상,,아세트아미노펜,"미결정셀룰로오스,오파드라이흰색(03B28796),크로스카멜로오스나트륨,스테아르산마그네슘,카르나우바납,전분글리콜산나트륨,히드록시프로필셀룰로오스",,일반의약품,완제의약품,신고,제조,,타원형,,,17.5,7.1,N,"8806218043608,8806218043615,8806218043622,8806218043639",N02BE01,,202107768,,Acetaminophen
201504698,제로코연질캡슐,Zeroco Soft Cap.,(주)알피바이오,RP Bio Inc.,2015-07-08,의약품,5166,취하,2025-02-19,아세트아미노펜/슈도에페드린염산염/클로르페니라민말레산염/dl-메틸에페드린염산염,"프로필렌글리콜,치자청색소,폴리에틸렌글리콜400,젤라틴,홍화황색소,포비돈,소르비톨스페셜글리세린블렌드,정제수",,일반의약품,완제의약품,신고,제조,,,,,,,N,"8806616045105,8806616045112",R05X,,201504698,,Acetaminophen/Pseudoephedrine Hydrochloride/Chlorpheniramine Maleate/DL-Methylephedrine Hydrochloride
201103782,제로콜연질캡슐,Zerocol Soft Cap.,(주)알피바이오,RP Bio Inc.,2011-06-10,의약품,5043,정상,,아세트아미노펜/클로르페니라민말레산염/슈도에페드린염산염/덱스트로메토르판브롬화수소산염수화물/구아이페네신,"프로필렌글리콜,락색소,폴리에틸렌글리콜400,젤라틴,포비돈,소르비톨스페셜글리세린블렌드,정제수",,일반의약품,완제의약품,신고,제조,,장방형,,,25,9.8,N,"8806616035007,8806616035014",R05X,,201103782,,Acetaminophen/Chlorpheniramine Maleate/Pseudoephedrine Hydrochloride/Dextromethorphan Hydrobromide Hydrate/Guaifenesin
201907949,제로펜정,,(주)넥스팜코리아,nexpharm korea,2019-11-15,의약품,5184,취하,2023-09-22,클로르족사존/아세트아미노펜,"미결정셀룰로오스,히프로멜로오스,폴리에틸렌글리콜6000,산화티탄,청색2호알루미늄레이크,스테아르산마그네슘,탤크,전분글리콜산나트륨,히드록시프로필셀룰로오스",,일반의약품,완제의약품,신고,제조,,,,,,,N,,,,,,Chlorzoxazone/Acetaminophen
202102548,제이비케이콜캡슐,Inscall Capsule,주식회사 제이비케이랩,"JBKLAB Co., Ltd",2021-03-23,의약품,5058,유효기간만료,2026-03-23,갈근탕 엑스(10→1)/아세트아미노펜/구아이페네신/클로르페니라민말레산염/클로페라스틴염산염/카페인무수물/티아민질산염/리보플라빈/아스코르브산,"유당수화물,상, 하 적갈색의 결질 캡슐,스테아르산마그네슘",,일반의약품,완제의약품,신고,제조,,,,,,,N,"8806624062606,8806624062613,8806624062620,8806624062637",R05X,,,,Galgeuntang Extract (10→1)/Acetaminophen/Guaifenesin/Chlorpheniramine Maleate/Cloperastine Hydrochloride/Anhydrous Caffeine/Thiamine Nitrate/Riboflavin/Ascorbic Acid
201902554,제이아트셋정,J-Atcet Tab.,(주)라이트팜텍,"LitePharmTech Co.,Ltd.",2019-04-24,의약품,66,정상,,트라마돌염산염/아세트아미노펜,"라우릴황산나트륨,오파드라이노란색(85F12347),미결정셀룰로오스,스테아르산마그네슘,옥수수전분,전분글리콜산나트륨",,전문의약품,완제의약품,허가,제조,,장방형,,,15.6,6.4,N,"8806903008707,8806903008714,8806903008721",N02AJ13,201902554,,,Tramadol Hydrochloride/Acetaminophen
201401376,제이트라세미정,J-TRA SEMI TAB.,(주)비보존제약,"VIVOZON PHARMACEUTICAL CO., LTD",2014-03-26,의약품,5031,정상,,트라마돌염산염/아세트아미노펜,"미결정셀룰로오스,히프로멜로오스,폴리에틸렌글리콜6000,산화티탄,황색203호알루미늄레이크,스테아르산마그네슘,콜로이드성이산화규소,전호화전분,전분글리콜산나트륨,옥수수전분,황색5호알루미늄레이크",,전문의약품,완제의약품,허가,제조,,타원형,,,12.1,5.05,N,"8806582026405,8806582026412,8806582026429",N02AJ13,,,,Tramadol Hydrochloride/Acetaminophen
200805085,제이트라정,J-TRA TAB.,(주)비보존제약,"VIVOZON PHARMACEUTICAL CO., LTD",2008-05-02,의약품,468,정상,,트라마돌염산염/아세트아미노펜,"미결정셀룰로오스,스테아르산마그네슘,탭쉴드노란색(11Y327),전호화전분,전분글리콜산나트륨,옥수수전분",,전문의약품,완제의약품,신고,제조,,장방형,,,15.5,6.7,N,"8806582018301,8806582018318,8806582018325",N02AJ13,,,,Tramadol Hydrochloride/Acetaminophen
202501312,제이펜정,Jpen tablet,(주)옵투스제약,"OPTUS Pharmaceutical Co., Ltd.",2025-05-27,의약품,143,정상,,아세트아미노펜/카페인무수물/에페드린염산염,"크로스카르멜로오스나트륨,미결정셀룰로오스(101),탭쉴드흰색(11W991),유당수화물,포비돈,스테아르산마그네슘,미결정셀룰로오스(102)",,일반의약품,완제의약품,신고,제조,,타원형,,,12.8,7.1,N,"8806741022606,8806741022613,8806741022620",R05X,,,,Acetaminophen/Anhydrous Caffeine/Ephedrine Hydrochloride
201507360,젠트라셋세미정,Zentracet semi tab.,조아제약(주),"Cho-a pharm.co.,ltd",2015-10-23,의약품,5090,정상,,아세트아미노펜/트라마돌염산염,"저치환도히드록시프로필셀룰로오스,미결정셀룰로오스,스테아르산마그네슘,오파드라이노랑(85F12347),전분글리콜산나트륨,히드록시프로필셀룰로오스",,전문의약품,완제의약품,허가,제조,,장방형,,,12,5.1,N,"8806446032801,8806446032818,8806446032825",N02AJ13,201507360,,,Acetaminophen/Tramadol Hydrochloride
201507361,젠트라셋정,Jentracet Tab.,조아제약(주),"Cho-a pharm.co.,ltd",2015-10-23,의약품,5091,유효기간만료,2025-10-23,아세트아미노펜/트라마돌염산염,"저치환도히드록시프로필셀룰로오스,미결정셀룰로오스,스테아르산마그네슘,오파드라이노랑(85F12347),전분글리콜산나트륨,히드록시프로필셀룰로오스",,전문의약품,완제의약품,허가,제조,,,,,,,N,"8806446032702,8806446032719,8806446032726",N02AJ13,201507361,,,Acetaminophen/Tramadol Hydrochloride
202303361,젤라펜에스정,Zellaphen-S tab.,미래바이오제약(주),"Mirae Pharmaceutical Co., Ltd",2023-12-18,의약품,5208,취소,2026-03-25,아세트아미노펜/산화마그네슘/푸르설티아민,"저치환도히드록시프로필셀룰로오스,미결정셀룰로오스,히프로멜로오스,황색4호,폴리에틸렌글리콜6000,산화티탄,스테아르산마그네슘,카르복시메틸셀룰로오스칼슘,경질무수규산,히드록시프로필셀룰로오스",,일반의약품,완제의약품,신고,제조,,장방형,,,13.9,8.1,N,"8806575040302,8806575040319,8806575040326",N02BE51,,202303361,,Acetaminophen/Magnesium Oxide/Fursultiamine
200301752,젤라펜정,Zellaphen Tab,미래바이오제약(주),"Mirae Pharmaceutical Co., Ltd",2003-06-17,의약품,225,유효기간만료,2024-01-01,아세트아미노펜/클로르족사존,"저치환도히드록시프로필셀룰로오스,미결정셀룰로오스,스테아르산마그네슘,카르복시메틸셀룰로오스칼슘,옥수수전분,전분글리콜산나트륨,히드록시프로필셀룰로오스",,일반의약품,완제의약품,신고,제조,,,,,,,N,"8806575009309,8806575009316,8806575009323,8806575009330",M03BB53,,200301752,,Acetaminophen/Chlorzoxazone
200500864,졸리민정,Zolimin Tab.,동성제약(주),"DONGSUNG BIO PHARM. CO., LTD",2005-05-20,의약품,155,정상,,아세트아미노펜/디펜히드라민염산염,"콜로이달실리콘디옥사이드,미결정셀룰로오스,히프로멜로오스,유당수화물,폴리에틸렌글리콜6000,산화티탄,스테아르산마그네슘,탤크,전분글리콜산나트륨,히드록시프로필셀룰로오스,청색1호",,일반의약품,완제의약품,신고,제조,,장방형,,,18.8,6.8,N,"8806432009503,8806432009510",N02BE51,,200500864,,Acetaminophen/Diphenhydramine Hydrochloride
201310219,지니펜정,Giniefen Tab.,(주)마더스제약,MOTHER'S PHARMACEUTICAL.,2013-11-20,의약품,5059,정상,,아세트아미노펜/에페드린염산염/카페인무수물,"크로스카르멜로오스나트륨,미결정셀룰로오스,황색4호,이산화규소,스테아르산마그네슘,전분글리콜산나트륨,히드록시프로필셀룰로오스,청색1호",,일반의약품,완제의약품,신고,제조,,원형,,,9.6,9.6,N,"8806228017200,8806228017217,8806228017224,8806228017231",R05X,,201310219,,Acetaminophen/Ephedrine Hydrochloride/Anhydrous Caffeine
201908244,지무라돌서방정,Jimuradol SR Tab.,(주)동구바이오제약,"DongKoo Bio&Pharma Co., Ltd.",2019-12-05,의약품,5276,유효기간만료,2024-12-05,아세트아미노펜/트라마돌염산염,"저치환도히드록시프로필셀룰로오스,크로스포비돈,히프로멜로오스,콜로이드성이산화규소,포비돈,스테아르산마그네슘,오파드라이Ⅱ노란색(85F420033)",,전문의약품,완제의약품,허가,제조,,,,,,,N,"8806573079519,8806573079526,8806573079502",N02AJ13,201908244,,,Acetaminophen/Tramadol Hydrochloride
201908243,지무라돌세미서방정,Jimuradol Semi SR Tab.,(주)동구바이오제약,"DongKoo Bio&Pharma Co., Ltd.",2019-12-05,의약품,5275,취하,2024-01-16,아세트아미노펜/트라마돌염산염,"저치환도히드록시프로필셀룰로오스,크로스포비돈,히프로멜로오스,콜로이드성이산화규소,포비돈,스테아르산마그네슘,오파드라이Ⅱ노란색(85F420033)",,전문의약품,완제의약품,허가,제조,,,,,,,N,"8806573079601,8806573079618,8806573079625",N02AJ13,201908243,,,Acetaminophen/Tramadol Hydrochloride
201800810,지무라돌세미정,ZIMURADOLSEMI Tab.,(주)동구바이오제약,"DongKoo Bio&Pharma Co., Ltd.",2018-02-13,의약품,5201,정상,,트라마돌염산염/아세트아미노펜,"미결정셀룰로오스,크로스포비돈,스테아르산마그네슘,전호화전분,오파드라이II노란색(85F420033)",,전문의약품,완제의약품,허가,제조,,장방형,,,12.0,5.4,N,"8806573071711,8806573071704,8806573071728",N02AJ13,201800810,,,Tramadol Hydrochloride/Acetaminophen
200711793,지무라돌정,ZIMURADOL Tab.,(주)동구바이오제약,"DongKoo Bio&Pharma Co., Ltd.",2007-10-26,의약품,511,정상,,트라마돌염산염/아세트아미노펜,"오파드라이 노랑(85F12347 황색),저치환도히드록시프로필셀룰로오스,미결정셀룰로오스,포비돈,스테아르산마그네슘,카르복시메틸셀룰로오스칼슘",,전문의약품,완제의약품,신고,제조,,장방형,,,15.6,6.4,N,"8806573031005,8806573031012,8806573031029,8806573031036,8806573031043",N02AJ13,200711793,,,Tramadol Hydrochloride/Acetaminophen
202000931,지씨웰빙아세트아미노펜주,GC Wellbeing Acetaminophen Inj.,(주)녹십자웰빙,GC WellBeing Corporation,2020-02-13,의약품,34,정상,,아세트아미노펜,"수산화나트륨,인산일수소나트륨이수화물,염산,주사용수,시스테인염산염수화물,만니톨",,전문의약품,완제의약품,신고,제조,,,,,,,N,"8806811004006,8806811004013",N02BE01,202000931,,,Acetaminophen
201402165,진감수액,,경진제약(주),"Kyungjin Pharm.Co.,Ltd.",2014-05-09,의약품,5011,정상,,감초/갱미/대추/맥문동/반하/인삼/아세트아미노펜/티페피딘히벤즈산염,"시트르산수화물,벤조산나트륨,고과당55,에탄올(95),시트르산나트륨수화물,L-멘톨,정제수",,일반의약품,완제의약품,신고,제조,,,,,,,N,"8806604021401,8806604021418",R05X,,201402165,,Licorice/Oryzae Semen/Jujube/Liriope Tuber/Pinellia Tuber/Ginseng/Acetaminophen/Tipepidine Hibenzate
201403146,진탁콜캡슐,,(주)아이월드제약,"i-World Pharm Co., Ltd.",2014-07-15,의약품,604,정상,,감초/건강/육계/마황/반하/세신/오미자/작약/건조엑스로서/아세트아미노펜/클로르페니라민말레산염/슈도에페드린염산염/카페인무수물,"유당수화물,이산화규소,스테아르산마그네슘,옥수수전분,캡슐",,일반의약품,완제의약품,신고,제조,,장방형,,,22,8,N,"8806696042902,8806696042919",R05X,,201403146,,Licorice/Ginger/Cinnamon Bark/Ephedra Herb/Pinellia Tuber/Asiasarum Root and Rhizome/Schisandra Fruit/Peony Root/As Dried Extract/Acetaminophen/Chlorpheniramine Maleate/Pseudoephedrine Hydrochloride/Anhydrous Caffeine
202601135,참노즈연질캡슐,Chame Nose Soft capsule,(주)알피바이오,RP Bio Inc.,2026-04-20,의약품,5338,정상,,아세트아미노펜/슈도에페드린염산염/DL-메틸에페드린염산염/덱스트로메토르판브롬화수소산염수화물/트리프롤리딘염산염수화물,"프로필렌글리콜,폴리에틸렌글리콜400,젤라틴,홍화황색소,포비돈,소르비톨스페셜글리세린블렌드,정제수",,일반의약품,완제의약품,신고,제조,,,,,,,N,,,,,,Acetaminophen/Pseudoephedrine Hydrochloride/DL-Methylephedrine Hydrochloride/Dextromethorphan Hydrobromide Hydrate/Triprolidine Hydrochloride Hydrate
202601136,참코프연질캡슐,Chame Cough Soft capsule,(주)알피바이오,RP Bio Inc.,2026-04-20,의약품,5339,정상,,아세트아미노펜/구아이페네신/덱스트로메토르판브롬화수소산염수화물/노스카핀염산염수화물/트리프롤리딘염산염수화물,"프로필렌글리콜,치자청색소,폴리에틸렌글리콜400,젤라틴,포비돈,소르비톨스페셜글리세린블렌드,정제수",,일반의약품,완제의약품,신고,제조,,,,,,,N,,,,,,Acetaminophen/Guaifenesin/Dextromethorphan Hydrobromide Hydrate/Noscapine Hydrochloride Hydrate/Triprolidine Hydrochloride Hydrate
202601126,참콜드연질캡슐,Chame Cold soft capsule,(주)알피바이오,RP Bio Inc.,2026-04-20,의약품,5337,정상,,아세트아미노펜/구아이페네신/슈도에페드린염산염/DL-메틸에페드린염산염/덱스트로메토르판브롬화수소산염수화물/트리프롤리딘염산염수화물,"프로필렌글리콜,락색소,폴리에틸렌글리콜400,젤라틴,포비돈,소르비톨스페셜글리세린블렌드,정제수",,일반의약품,완제의약품,신고,제조,,,,,,,N,,,,,,Acetaminophen/Guaifenesin/Pseudoephedrine Hydrochloride/DL-Methylephedrine Hydrochloride/Dextromethorphan Hydrobromide Hydrate/Triprolidine Hydrochloride Hydrate
201206715,챔프시럽(아세트아미노펜),Champ Syrup,동아제약(주),"Dong-A Pharmaceutical Co., Ltd.",2012-09-07,의약품,5070,정상,,아세트아미노펜,"산탄검,프로필렌글리콜,체리향(에센스),미결정셀룰로오스/카르복시메틸셀룰로오스나트륨,시트르산,소르빈산칼륨,수크랄로스,백당,에데트산나트륨수화물,농글리세린,정제수",,일반의약품,완제의약품,신고,제조,,,,,,,N,"8806265000203,8806425067206,8806265000210,8806425067213,8806265000227,8806425067220,8806265000241,8806425067237,8806265000234,8806425067244,8806265008919,8806265008926,8806265008902",N02BE01,,201206715,,Acetaminophen
202204272,챔프콜드시럽,Champ Clod Syrup,동아제약(주),"Dong-A Pharmaceutical Co., Ltd.",2022-11-28,의약품,5181,정상,,아세트아미노펜/클로르페니라민말레산염/DL-메틸에페드린염산염/구아이페네신/티페피딘시트르산염/리보플라빈포스페이트나트륨,"프로필렌글리콜,자몽향,시트르산,포비돈,에데트산나트륨수화물,아스코르브산,백당,수크랄로스,조합향료(청포도향 SFL-2104003/1),시클로덱스트린,카르복시메틸셀룰로오스나트륨,프락토올리고당,농글리세린,정제수",,일반의약품,완제의약품,신고,제조,,,,,,,N,"8806265018314,8806265018321,8806265018307",R05X,,202204272,,Acetaminophen/Chlorpheniramine Maleate/DL-Methylephedrine Hydrochloride/Guaifenesin/Tipepidine Citrate/Riboflavin Sodium Phosphate
202303142,챔프콜드펜시럽,Champ Cold Pen Syrup,동아제약(주),"Dong-A Pharmaceutical Co., Ltd.",2023-11-15,의약품,5189,정상,,아세트아미노펜/클로르페니라민말레산염/dl-메틸에페드린염산염/구아이페네신/티페피딘시트르산염,"프로필렌글리콜,시트르산,소르빈산칼륨,포비돈,에데트산나트륨수화물,아스코르브산,백당,수크랄로스,조합향료(청포도향 SFL-2104003/1),카라멜색소,시클로덱스트린,카르복시메틸셀룰로오스나트륨,농글리세린,정제수",,일반의약품,완제의약품,신고,제조,,,,,,,N,"8806265019304,8806265019311,8806265019328",R05X,,202303142,,Acetaminophen/Chlorpheniramine Maleate/DL-Methylephedrine Hydrochloride/Guaifenesin/Tipepidine Citrate
202401275,챔프콜드펜하이시럽,Champ Cold Pen High Syrup,동아제약(주),"Dong-A Pharmaceutical Co., Ltd.",2024-05-23,의약품,5202,정상,,아세트아미노펜/클로르페니라민말레산염/dl-메틸에페드린염산염/구아이페네신/티페피딘시트르산염,"프로필렌글리콜,시트르산,소르빈산칼륨,포비돈,에데트산나트륨수화물,아스코르브산,백당,수크랄로스,조합향료(청포도향 SFL-2104003/1),카라멜색소,시클로덱스트린,카르복시메틸셀룰로오스나트륨,농글리세린,정제수",,일반의약품,완제의약품,신고,제조,,,,,,,N,"8806265020607,8806265020614,8806265020621",R05X,,202401275,,Acetaminophen/Chlorpheniramine Maleate/DL-Methylephedrine Hydrochloride/Guaifenesin/Tipepidine Citrate
202006521,첨복아세카정,DGMIF AceCa Tablets,대구경북첨단의료산업진흥재단,Daegu-Gyeongbuk Medical Innovation Foundation,2020-09-22,의약품,5,유효기간만료,2025-09-22,아세트아미노펜/카페인무수물,"유당수화물,포비돈,크로스카멜로오스나트륨,스테아르산마그네슘,미결정셀룰로오스101",,일반의약품,완제의약품,신고,제조,,,,,,,N,,,,,,Acetaminophen/Anhydrous Caffeine
200501192,초감콜쓰리정,Chogamcolthree Tab.,(주)보령,"Boryung Co., Ltd.",2005-07-15,의약품,212,유효기간만료,2024-01-01,아세트아미노펜/수도에페드린염산염/클로르페니라민말레산염,"미결정셀룰로오스,히프로멜로오스2910,코포비돈,폴리에틸렌글리콜6000,스테아르산마그네슘,카르나우바납,전분글리콜산나트륨,오파드라이OY-C-7000A",,일반의약품,완제의약품,신고,제조,,,,,,,N,"8806419034306,8806419034313,8806419034320",R05X,,200501192,,Acetaminophen/Pseudoephedrine Hydrochloride/Chlorpheniramine Maleate
202401691,치감금탕액,Chigamkumtang Sol.,메딕스제약(주),"Medix Pharm. CO.,LTD",2024-07-09,의약품,250,정상,,작약/육계/감초/갈근/마황/대추/건강/아세트아미노펜,"시트르산수화물,벤조산나트륨,이성화당55%,L-멘톨,정제수",,일반의약품,완제의약품,신고,제조,,,,,,,N,"8806258016808,8806258016815,8806258016822",R05X,,,,Peony Root/Cinnamon Bark/Licorice/Pueraria Root/Ephedra Herb/Jujube/Ginger/Acetaminophen
201504835,치감노즈액,,경방신약(주),"KYUNGBANG Pharmaceutical Co.,Ltd",2015-07-14,의약품,5010,정상,,감초/건강/육계/마황/반하/세신/오미자/작약/아세트아미노펜/클로르페니라민말레산염,"시트르산수화물,벤조산나트륨,이성화당55%,L-멘톨,정제수",,일반의약품,완제의약품,신고,제조,,,,,,,N,"8806613046709,8806613046716",R05X,,201504835,,Licorice/Ginger/Cinnamon Bark/Ephedra Herb/Pinellia Tuber/Asiasarum Root and Rhizome/Schisandra Fruit/Peony Root/Acetaminophen/Chlorpheniramine Maleate
201907993,치감원탕액,Chigamwontang Soln.,한국휴텍스제약(주),"HUTECS KOREA PHARMACEUTICAL CO.,LTD.",2019-11-19,의약품,5289,유효기간만료,2024-11-19,작약/육계/감초/갈근/마황/대추/건강/아세트아미노펜,"시트르산수화물,벤조산나트륨,고과당55,에탄올(95),시트르산나트륨수화물,L-멘톨,정제수",,일반의약품,완제의약품,신고,제조,,,,,,,N,"8806491046723,8806491046716,8806491046709",R05X,,201907993,,Peony Root/Cinnamon Bark/Licorice/Pueraria Root/Ephedra Herb/Jujube/Ginger/Acetaminophen
201501706,치감코프액,,경방신약(주),"KYUNGBANG Pharmaceutical Co.,Ltd",2015-03-31,의약품,5009,정상,,감초/갱미/대추/맥문동/반하/인삼/아세트아미노펜/티페피딘히벤즈산염,"시트르산수화물,벤조산나트륨,이성화당55%,L-멘톨,정제수",,일반의약품,완제의약품,신고,제조,,,,,,,N,"8806613046501,8806613046518",R05X,,201501706,,Licorice/Oryzae Semen/Jujube/Liriope Tuber/Pinellia Tuber/Ginseng/Acetaminophen/Tipepidine Hibenzate
201500198,치감플러스액,,경방신약(주),"KYUNGBANG Pharmaceutical Co.,Ltd",2015-01-14,의약품,5005,정상,,작약/육계/감초/갈근/마황/대추/건강/아세트아미노펜,"시트르산수화물,벤조산나트륨,이성화당55%,L-멘톨,정제수",,일반의약품,완제의약품,신고,제조,,,,,,,N,"8806613046600,8806613046617",R05X,,201500198,,Peony Root/Cinnamon Bark/Licorice/Pueraria Root/Ephedra Herb/Jujube/Ginger/Acetaminophen
201802576,치감플러스정,Chigam Plus Tab.,경방신약(주),"KYUNGBANG Pharmaceutical Co.,Ltd",2018-06-20,의약품,5033,정상,,갈근/감초/건강/육계/대추/마황/작약/아세트아미노펜,"이상 건조엑스로서,미결정셀룰로오스,히프로멜로오스,유당수화물,폴리에틸렌글리콜6000,콜로이드성이산화규소,스테아르산마그네슘,카르복시메틸셀룰로오스칼슘,옥수수전분,전분글리콜산나트륨,히드록시프로필셀룰로오스",,일반의약품,완제의약품,신고,제조,,장방형,,,14.2,8.3,N,"8806613049014,8806613049007,8806613049021",R05X,,201802576,,Pueraria Root/Licorice/Ginger/Cinnamon Bark/Jujube/Ephedra Herb/Peony Root/Acetaminophen
201906519,카미펜에스정,Camiphen S Tab.,정우신약(주),"Jung Woo Pharm Co.,Ltd.",2019-09-18,의약품,5199,유효기간만료,2024-09-18,아세트아미노펜/에페드린염산염/카페인무수물,"라우릴황산나트륨,저치환도히드록시프로필셀룰로오스,미결정셀룰로오스,크로스포비돈,유당수화물,포비돈,스테아르산마그네슘,전분글리콜산나트륨",,일반의약품,완제의약품,신고,제조,,,,,,,N,"8806942058107,8806942058114",R05X,,,,Acetaminophen/Ephedrine Hydrochloride/Anhydrous Caffeine
201705164,카비파라세타몰주(아세트아미노펜),Kabi Paracetamol Inj.,프레지니우스카비코리아(주),Fresenius Kabi Korea Ltd.,2017-06-30,의약품,48,정상,,아세트아미노펜,"L-시스테인,주사용수,만니톨",,전문의약품,완제의약품,허가,수입,,,,,,,N,"8806509020219,8806509020202,8806509020226,8806509020233",N02BE01,,,"독일,프랑스",Acetaminophen
201804158,카세린에프정,,(주)텔콘알에프제약,telconRF pharmaceutical company,2018-10-22,의약품,63,유효기간만료,2023-10-22,아세트아미노펜/에페드린염산염/카페인무수물,"라우릴황산나트륨,저치환도히드록시프로필셀룰로오스,미결정셀룰로오스,크로스포비돈,유당수화물,포비돈,스테아르산마그네슘,전분글리콜산나트륨",,일반의약품,완제의약품,신고,제조,,,,,,,N,"8806255006536,8806255006512,8806255006505,8806255006529",R05X,,,,Acetaminophen/Ephedrine Hydrochloride/Anhydrous Caffeine
201001201,카엘정,Kael Tab.,조아제약(주),"Cho-a pharm.co.,ltd",2010-02-04,의약품,266,정상,,에페드린염산염/아세트아미노펜/카페인무수물,"포비돈 K30,미결정셀룰로오스,식약청인정타르색소(황색5호),유당수화물,스테아르산마그네슘,전분글리콜산나트륨",,일반의약품,완제의약품,신고,제조,,원형,,,10.2,10.2,N,"8806446023601,8806446023618,8806446023625",R05X,,201001201,,Ephedrine Hydrochloride/Acetaminophen/Anhydrous Caffeine
200903579,카이로정,Cairo Tablet,한솔신약(주),hansolpharm,2009-05-25,의약품,435,정상,,아세트아미노펜/부틸스코폴라민브롬화물,"미결정셀룰로오스,히프로멜로오스,유당수화물,폴리에틸렌글리콜6000,산화티탄,스테아르산마그네슘,전분글리콜산나트륨,히드록시프로필셀룰로오스",,일반의약품,완제의약품,신고,제조,,장방형,,,17.3,7.8,N,"8806458028205,8806458028212",A03DB04,,200903579,,Acetaminophen/Scopolamine Butylbromide
201309546,카페린에스정,Caferin-S Tab.,(주)에이프로젠바이오로직스,Aprogen Biologics Inc.,2013-10-02,의약품,5029,정상,,아세트아미노펜/에페드린염산염/카페인무수물,"라우릴황산나트륨,저치환도히드록시프로필셀룰로오스,미결정셀룰로오스,크로스포비돈,유당수화물,포비돈,스테아르산마그네슘,전분글리콜산나트륨",,일반의약품,완제의약품,신고,제조,,타원형,,,14.5,8,N,"8806452040906,8806518059705,8806452040937,8806452040913,8806452040920",R05X,,201309546,,Acetaminophen/Ephedrine Hydrochloride/Anhydrous Caffeine
202106726,카펜에린정,Caffenelin Tab.,한국코러스(주),"Hankook Korus Pharm. Co., Ltd",2021-10-01,의약품,5320,정상,,아세트아미노펜/카페인무수물/에페드린염산염,"미결정셀룰로오스,유당수화물,스테아르산마그네슘,전분글리콜산나트륨,탭쉴드클리어(11C1448),히드록시프로필셀룰로오스",,일반의약품,완제의약품,신고,제조,,타원형,,,13.1,7.1,N,"8806472057908,8806472057915,8806472057922,8806472057939",R05X,,,,Acetaminophen/Anhydrous Caffeine/Ephedrine Hydrochloride
201800994,카펜에스정,,(주)아이월드제약,"i-World Pharm Co., Ltd.",2018-02-27,의약품,665,정상,,아세트아미노펜/카페인무수물/에페드린염산염,"미결정셀룰로오스,유당수화물,스테아르산마그네슘,전분글리콜산나트륨,탭쉴드클리어(11C1448),히드록시프로필셀룰로오스",,일반의약품,완제의약품,신고,제조,,타원형,,,13.0,7.1,N,"8806696049000,8806696049017,8806696049024",R05X,,201800994,,Acetaminophen/Anhydrous Caffeine/Ephedrine Hydrochloride
201310413,카푸린에스정,Cafurin-S Tab.,대한뉴팜(주),"Daehan New Pharm Co.,Ltd",2013-12-02,의약품,5060,정상,,아세트아미노펜/카페인무수물/에페드린염산염,"미결정셀룰로오스,유당수화물,스테아르산마그네슘,경질무수규산,옥수수전분,전분글리콜산나트륨,히드록시프로필셀룰로오스",,일반의약품,완제의약품,신고,제조,,타원형,,,13,7,N,"8806699058702,8806699058719,8806699058726",R05X,,201310413,,Acetaminophen/Anhydrous Caffeine/Ephedrine Hydrochloride
202600156,카푸린플러스비씨정,Cafurin Plus BC Tab.,대한뉴팜(주),"Daehan New Pharm Co.,Ltd",2026-01-16,의약품,5321,정상,,에페드린염산염/카페인무수물/티아민질산염/리보플라빈/아세트아미노펜/제피아스코르브산과립 97.5%,"프로필렌글리콜,저치환도히드록시프로필셀룰로오스,히프로멜로오스,미결정셀룰로오스 ,폴리에틸렌글리콜6000,산화티탄,유당수화물 ,스테아르산마그네슘,카르나우바납,전호화전분,카르복시메틸셀룰로오스칼슘,경질무수규산,탤크,황색4호(타르트라진)알루미늄레이크,히드록시프로필셀룰로오스",,일반의약품,완제의약품,신고,제조,,타원형,,,14.1,8.2,N,"8806699085906,8806699085913",,,,,Ephedrine Hydrochloride/Anhydrous Caffeine/Thiamine Nitrate/Riboflavin/Acetaminophen/Ascorbic Acid Coated Granules 97.5%
202500977,카프릭스정,Caferix Tablet,(주)옵투스제약,"OPTUS Pharmaceutical Co., Ltd.",2025-04-23,의약품,141,정상,,아세트아미노펜/카페인무수물/에페드린염산염,"크로스카르멜로오스나트륨,미결정셀룰로오스(101),유당수화물,포비돈,스테아르산마그네슘,미결정셀룰로오스(102),탭쉴드파란색(11L1585)",,일반의약품,완제의약품,신고,제조,,원형,,,8.1,8.1,N,"8806741022507,8806741022514,8806741022521",R05X,,,,Acetaminophen/Anhydrous Caffeine/Ephedrine Hydrochloride
202501380,카프맥스정,CAFEMAX Tablet,케이엠에스제약(주),"KMS Pharmaceutical Co., Ltd.",2025-06-04,의약품,5101,정상,,아세트아미노펜/카페인무수물/에페드린염산염,"크로스카르멜로오스나트륨,미결정셀룰로오스,유당수화물,포비돈,스테아르산마그네슘,탭쉴드파란색(11L1585)",,일반의약품,완제의약품,신고,제조,,타원형,,,12.7,7.1,N,"8806547023708,8806547023715,8806547023722",R05X,,,,Acetaminophen/Anhydrous Caffeine/Ephedrine Hydrochloride
201802398,캐롤비노즈연질캡슐,CarolB Nose Soft Cap.,(주)알피바이오,RP Bio Inc.,2018-06-11,의약품,5208,정상,,아세트아미노펜/브롬페니라민말레산염/슈도에페드린염산염/리보플라빈,"프로필렌글리콜,폴리에틸렌글리콜 400,락색소,폴리에틸렌글리콜 4000,젤라틴,홍화황색소,산화티탄,포비돈,소르비톨스페셜글리세린블렌드,경질무수규산,정제수",,일반의약품,완제의약품,신고,제조,,타원형,,,15.0,8.4,N,"8806616049318,8806616049301",R05X,,201802398,,Acetaminophen/Brompheniramine Maleate/Pseudoephedrine Hydrochloride/Riboflavin
202600754,캐롤비노즈플러스연질캡슐,CarolB Nose Plus Soft Cap.,(주)알피바이오,RP Bio Inc.,2026-03-13,의약품,5334,정상,,아세트아미노펜/브롬페니라민말레산염/슈도에페드린염산염/리보플라빈,"프로필렌글리콜,폴리에틸렌글리콜4000,락색소,폴리에틸렌글리콜400,젤라틴,홍화황색소,산화티탄,포비돈,소르비톨스페셜글리세린블렌드,경질무수규산,정제수",,일반의약품,완제의약품,신고,제조,,,,,,,N,"8806616059904,8806616059911",,,,,Acetaminophen/Brompheniramine Maleate/Pseudoephedrine Hydrochloride/Riboflavin
201802397,캐롤비코프연질캡슐,CarolB Cough Soft Cap.,(주)알피바이오,RP Bio Inc.,2018-06-11,의약품,5207,정상,,아세트아미노펜/클로르페니라민말레산염/클로페라스틴염산염/구아이페네신/리보플라빈,"프로필렌글리콜,폴리에틸렌글리콜4000,치자청색소,폴리에틸렌글리콜400,젤라틴,산화티탄,포비돈,소르비톨스페셜글리세린블렌드,경질무수규산,정제수",,일반의약품,완제의약품,신고,제조,,타원형,,,15.0,9.2,N,"8806616049219,8806616049202",R05X,,201802397,,Acetaminophen/Chlorpheniramine Maleate/Cloperastine Hydrochloride/Guaifenesin/Riboflavin
202503119,캐롤비코프플러스연질캡슐,CarolB Cough Plus Soft Cap.,(주)알피바이오,RP Bio Inc.,2025-11-28,의약품,5326,정상,,아세트아미노펜/클로르페니라민말레산염/덱스트로메토르판브롬화수소산염수화물/구아이페네신/리보플라빈,"프로필렌글리콜,폴리에틸렌글리콜4000,치자청색소,폴리에틸렌글리콜400,젤라틴,산화티탄,포비돈,소르비톨스페셜글리세린블렌드,경질무수규산,정제수",,일반의약품,완제의약품,신고,제조,,타원형,,,15.4,9.4,N,"8806616059508,8806616059515",R05X,,,,Acetaminophen/Chlorpheniramine Maleate/Dextromethorphan Hydrobromide Hydrate/Guaifenesin/Riboflavin
201802672,캐롤비콜드연질캡슐,CarolB Cold Soft Cap.,(주)알피바이오,RP Bio Inc.,2018-06-27,의약품,5211,정상,,아세트아미노펜/클로르페니라민말레산염/슈도에페드린염산염/dl-메틸에페드린염산염/덱스트로메토르판브롬화수소산염수화물/구아이페네신/리보플라빈,"프로필렌글리콜,폴리에틸렌글리콜4000,락색소,폴리에틸렌글리콜400,젤라틴,산화티탄,포비돈,소르비톨스페셜글리세린블렌드,경질무수규산,정제수",,일반의약품,완제의약품,신고,제조,,타원형,,,15.0,9.1,N,"8806616049615,8806616049608",R05X,,201802672,,Acetaminophen/Chlorpheniramine Maleate/Pseudoephedrine Hydrochloride/DL-Methylephedrine Hydrochloride/Dextromethorphan Hydrobromide Hydrate/Guaifenesin/Riboflavin
202600695,캐롤비콜드플러스연질캡슐,CarolB Cold Plus Soft Cap.,(주)알피바이오,RP Bio Inc.,2026-03-09,의약품,5333,정상,,아세트아미노펜/클로르페니라민말레산염/슈도에페드린염산염/DL-메틸에페드린염산염/덱스트로메토르판브롬화수소산염수화물/구아이페네신/리보플라빈,"프로필렌글리콜,폴리에틸렌글리콜4000,락색소,폴리에틸렌글리콜400,젤라틴,산화티탄,포비돈,소르비톨스페셜글리세린블렌드,경질무수규산,정제수",,일반의약품,완제의약품,신고,제조,,,,,,,N,"8806616059805,8806616059812",,,,,Acetaminophen/Chlorpheniramine Maleate/Pseudoephedrine Hydrochloride/DL-Methylephedrine Hydrochloride/Dextromethorphan Hydrobromide Hydrate/Guaifenesin/Riboflavin
202003087,캐롤키즈에이시럽(아세트아미노펜),Carol Kids A Syrup(Acetaminophen),일동제약(주),"Ildong Pharmaceutical Co., Ltd.",2020-04-27,의약품,5246,정상,,아세트아미노펜,"프로필렌글리콜,시트르산수화물,메론향H,폴리에틸렌글리콜400,미결정셀룰로오스·카르복시메틸셀룰로오스나트륨,백당,수크랄로스,잔탄검,카르복시메틸셀룰로오스나트륨,D-소르비톨액,농글리세린,정제수",,일반의약품,완제의약품,신고,제조,,,,,,,N,"8806429064201,8806429064218,8806429064225",N02BE01,,202003087,,Acetaminophen
202000043,캐롤키즈콜드시럽,CAROL Kids Cold Syrup,일동제약(주),"Ildong Pharmaceutical Co., Ltd.",2020-01-03,의약품,5239,정상,,아세트아미노펜/클로르페니라민말레산염/펜톡시베린시트르산염/dl-메틸에페드린염산염/구아이페네신,"벤조산나트륨,시트르산수화물,혼합과일향,D-소르비톨 액,글리세린,염화나트륨,백당,수크랄로스,시트르산나트륨수화물,카르복시메틸셀룰로오스나트륨,히드록시에틸셀룰로오스,폴리에틸렌글리콜1500,조합향료(사과향HF-30630),정제수",,일반의약품,완제의약품,신고,제조,,,,,,,N,"8806429063303,8806429063310,8806429063327",R05X,,202000043,,Acetaminophen/Chlorpheniramine Maleate/Pentoxyverine Citrate/DL-Methylephedrine Hydrochloride/Guaifenesin
200502243,캐치코프정,Catchcough Tablet,(주)한국파비스제약,"Pharvis Korea co., Ltd.",2005-05-12,의약품,185,정상,,아세트아미노펜/페닐레프린염산염/클로르페니라민말레산염,"포비돈K30,미결정셀룰로오스,히프로멜로오스,유당수화물,폴리에틸렌글리콜6000,산화티탄,스테아르산마그네슘,카르복시메틸셀룰로오스칼슘,경질무수규산,탤크,전분글리콜산나트륨,히드록시프로필셀룰로오스,청색1호알루미늄레이크",,일반의약품,완제의약품,신고,제조,,장방형,,,14.61,8.51,N,"8806218008102,8806836012000,8806218008119,8806836012017,8806218008133,8806218008126",R05X,,,,Acetaminophen/Phenylephrine Hydrochloride/Chlorpheniramine Maleate
201400293,캐치콜에스연질캡슐,Catch-Cold Soft Cap.,코오롱제약(주),KOLON PHARMA,2014-01-22,의약품,5055,정상,,아세트아미노펜/클로르페니라민말레산염/dl-메틸에페드린염산염/슈도에페드린염산염/덱스트로메토르판브롬화수소산염수화물/구아이페네신,"프로필렌글리콜,부분탈수액상소르비톨,중쇄트리글리세리드,폴리에틸렌글리콜400,젤라틴,홍화황색소,포비돈,카르나우바납,정제수,농글리세린",,일반의약품,완제의약품,신고,제조,,타원형,,,16.1,10.3,N,"8806703037501,8806703037518",R05X,,201400293,,Acetaminophen/Chlorpheniramine Maleate/DL-Methylephedrine Hydrochloride/Pseudoephedrine Hydrochloride/Dextromethorphan Hydrobromide Hydrate/Guaifenesin
200000907,캐치콜에프시럽(수출용),Catch-Cold-F Syrup (for export),코오롱제약(주),KOLON PHARMA,2000-12-01,의약품,131,정상,,아세트아미노펜/클로르페니라민말레산염/덱스트로메토르판브롬화수소산염수화물/dl-메틸에페드린염산염/수도에페드린염산염/구아이페네신/티아민염산염/리보플라빈/감초건조엑스(5→1),"벤조산나트륨,프로필렌글리콜,시트르산수화물,디히드로아세트산나트륨,베타사이클로덱스트린,실리콘수지,백당,포비돈,적색40호,딸기향,정제수",,일반의약품,완제의약품,신고,제조,,,,,,,N,"8806703011907,8806703011914",R05FB,,,,Acetaminophen/Chlorpheniramine Maleate/Dextromethorphan Hydrobromide Hydrate/DL-Methylephedrine Hydrochloride/Pseudoephedrine Hydrochloride/Guaifenesin/Thiamine Hydrochloride/Riboflavin/Glycyrrhiza Dried Extract (5→1)
201905695,케세펜정,Kecephen Tab,(주)시어스제약,Cires Pharmaceutical Inc.,2019-08-13,의약품,96,유효기간만료,2024-08-13,아세트아미노펜/에페드린염산염/카페인무수물,"라우릴황산나트륨,저치환도히드록시프로필셀룰로오스,미결정셀룰로오스,크로스포비돈,유당수화물,포비돈,스테아르산마그네슘,전분글리콜산나트륨",,일반의약품,완제의약품,신고,제조,,,,,,,N,"8806890011308,8806890011315",R05X,,,,Acetaminophen/Ephedrine Hydrochloride/Anhydrous Caffeine
202403003,케어콜정,Carecol Tab.,(주)아이월드제약,"i-World Pharm Co., Ltd.",2024-12-18,의약품,741,정상,,아세트아미노펜/카페인무수물/푸르설티아민,"미결정셀룰로오스,유당수화물,스테아르산마그네슘,탭쉴드흰색(11W1475),전분글리콜산나트륨,히드록시프로필셀룰로오스",,일반의약품,완제의약품,신고,제조,,장방형,,,15.2,9.3,N,"8806696056404,8806696056411",N02BE51,,,,Acetaminophen/Anhydrous Caffeine/Fursultiamine
202402742,케이메디원정,KMEDIOne Tablet,대구경북첨단의료산업진흥재단,Daegu-Gyeongbuk Medical Innovation Foundation,2024-11-21,의약품,6,정상,,아세트아미노펜/카페인무수물,"유당수화물,포비돈,크로스카멜로오스나트륨,스테아르산마그네슘,미결정셀룰로오스101",,일반의약품,완제의약품,신고,제조,,,,,,,N,,,,,,Acetaminophen/Anhydrous Caffeine
202003800,케이셋세미정,K-Cet Semi Tab.,주식회사케이에스제약,KS Pharm. Inc.,2020-05-26,의약품,91,정상,,아세트아미노펜/트라마돌염산염,"오파드라이흰색(03B28796),황색산화철,스테아르산마그네슘,전호화전분,분말셀룰로오스,옥수수전분,전분글리콜산나트륨,적색산화철",,전문의약품,완제의약품,허가,제조,,장방형,,,12.3,5.2,N,"8800590009610,8800590009627,8800590009603",N02AJ13,202003800,,,Acetaminophen/Tramadol Hydrochloride
202003799,케이셋정,K-Cet Tab.,주식회사케이에스제약,KS Pharm. Inc.,2020-05-26,의약품,90,정상,,아세트아미노펜/트라마돌염산염,"오파드라이흰색(03B28796),황색산화철,스테아르산마그네슘,전호화전분,분말셀룰로오스,옥수수전분,전분글리콜산나트륨,적색산화철",,전문의약품,완제의약품,허가,제조,,장방형,,,15.7,6.5,N,"8800590009511,8800590009528,8800590009504",N02AJ13,202003799,,,Acetaminophen/Tramadol Hydrochloride
201801917,케이콜드시럽,K-cold Syrup,주식회사제뉴원사이언스,GENUONE Sciences Inc.,2018-05-04,의약품,5261,정상,,아세트아미노펜/클로르페니라민말레산염/펜톡시베린시트르산염/dl-메틸에페드린염산염/구아이페네신/카페인무수물,"벤조산나트륨,시트르산수화물,혼합과일향,글리세린,염화나트륨,백당,수크랄로스,폴리에틸렌글리콜 1500,시트르산나트륨수화물,적색40호,카르복시메틸셀룰로오스나트륨,히드록시에틸셀룰로오스,D-소르비톨액,조합향료(사과향HF-30630),정제수",,일반의약품,완제의약품,신고,제조,,,,,,,N,"8806717057809,8806717057816,8806717057823,8806717057830",R05X,,201801917,,Acetaminophen/Chlorpheniramine Maleate/Pentoxyverine Citrate/DL-Methylephedrine Hydrochloride/Guaifenesin/Anhydrous Caffeine
201905290,케이콜드키즈시럽,K-Cold kids Syrup,주식회사제뉴원사이언스,GENUONE Sciences Inc.,2019-07-25,의약품,5299,취하,2024-01-29,아세트아미노펜/클로르페니라민말레산염/펜톡시베린시트르산염/dl-메틸에페드린염산염/구아이페네신,"벤조산나트륨,시트르산수화물,혼합과일향,글리세린,염화나트륨,백당,수크랄로스,폴리에틸렌글리콜 1500,시트르산나트륨수화물,카르복시메틸셀룰로오스나트륨,히드록시에틸셀룰로오스,D-소르비톨액,조합향료(사과향HF-30630),정제수",,일반의약품,완제의약품,신고,제조,,,,,,,N,"8806717060625,8806717060724,8806717060618,8806717060717,8806717060601,8806717060700",R05X,,,,Acetaminophen/Chlorpheniramine Maleate/Pentoxyverine Citrate/DL-Methylephedrine Hydrochloride/Guaifenesin
202401379,케이파이리보아세트산,KPAI RIBOACET Powder,(주)킴스제약,"KIMS Pharmaceutical Co., Ltd.",2024-06-03,의약품,5104,정상,,아세트아미노펜/리보플라빈,"에틸셀룰로오스,조합향료(크랜베리향코튼),트리에틸시트르산염,자일리톨,히드록시프로필베타덱스,수크랄로스,콜로이드성이산화규소,스테아르산마그네슘,탤크",,일반의약품,완제의약품,신고,제조,,,,,,,N,"8800596007405,8800596007412,8800596007429",N02BE51,,202401379,,Acetaminophen/Riboflavin
201907116,케이파이콜싹과립,K-pai Colssak Granules,(주)한풍제약,"HANPOONG PHARM. Co., Ltd.",2019-10-07,의약품,5242,정상,,갈근탕건조엑스(4→1)/구아이페네신/카페인무수물/아세트아미노펜/아스코르브산/클로르페니라민말레산염/리보플라빈,"유당수화물,아스파탐,옥수수전분",,일반의약품,완제의약품,신고,제조,,,,,,,N,"8806581077903,8806581077910,8806581077927",R05X,,201907116,,Galgeuntang Dried Extract (4→1)/Guaifenesin/Anhydrous Caffeine/Acetaminophen/Ascorbic Acid/Chlorpheniramine Maleate/Riboflavin
201802575,코감노즈정,Cogam Nose Tab.,경방신약(주),"KYUNGBANG Pharmaceutical Co.,Ltd",2018-06-20,의약품,5032,정상,,감초/건강/육계/마황/반하/세신/오미자/작약/아세트아미노펜/클로르페니라민말레산염,"이상 건조엑스로서,미결정셀룰로오스,히프로멜로오스,유당수화물,폴리에틸렌글리콜6000,콜로이드성이산화규소,스테아르산마그네슘,카르복시메틸셀룰로오스칼슘,옥수수전분,전분글리콜산나트륨,히드록시프로필셀룰로오스",,일반의약품,완제의약품,신고,제조,,장방형,,,14.3,8.2,N,"8806613048901,8806613048918,8806613048925",R05X,,201802575,,Licorice/Ginger/Cinnamon Bark/Ephedra Herb/Pinellia Tuber/Asiasarum Root and Rhizome/Schisandra Fruit/Peony Root/Acetaminophen/Chlorpheniramine Maleate
201904653,코감콜캡슐,,경방신약(주),"KYUNGBANG Pharmaceutical Co.,Ltd",2019-07-10,의약품,5060,정상,,감초/건강/육계/마황/반하/세신/오미자/작약/아세트아미노펜/클로르페니라민말레산염/티페피딘히벤즈산염/카페인무수물,"미결정셀룰로오스,유당수화물,콜로이드성이산화규소,스테아르산마그네슘,이상물건조엑스,전분글리콜산나트륨,캡슐",,일반의약품,완제의약품,신고,제조,,장방형,,,21.6,7.5,N,"8806613051703,8806613051710,8806613051727",R05X,,201904653,,Licorice/Ginger/Cinnamon Bark/Ephedra Herb/Pinellia Tuber/Asiasarum Root and Rhizome/Schisandra Fruit/Peony Root/Acetaminophen/Chlorpheniramine Maleate/Tipepidine Hibenzate/Anhydrous Caffeine
199907257,코노펜캡슐,Conofen Cap.,하나제약(주),"Hana Pharm. Co., Ltd.",1999-03-29,마약류,24,정상,,코데인인산염수화물/이부프로펜/아세트아미노펜,"상부 적색, 하부 백색캡슐,스테아르산마그네슘,카르복시메틸셀룰로오스칼슘,히드록시프로필셀룰로오스",,전문의약품,완제의약품,허가,제조,마약,장방형,,,21.40,7.33,N,"8806578018308,8806578018315",N02AJ09,,,,Codeine Phosphate Hydrate/Ibuprofen/Acetaminophen
201601597,코드렌연질캡슐,coldren Soft Cap.,한림제약(주),"Hanlim Pharm. Co., Ltd",2016-03-24,의약품,5120,취하,2025-02-12,아세트아미노펜/클로르페니라민말레산염/dl-메틸에페드린염산염/슈도에페드린염산염/덱스트로메토르판브롬화수소산염수화물/구아이페네신,"프로필렌글리콜,락색소,폴리에틸렌글리콜400,솔비톨스페샬글리세린블렌드,젤라틴,포비돈,정제수",,일반의약품,완제의약품,신고,제조,,,,,,,N,"8806453054803,8806453054810",R05X,,201601597,,Acetaminophen/Chlorpheniramine Maleate/DL-Methylephedrine Hydrochloride/Pseudoephedrine Hydrochloride/Dextromethorphan Hydrobromide Hydrate/Guaifenesin
199102938,코러스아세트아미노펜정300밀리그램(수출용),Korus Acetaminophen Tab. 300mg(for export),한국코러스(주),"Hankook Korus Pharm. Co., Ltd",1992-08-20,의약품,2,정상,,아세트아미노펜,"카르복시메칠셀룰로오스 칼슘,스테아르산 마그네슘,옥수수전분,히드록시프로필셀룰로오스",,일반의약품,완제의약품,신고,제조,,원형,,,10,10,N,"8806472009808,8806472009815,8806472009822",N02BE01,,,,Acetaminophen
201403633,코리투살노즈시럽,Coritussal Nose Syrup,부광약품(주),"BUKWANG PHARM. CO., LTD.",2014-08-05,의약품,5042,정상,,아세트아미노펜/클로르페니라민말레산염/슈도에페드린염산염,"시트르산수화물,메틸파라벤,자일리톨,백당,수크랄로스,프로필파라벤,시트르산나트륨수화물,D-소르비톨액,그레이프엣센스에프-723,정제수",,일반의약품,완제의약품,신고,제조,,,,,,,N,"8806422035109,8806422035116",R05X,,201403633,,Acetaminophen/Chlorpheniramine Maleate/Pseudoephedrine Hydrochloride
201502441,코리투살에스노즈연질캡슐,Coritussal-S Nose Soft Cap.,부광약품(주),"BUKWANG PHARM. CO., LTD.",2015-04-27,의약품,5067,정상,,아세트아미노펜/클로르페니라민말레산염/슈도에페드린염산염,"프로필렌글리콜,락색소,폴리에틸렌글리콜400,젤라틴,포비돈,소르비톨스페셜글리세린블렌드,정제수",,일반의약품,완제의약품,신고,제조,,타원형,,,17.1,10,N,"8806422037509,8806422037516",R05X,,201502441,,Acetaminophen/Chlorpheniramine Maleate/Pseudoephedrine Hydrochloride
201502442,코리투살에스코프연질캡슐,Coritussal-S Cough Soft Cap.,부광약품(주),"BUKWANG PHARM. CO., LTD.",2015-04-27,의약품,5068,정상,,아세트아미노펜/dl-메틸에페드린염산염/덱스트로메토르판브롬화수소산염수화물/구아이페네신,"프로필렌글리콜,치자청색소,폴리에틸렌글리콜400,젤라틴,포비돈,소르비톨스페셜글리세린블렌드,정제수",,일반의약품,완제의약품,신고,제조,,타원형,,,17.1,10,N,"8806422037608,8806422037615",R05X,,201502442,,Acetaminophen/DL-Methylephedrine Hydrochloride/Dextromethorphan Hydrobromide Hydrate/Guaifenesin
201502443,코리투살에스콜드연질캡슐,Coritussal-S Cold Soft Cap.,부광약품(주),"BUKWANG PHARM. CO., LTD.",2015-04-27,의약품,5069,정상,,아세트아미노펜/클로르페니라민말레산염/dl-메틸에페드린염산염/슈도에페드린염산염/덱스트로메토르판브롬화수소산염수화물/구아이페네신,"프로필렌글리콜,폴리에틸렌글리콜400,젤라틴,홍화황색소,포비돈,소르비톨스페셜글리세린블렌드,정제수",,일반의약품,완제의약품,신고,제조,,타원형,,,17.1,10,N,"8806422037707,8806422037714",R05X,,201502443,,Acetaminophen/Chlorpheniramine Maleate/DL-Methylephedrine Hydrochloride/Pseudoephedrine Hydrochloride/Dextromethorphan Hydrobromide Hydrate/Guaifenesin
201403795,코리투살에프콜드시럽,Coritussal F Cold Syrup,부광약품(주),"BUKWANG PHARM. CO., LTD.",2014-08-18,의약품,5047,정상,,아세트아미노펜/클로르페니라민말레산염/덱스트로메토르판브롬화수소산염수화물/dl-메틸에페드린염산염,"시트르산수화물,프로필렌글리콜,딸기향47,메틸파라벤,자일리톨,백당,프로필파라벤,시트르산나트륨수화물,D-소르비톨액,농글리세린,정제수",,일반의약품,완제의약품,신고,제조,,,,,,,N,"8806422035505,8806422035512,8806422035529",R05X,,201403795,,Acetaminophen/Chlorpheniramine Maleate/Dextromethorphan Hydrobromide Hydrate/DL-Methylephedrine Hydrochloride
202503332,코스노즈연질캡슐,Exentra Nose Soft capsule,코스맥스파마(주),"COSMAX PHARMA CO., LTD.",2025-12-19,의약품,5269,정상,,아세트아미노펜/슈도에페드린염산염/클로르페니라민말레산염,"프로필렌글리콜,심황색소,폴리에틸렌글리콜400,젤라틴,포비돈,소르비톨소르비탄 액,정제수",,일반의약품,완제의약품,신고,제조,,,,,,,N,,,,,,Acetaminophen/Pseudoephedrine Hydrochloride/Chlorpheniramine Maleate
202503378,코스콜드연질캡슐,Exentra Cold Soft capsule,코스맥스파마(주),"COSMAX PHARMA CO., LTD.",2025-12-24,의약품,5270,정상,,아세트아미노펜/구아이페네신/슈도에페드린염산염/DL-메틸에페드린염산염/덱스트로메토르판브롬화수소산염수화물/클로르페니라민말레산염,"프로필렌글리콜,폴리에틸렌글리콜400,젤라틴,포비돈,소르비톨소르비탄 액,안나토색소,정제수",,일반의약품,완제의약품,신고,제조,,,,,,,N,,,,,,Acetaminophen/Guaifenesin/Pseudoephedrine Hydrochloride/DL-Methylephedrine Hydrochloride/Dextromethorphan Hydrobromide Hydrate/Chlorpheniramine Maleate
202600364,코아세트정500밀리그램(아세트아미노펜),Coacet Tab. 500mg(Acetaminophen),(주)코아팜바이오,Corepharm Bio,2026-02-10,의약품,16,정상,,아세트아미노펜,"저치환도히드록시프로필셀룰로오스,미결정셀룰로오스,오파드라이흰색(03B28796),스테아르산마그네슘,콜로이드성이산화규소",,일반의약품,완제의약품,신고,제조,,,,,,,N,,,,,,Acetaminophen
200709557,코아펜정(수출용),Koapen Tab. (for export),한국코러스(주),"Hankook Korus Pharm. Co., Ltd",2007-08-17,의약품,207,정상,,아세트아미노펜/말레인산돔페리돈,"라우릴황산나트륨,저치환도히드록시프로필셀룰로오스,폴리에칠렌글리콜 400,미결정셀룰로오스,유당,카르복시메칠셀룰로오스 칼슘,산화티탄,탈크,전분글리콜산나트륨,스테아린산마그네슘,히드록시프로필셀룰로오스,히드록시프로필메칠셀룰로오스2910",,일반의약품,완제의약품,신고,제조,,,,,,,N,8806472016004,N02CX,,,,Acetaminophen/Domperidone Maleate
200300826,코애드에프정,Co Add-F Tab.,태극제약(주),"TAI GUK PHARM. Co., Ltd.",2003-06-11,의약품,180,유효기간만료,2024-01-01,아세트아미노펜/슈도에페드린염산염/클로르페니라민말레산염,"미결정셀룰로오스,유당수화물,히프로멜로오스혼합기제(11W430),스테아르산마그네슘,전분글리콜산나트륨,히드록시프로필셀룰로오스",,일반의약품,완제의약품,신고,제조,,,,,,,N,"8806448017509,8806448017516",R05X,,200300826,,Acetaminophen/Pseudoephedrine Hydrochloride/Chlorpheniramine Maleate
200001377,코애드정,Co-ad Tab,태극제약(주),"TAI GUK PHARM. Co., Ltd.",2000-11-21,의약품,112,정상,,아세트아미노펜/슈도에페드린염산염/클로르페니라민말레산염,"미결정셀룰로오스,유당수화물,스테아르산마그네슘,탤크,옥수수전분,전분글리콜산나트륨,히드록시프로필셀룰로오스",,일반의약품,완제의약품,신고,제조,,장방형,,,14.5,8.6,N,"8806448017608,8806448017615",R05X,,200001377,,Acetaminophen/Pseudoephedrine Hydrochloride/Chlorpheniramine Maleate
201204687,코오롱아세트아미노펜정500mg(아세트아미노펜)(수출용),Kolon Acetaminophen Tab. 500mg (Acetaminophen)(for export),코오롱제약(주),KOLON PHARMA,2012-05-16,의약품,5028,정상,,아세트아미노펜,"베타덱스,에틸셀룰로오스,스테비오사이드,유당수화물,폴리에틸렌글리콜6000,콜로이드성이산화규소,수크랄로스,카라멜향,스테아르산마그네슘,전호화전분,전분글리콜산나트륨",,일반의약품,완제의약품,신고,제조,,,,,,,N,"8806703035507,8806703035514",N02BE01,,,,Acetaminophen
200902740,코크린정,Co-clean Tablet,한솔신약(주),hansolpharm,2009-04-17,의약품,408,유효기간만료,2024-01-01,아세트아미노펜/슈도에페드린염산염/클로르페니라민말레산염,"프로필렌글리콜,미결정셀룰로오스,히프로멜로오스,유당수화물,산화티탄,스테아르산마그네슘,카르나우바납,카르복시메틸셀룰로오스칼슘,옥수수전분,전분글리콜산나트륨,히드록시프로필셀룰로오스",,일반의약품,완제의약품,신고,제조,,,,,,,N,"8806458026102,8806458026119",R05X,,200902740,,Acetaminophen/Pseudoephedrine Hydrochloride/Chlorpheniramine Maleate
201201600,코페민연질캡슐,Cophemin soft cap.,화일약품(주),"hwail pharam.co., ltd.",2012-03-14,의약품,5037,유효기간만료,2024-01-01,아세트아미노펜/클로르페니라민말레산염/수도에페드린염산염,"프로필렌글리콜,폴리에틸렌글리콜400,젤라틴,포비돈,정제수,솔비톨스페셜글리세린블렌드",,일반의약품,완제의약품,신고,제조,,,,,,,N,"8806845007202,8806845007219",R05X,,,,Acetaminophen/Chlorpheniramine Maleate/Pseudoephedrine Hydrochloride
198801643,"코푸레스정(수출용)(수출명:안티그립정,FLUFED, 시노피드정)",Sinopid Tab.,대화제약(주),"Daehwa Pharmaceutical Co., Ltd.",1988-02-29,의약품,88,정상,,슈도에페드린염산염/클로르페니라민말레산염/아세트아미노펜,"미결정셀룰로오스,유당수화물,스테아르산마그네슘,탤크,옥수수전분,전분글리콜산나트륨,히드록시프로필셀룰로오스",,일반의약품,완제의약품,신고,제조,,장방형,,,15.15,8.3,N,"8806456011704,8806456011711,8806456011728,8806456011735,8806456011742,8806456011759,8806456011766,8806456011773",R05X,,,,Pseudoephedrine Hydrochloride/Chlorpheniramine Maleate/Acetaminophen
201706608,코푸샷시럽,COUGHSHOT Syrup,(주)팜젠사이언스,"PharmGen Science, Inc.",2017-08-16,의약품,5111,정상,,아세트아미노펜/슈도에페드린염산염/펜톡시베린시트르산염/dl-메틸에페드린염산염/구아이페네신/카페인무수물,"벤조산나트륨,아스파탐,시트르산,염화나트륨,백당,에탄올(95),포비돈,에데트산나트륨수화물,시트르산나트륨수화물,잔탄검,적색 40호,수크랄로오스,아세설팜칼륨,농글리세린,레몬엣센스 75-BD,정제수",,일반의약품,완제의약품,신고,제조,,,,,,,N,"8806701041715,8806701041708,8806701041722",R05X,,201706608,,Acetaminophen/Pseudoephedrine Hydrochloride/Pentoxyverine Citrate/DL-Methylephedrine Hydrochloride/Guaifenesin/Anhydrous Caffeine
201900975,코푸콜드-에스액,,(주)한국신약,HANKOOKSHINYAK,2019-02-18,의약품,1090,정상,,향소산연조엑스[3.14→1]/아세트아미노펜/클로르페니라민말레산염,"벤조산나트륨,시트르산수화물,백당,수크랄로스,D-소르비톨액,정제수",,일반의약품,완제의약품,신고,제조,,,,,,,N,"8806550068604,8806550068611,8806550068628",R05X,,201900975,,Hyangsosan Soft Extract (3.14→1)/Acetaminophen/Chlorpheniramine Maleate
202203559,코프바로정,Kopbaro Tablet,한솔신약(주),hansolpharm,2022-09-14,의약품,5052,정상,,회향/감초/육계/길경/아세트아미노펜/dl-메틸에페드린염산염/슈도에페드린염산염/카페인무수물/구아이페네신/덱스트로메토르판브롬화수소산염,"이상 연조엑스로서,미결정셀룰로오스,유당수화물,탭쉴드주황색(11O347),스테아르산마그네슘,전분글리콜산나트륨,히드록시프로필셀룰로오스",,일반의약품,완제의약품,신고,제조,,,,,,,N,"8806458043406,8806458043413",R05X,,,,Fennel/Licorice/Cinnamon Bark/Platycodon Root/Acetaminophen/DL-Methylephedrine Hydrochloride/Pseudoephedrine Hydrochloride/Anhydrous Caffeine/Guaifenesin/Dextromethorphan Hydrobromide
200604411,코프엔드정,Coughend Tab,일양바이오팜(주),"IL-YANG BIOPHARM. CO., LTD.",2006-04-20,의약품,144,유효기간만료,2024-01-01,아세트아미노펜/수도에페드린염산염/클로르페니라민말레산염,"저치환도히드록시프로필셀룰로오스,미결정셀룰로오스,히프로멜로오스2910,폴리에틸렌글리콜6000,산화티탄,스테아르산마그네슘,카르복시메틸셀룰로오스칼슘,히드록시프로필셀룰로오스",,일반의약품,완제의약품,신고,제조,,,,,,,N,"8806732007407,8806966005101,8806732007414,8806966005118",R05X,,,,Acetaminophen/Pseudoephedrine Hydrochloride/Chlorpheniramine Maleate
202400941,콜감나이트연질캡슐,Colgam Night Soft Cap.,(주)알피바이오,RP Bio Inc.,2024-04-23,의약품,5311,정상,,아세트아미노펜/디펜히드라민염산염/슈도에페드린염산염/DL-메틸에페드린염산염/구아이페네신/덱스트로메토르판브롬화수소산염수화물/감초가루,"콩기름,레시틴,치자청색소,젤라틴,산화티탄,소르비톨 액(비결정성),황납,농글리세린",,일반의약품,완제의약품,신고,제조,,,,,,,N,"8806616057900,8806616057917",R05X,,,,Acetaminophen/Diphenhydramine Hydrochloride/Pseudoephedrine Hydrochloride/DL-Methylephedrine Hydrochloride/Guaifenesin/Dextromethorphan Hydrobromide Hydrate/Glycyrrhiza Powder
200607843,콜그린에이캡슐,Colgreen-A Cap.,명인제약(주),"MYUNG IN PHARM.CO.,LTD.",2006-09-27,의약품,224,정상,,아세트아미노펜/에텐자미드/카페인무수물/클로르페니라민말레산염/덱스트로메토르판브롬화수소산염수화물/푸르설티아민염산염/리보플라빈/dl-메틸에페드린염산염,"스테아르산마그네슘,옥수수전분,전분글리콜산나트륨,캡슐",,일반의약품,완제의약품,신고,제조,,장방형,,,19.1,6.63,N,"8806519019609,8806519019616,8806519019630",R05DA20,,200607843,,Acetaminophen/Ethenzamide/Anhydrous Caffeine/Chlorpheniramine Maleate/Dextromethorphan Hydrobromide Hydrate/Fursultiamine Hydrochloride/Riboflavin/DL-Methylephedrine Hydrochloride
202000699,콜노펜정,Colnopen Tab.,한국신텍스제약(주),KOREA SYNTEX PHARMACEUTICAL,2020-02-06,의약품,895,유효기간만료,2025-02-06,에페드린염산염/아세트아미노펜/카페인무수물,"황색5호,미결정셀룰로오스,유당수화물,포비돈,스테아르산마그네슘,전분글리콜산나트륨",,일반의약품,완제의약품,신고,제조,,,,,,,N,"8806230065909,8806230065916,8806230065923",R05X,,,,Ephedrine Hydrochloride/Acetaminophen/Anhydrous Caffeine
202400511,콜다나정,Coldana tablet,(주)와이에스생명과학,"YS Life Science Co., Ltd.",2024-03-11,의약품,19,정상,,아세트아미노펜 제피세립/카페인무수물,"마이크로셀락100,저치환도히드록시프로필셀룰로오스(LH-11),스테아르산마그네슘,히드록시프로필셀룰로오스",,일반의약품,완제의약품,신고,제조,,원형,,,9.6,9.6,N,"8800791000126,8800791000119,8800791000102",N02BE51,,202400511,,Microencapsulated Acetaminophen/Anhydrous Caffeine
202302835,콜대원나이트시럽,Coldaewon Night Syrup,대원제약(주),"Daewon Pharmaceutical Co., Ltd.",2023-09-27,의약품,5271,정상,,아세트아미노펜/덱스트로메토르판브롬화수소산염수화물/슈도에페드린염산염/독시라민숙신산염,"벤조산나트륨,프로필렌글리콜,포비돈K30,애플민트향(514165),D-소르비톨 액,레몬에센스(75-BD),자일리톨,염화나트륨,시트르산,수크랄로스,에데트산나트륨수화물,스테비온100에스,시트르산나트륨수화물,잔탄검,적색40호,농글리세린,아세설팜칼륨,정제수",,일반의약품,완제의약품,신고,제조,,,,,,,N,"8806718078216,8806718078209,8806718078223",R05X,,202302835,,Acetaminophen/Dextromethorphan Hydrobromide Hydrate/Pseudoephedrine Hydrochloride/Doxylamine Succinate
201603302,콜대원노즈에스시럽,Coldaewon Nose-S Syrup,대원제약(주),"Daewon Pharmaceutical Co., Ltd.",2016-06-09,의약품,5101,정상,,아세트아미노펜/클로르페니라민말레산염/카페인무수물/슈도에페드린염산염,"프로필렌글리콜,벤조산나트륨,포비돈 K30,D-소르비톨 액,자일리톨,염화나트륨,시트르산,수크랄로스,에데트산나트륨수화물,에탄올(95),잔탄검,스테비온100에스,시트르산나트륨수화물,적색40호,레몬에센스,아세설팜칼륨,농글리세린,애플민트향514165,정제수",,일반의약품,완제의약품,신고,제조,,,,,,,N,"8806718061003,8806718061027,8806718061010,8806718061034",R05X,,201603302,,Acetaminophen/Chlorpheniramine Maleate/Anhydrous Caffeine/Pseudoephedrine Hydrochloride
201905238,콜대원노즈에이시럽(수출용),Coldaewon Nose-S Syrup (for export),대원제약(주),"Daewon Pharmaceutical Co., Ltd.",2019-07-23,의약품,5196,취하,2023-09-25,아세트아미노펜/클로르페니라민말레산염/페닐레프린염산염,"프로필렌글리콜,벤조산나트륨,애플민트향(514165),D-소르비톨 액,자일리톨,염화나트륨,시트르산,수크랄로스,포비돈,에데트산나트륨수화물,잔탄검,스테비온100S,시트르산나트륨수화물,적색40호,레몬에센스,아세설팜칼륨,농글리세린,에탄올,정제수",,일반의약품,완제의약품,신고,제조,,,,,,,N,"8806718070203,8806718070210",R05X,,,,Acetaminophen/Chlorpheniramine Maleate/Phenylephrine Hydrochloride
202104201,콜대원노즈큐시럽,Coldaewon Nose-Q Syrup,대원제약(주),"Daewon Pharmaceutical Co., Ltd.",2021-05-27,의약품,5227,취하,2024-07-25,아세트아미노펜/슈도에페드린염산염/트리프롤리딘염산염수화물/카페인무수물,"프로필렌글리콜,벤조산나트륨,포비돈K30,애플민트향(514165),D-소르비톨 액,자일리톨,염화나트륨,시트르산,수크랄로스,에데트산나트륨수화물,잔탄검,스테비온100에스,시트르산나트륨수화물,적색40호,레몬에센스,농글리세린,아세설팜칼륨,정제수",,일반의약품,완제의약품,신고,제조,,,,,,,N,"8806718073709,8806718073723,8806718073716",R05X,,202104201,,Acetaminophen/Pseudoephedrine Hydrochloride/Triprolidine Hydrochloride Hydrate/Anhydrous Caffeine
202302925,콜대원노즈큐에스시럽,Coldaewon Nose-QS Syrup,대원제약(주),"Daewon Pharmaceutical Co., Ltd.",2023-10-16,의약품,5274,정상,,아세트아미노펜/카페인무수물/구아이페네신/슈도에페드린염산염/클로르페니라민말레산염,"프로필렌글리콜,벤조산나트륨,포비돈K30,애플민트향(514165),D-소르비톨 액,자일리톨,염화나트륨,시트르산,수크랄로스,에데트산나트륨수화물,스테비온100에스,시트르산나트륨수화물,잔탄검,적색40호,레몬에센스,농글리세린,아세설팜칼륨,정제수",,일반의약품,완제의약품,신고,제조,,,,,,,N,"8806718078308,8806718078315,8806718078322,8806718078339",R05X,,202302925,,Acetaminophen/Anhydrous Caffeine/Guaifenesin/Pseudoephedrine Hydrochloride/Chlorpheniramine Maleate
201503960,콜대원코프시럽,Coldaewon Cough Syrup,대원제약(주),"Daewon Pharmaceutical Co., Ltd.",2015-06-18,의약품,5083,유효기간만료,2025-06-18,아세트아미노펜/펜톡시베린시트르산염/dl-메틸에페드린염산염/구아이페네신/카페인무수물,"벤조산나트륨,염화나트륨,시트르산,백당,포비돈,에탄올(95),에데트산나트륨수화물,잔탄검,스테비온100에스,시트르산나트륨수화물,적색40호,수크랄로오스,농글리세린,오렌지엣센스#76-GS,정제수",,일반의약품,완제의약품,신고,제조,,,,,,,N,"8806718059505,8806718059512,8806718059529",R05X,,201503960,,Acetaminophen/Pentoxyverine Citrate/DL-Methylephedrine Hydrochloride/Guaifenesin/Anhydrous Caffeine
201603303,콜대원코프에스시럽,Coldaewon Cough-S Syrup,대원제약(주),"Daewon Pharmaceutical Co., Ltd.",2016-06-09,의약품,5102,정상,,아세트아미노펜/펜톡시베린시트르산염/dl-메틸에페드린염산염/구아이페네신/카페인무수물/슈도에페드린염산염,"프로필렌글리콜,벤조산나트륨,포비돈 K30,D-소르비톨 액,자일리톨,염화나트륨,시트르산,수크랄로스,에탄올(95),에데트산나트륨수화물,잔탄검,스테비온100에스,시트르산나트륨수화물,적색40호,레몬에센스,아세설팜칼륨,농글리세린,애플민트향514165,정제수",,일반의약품,완제의약품,신고,제조,,,,,,,N,"8806718061102,8806718061126,8806718061119",R05X,,201603303,,Acetaminophen/Pentoxyverine Citrate/DL-Methylephedrine Hydrochloride/Guaifenesin/Anhydrous Caffeine/Pseudoephedrine Hydrochloride
201905465,콜대원코프에이시럽(수출용),Coldaewon Cough-A Syrup (for export),대원제약(주),"Daewon Pharmaceutical Co., Ltd.",2019-08-01,의약품,5199,취하,2023-09-25,아세트아미노펜/에페드린염산염/구아이페네신,"벤조산나트륨,프로필렌글리콜,D-소르비톨 액,시트르산,자일리톨,염화나트륨,에데트산나트륨수화물,수크랄로스,포비돈,적색40호,시트르산나트륨수화물,스테비온100에스,잔탄검,레몬에센스,정제수,애플민트향514165,아세설팜칼륨,농글리세린,에탄올",,일반의약품,완제의약품,신고,제조,,,,,,,N,"8806718070401,8806718070418",R05X,,,,Acetaminophen/Ephedrine Hydrochloride/Guaifenesin
202104595,콜대원코프큐시럽,Coldaewon Cough-Q Syrup,대원제약(주),"Daewon Pharmaceutical Co., Ltd.",2021-06-15,의약품,5228,정상,,아세트아미노펜/덱스트로메토르판브롬화수소산염수화물/DL-메틸에페드린염산염/구아이페네신/카페인무수물,"프로필렌글리콜,벤조산나트륨,애플민트향(514165),D-소르비톨 액,자일리톨,염화나트륨,시트르산,수크랄로스,포비돈,에데트산나트륨수화물,잔탄검,스테비온100에스,시트르산나트륨수화물,적색40호,레몬에센스,농글리세린,아세설팜칼륨,정제수",,일반의약품,완제의약품,신고,제조,,,,,,,N,"8806718073600,8806718073624,8806718073617,8806718073631",R05X,,202104595,,Acetaminophen/Dextromethorphan Hydrobromide Hydrate/DL-Methylephedrine Hydrochloride/Guaifenesin/Anhydrous Caffeine
201503959,콜대원콜드시럽,Coldaewon Cold Syrup,대원제약(주),"Daewon Pharmaceutical Co., Ltd.",2015-06-18,의약품,5082,정상,,아세트아미노펜/클로르페니라민말레산염/펜톡시베린시트르산염/dl-메틸에페드린염산염/구아이페네신/카페인무수물,"벤조산나트륨,염화나트륨,시트르산,백당,포비돈,에탄올(95),에데트산나트륨수화물,잔탄검,스테비온100에스,시트르산나트륨수화물,적색40호,수크랄로오스,농글리세린,오렌지엣센스#76-GS,정제수",,일반의약품,완제의약품,신고,제조,,,,,,,N,"8806718059406,8806718059413,8806718059420,8806718059437",R05X,,201503959,,Acetaminophen/Chlorpheniramine Maleate/Pentoxyverine Citrate/DL-Methylephedrine Hydrochloride/Guaifenesin/Anhydrous Caffeine
201603301,콜대원콜드에스시럽,Coldaewon Cold-S Syrup,대원제약(주),"Daewon Pharmaceutical Co., Ltd.",2016-06-09,의약품,5100,정상,,아세트아미노펜/클로르페니라민말레산염/펜톡시베린시트르산염/dl-메틸에페드린염산염/구아이페네신/카페인무수물,"프로필렌글리콜,벤조산나트륨,포비돈 K30,D-소르비톨 액,자일리톨,염화나트륨,시트르산,수크랄로스,에탄올(95),에데트산나트륨수화물,잔탄검,스테비온100에스,시트르산나트륨수화물,적색40호,레몬에센스,아세설팜칼륨,농글리세린,애플민트향514165,정제수",,일반의약품,완제의약품,신고,제조,,,,,,,N,"8806718061201,8806718061225,8806718061218,8806718061232,8806718061249,8806718061256",R05X,,201603301,,Acetaminophen/Chlorpheniramine Maleate/Pentoxyverine Citrate/DL-Methylephedrine Hydrochloride/Guaifenesin/Anhydrous Caffeine
201905464,콜대원콜드에이시럽(수출용),Coldaewon Cold-A Syrup (for export),대원제약(주),"Daewon Pharmaceutical Co., Ltd.",2019-08-01,의약품,5198,취하,2023-09-25,아세트아미노펜/클로르페니라민말레산염/에페드린염산염/구아이페네신,"프로필렌글리콜,벤조산나트륨,D-소르비톨 액,염화나트륨,시트르산,자일리톨,수크랄로스,포비돈,에데트산나트륨수화물,적색40호,스테비온100에스,시트르산나트륨수화물,잔탄검,레몬에센스,애플민트향514165,아세설팜칼륨,농글리세린,에탄올,정제수",,일반의약품,완제의약품,신고,제조,,,,,,,N,"8806718070302,8806718070319",R05X,,,,Acetaminophen/Chlorpheniramine Maleate/Ephedrine Hydrochloride/Guaifenesin
202105006,콜대원콜드큐시럽,Coldaewon Cold-Q Syrup,대원제약(주),"Daewon Pharmaceutical Co., Ltd.",2021-07-01,의약품,5229,정상,,아세트아미노펜/클로르페니라민말레산염/덱스트로메토르판브롬화수소산염수화물/DL-메틸에페드린염산염/구아이페네신/카페인무수물,"프로필렌글리콜,벤조산나트륨,포비돈K30,애플민트향(514165),D-소르비톨 액,자일리톨,염화나트륨,시트르산,수크랄로스,에데트산나트륨수화물,잔탄검,스테비온100에스,시트르산나트륨수화물,적색40호,레몬에센스,농글리세린,아세설팜칼륨,정제수",,일반의약품,완제의약품,신고,제조,,,,,,,N,"8806718073501,8806718073525,8806718073518,8806718073532",R05X,,202105006,,Acetaminophen/Chlorpheniramine Maleate/Dextromethorphan Hydrobromide Hydrate/DL-Methylephedrine Hydrochloride/Guaifenesin/Anhydrous Caffeine
202007706,콜대원키즈콜드시럽,Coldaewon Kids Cold Syrup,대원제약(주),"Daewon Pharmaceutical Co., Ltd.",2020-11-10,의약품,5212,유효기간만료,2025-11-10,아세트아미노펜/클로르페니라민말레산염/덱스트로메토르판브롬화수소산염수화물/DL-메틸에페드린염산염/구아이페네신,"프로필렌글리콜,시트르산수화물,벤조산나트륨,딸기향(3104145),D-소르비톨 액,자일리톨,염화나트륨,수크랄로스,에데트산나트륨수화물,잔탄검,시트르산나트륨수화물,석류향(SH-09-0788),농글리세린,아세설팜칼륨,정제수",,일반의약품,완제의약품,신고,제조,,,,,,,N,"8806718071811,8806718071804,8806718071828",R05X,,202007706,,Acetaminophen/Chlorpheniramine Maleate/Dextromethorphan Hydrobromide Hydrate/DL-Methylephedrine Hydrochloride/Guaifenesin
202501659,콜대원키즈콜드에스시럽,Coldaewon kids cold S Syrup,대원제약(주),"Daewon Pharmaceutical Co., Ltd.",2025-07-03,의약품,5297,정상,,아세트아미노펜/클로르페니라민말레산염/덱스트로메토르판브롬화수소산염수화물/dl-메틸에페드린염산염/구아이페네신,"프로필렌글리콜,시트르산수화물,벤조산나트륨,딸기향(3104145),D-소르비톨 액,자일리톨,염화나트륨,수크랄로스,포비돈,에데트산나트륨수화물,잔탄검,스테비온100에스,시트르산나트륨수화물,석류향(SH-09-0788),농글리세린,아세설팜칼륨,정제수",,일반의약품,완제의약품,신고,제조,,,,,,,N,"8806718080424,8806718080400,8806718080417",R05X,,,,Acetaminophen/Chlorpheniramine Maleate/Dextromethorphan Hydrobromide Hydrate/DL-Methylephedrine Hydrochloride/Guaifenesin
201702784,콜대원키즈펜시럽(아세트아미노펜),Coldaewon Kidsfen Syrup,대원제약(주),"Daewon Pharmaceutical Co., Ltd.",2017-05-31,의약품,5129,정상,,아세트아미노펜,"프로필렌글리콜,벤조산나트륨,딸기향(3104145),시트르산,백당,수크랄로스,포비돈,미결정셀룰로오스 및 카르복시메틸셀룰로오스나트륨,잔탄검,D-소르비톨액,농글리세린,정제수",,일반의약품,완제의약품,신고,제조,,,,,,,N,"8806718064622,8806718064608,8806718064615",N02BE01,,201702784,,Acetaminophen
201206525,콜드디앤엔연질캡슐,Cold D&N Soft Cap.,신일제약(주),Sinil Pharm,2012-08-21,의약품,5029,유효기간만료,2024-01-01,아세트아미노펜/수도에페드린염산염/덱스트로메토르판브롬화수소산염수화물/구아이페네신/클로르페니라민말레산염,"프로필렌글리콜,락색소,폴리에틸렌글리콜400,솔비톨스페샬글리세린블렌드,젤라틴,포비돈,정제수",,일반의약품,완제의약품,신고,제조,,,,,,,N,"8806538047904,8806538047911",R05X,,201206525,,Acetaminophen/Pseudoephedrine Hydrochloride/Dextromethorphan Hydrobromide Hydrate/Guaifenesin/Chlorpheniramine Maleate
202203560,콜드바로정,Koldbaro Tablet,한솔신약(주),hansolpharm,2022-09-14,의약품,5053,정상,,회향/감초/육계/길경/아세트아미노펜/카페인무수물/클로르페니라민말레산염/dl-메틸에페드린염산염/구아이페네신/덱스트로메토르판브롬화수소산염,"이상 연조엑스로서,미결정셀룰로오스,유당수화물,스테아르산마그네슘,전분글리콜산나트륨,히드록시프로필셀룰로오스,탭쉴드노란색 (11Y429)",,일반의약품,완제의약품,신고,제조,,,,,,,N,"8806458043505,8806458043512",R05X,,,,Fennel/Licorice/Cinnamon Bark/Platycodon Root/Acetaminophen/Anhydrous Caffeine/Chlorpheniramine Maleate/DL-Methylephedrine Hydrochloride/Guaifenesin/Dextromethorphan Hydrobromide
202004238,콜드브레이크캡슐,Cold Brake Cap,알파제약(주),"Alpha Pharm. Co., Ltd.",2020-06-05,의약품,5047,정상,,아세트아미노펜/클로르페니라민말레산염/덱스트로메토르판브롬화수소산염수화물/구아이페네신,"캡슐(상부 연주황색, 하부 담황색),스테아르산마그네슘,탤크",,일반의약품,완제의약품,신고,제조,,장방형,,,18.8,6.2,N,"8806542025004,8806542025011",R05X,,202004238,,Acetaminophen/Chlorpheniramine Maleate/Dextromethorphan Hydrobromide Hydrate/Guaifenesin
201706578,콜드샷시럽,COLDSHOT Syrup,(주)팜젠사이언스,"PharmGen Science, Inc.",2017-08-14,의약품,5109,정상,,아세트아미노펜/클로르페니라민말레산염/펜톡시베린시트르산염/DL-메틸에페드린염산염/구아이페네신/카페인무수물,"벤조산나트륨,아스파탐,시트르산,염화나트륨,백당,에탄올(95),포비돈,에데트산나트륨수화물,시트르산나트륨수화물,잔탄검,적색40호,수크랄로오스,아세설팜칼륨,농글리세린,레몬엣센스 75-BD,정제수",,일반의약품,완제의약품,신고,제조,,,,,,,N,"8806701041913,8806701041906,8806701041920",R05X,,201706578,,Acetaminophen/Chlorpheniramine Maleate/Pentoxyverine Citrate/DL-Methylephedrine Hydrochloride/Guaifenesin/Anhydrous Caffeine
200904115,콜드아웃정(수출용),Coldout Tablet,(주)동구바이오제약,"DongKoo Bio&Pharma Co., Ltd.",2009-06-11,의약품,582,정상,,아세트아미노펜/말레인산브롬페니라민/염산슈도에페드린,"미결정셀룰로오스,히프로멜로오스,폴리에틸렌글리콜6000,트리아세틴,유당수화물,산화티탄,크로스카멜로오스나트륨,포비돈,스테아르산마그네슘,히드록시프로필셀룰로오스,식약청인정타르색소",,일반의약품,완제의약품,신고,제조,,,,,,,N,8806573046801,R05X,,,,Acetaminophen/Brompheniramine Maleate/Pseudoephedrine Hydrochloride
201207707,콜드앤플루나이트타임시럽(수출용),Cold & Flu Night time Syrup,맥널티제약(주),"McNulty Pharma, Co., LTD.",2012-11-06,마약류,6,정상,,아세트아미노펜/덱스트로메토르판브롬화수소산염수화물/독시라민숙신산염,"프로필렌글리콜,시트르산수화물,사카린나트륨수화물,페퍼민트향 HF-313907,폴리에틸렌글리콜400,메틸파라벤,고과당,염화나트륨,황색 4호,프로필파라벤,체리후레바,에탄올(95),시트르산나트륨수화물,L-멘톨,적색 40호,청색 1호,녹색3호,아세설팜칼륨,정제수,농글리세린",,전문의약품,완제의약품,허가,제조,향정,,,,,,N,8806415016405,N02BE51,,,,Acetaminophen/Dextromethorphan Hydrobromide Hydrate/Doxylamine Succinate
201207708,콜드앤플루나이트타임시럽(수출용),Cold & Flu Night time Syrup,맥널티제약(주),"McNulty Pharma, Co., LTD.",2012-11-06,마약류,6,정상,,아세트아미노펜/덱스트로메토르판브롬화수소산염수화물/독시라민숙신산염,"프로필렌글리콜,시트르산수화물,사카린나트륨수화물,페퍼민트향 HF-313907,폴리에틸렌글리콜400,메틸파라벤,고과당,염화나트륨,황색 4호,프로필파라벤,체리후레바,에탄올(95),시트르산나트륨수화물,L-멘톨,적색 40호,청색 1호,녹색3호,아세설팜칼륨,정제수,농글리세린",,전문의약품,완제의약품,허가,수출,향정,,,,,,N,"8806415016306,8806415016313,8806415016320,8806415016337,8806415016344",N02BE51,,,,Acetaminophen/Dextromethorphan Hydrobromide Hydrate/Doxylamine Succinate
200711314,콜드앤플루데이타임시럽(수출용),Cold & Flu Daytime Syrup,맥널티제약(주),"McNulty Pharma, Co., LTD.",2007-10-12,마약류,1,정상,,아세트아미노펜/덱스트로메토르판브롬화수소산염수화물/페닐레프린염산염,"프로필렌글리콜,시트르산수화물,사카린나트륨수화물,황색5호,폴리에틸렌글리콜400,메틸파라벤,염화나트륨,프로필파라벤,시트르산나트륨수화물,잔탄검,L-멘톨,D-소르비톨액,농글리세린,정제수",,전문의약품,완제의약품,허가,제조,향정,,,,,,N,"8806415007304,8806415007311",N02BE51,,,,Acetaminophen/Dextromethorphan Hydrobromide Hydrate/Phenylephrine Hydrochloride
200711312,콜드앤플루데이타임시럽(수출용),Cold & Flu Daytime Syrup,맥널티제약(주),"McNulty Pharma, Co., LTD.",2007-10-12,마약류,1,정상,,아세트아미노펜/덱스트로메토르판브롬화수소산염수화물/페닐레프린염산염,"프로필렌글리콜,시트르산수화물,사카린나트륨수화물,황색5호,폴리에틸렌글리콜400,메틸파라벤,염화나트륨,프로필파라벤,시트르산나트륨수화물,잔탄검,L-멘톨,D-소르비톨액,농글리세린,정제수",,전문의약품,완제의약품,허가,수출,향정,,,,,,N,"8806415007205,8806415007212,8806415007229,8806415007236",N02BE51,,,,Acetaminophen/Dextromethorphan Hydrobromide Hydrate/Phenylephrine Hydrochloride
202300670,콜드엔정,Cold N Tab.,(주)대웅제약,Daewoong Pharmaceuticals,2023-02-23,의약품,5280,정상,,아세트아미노펜/슈도에페드린염산염/dl-메틸에페드린염산염/덱스트로메토르판브롬화수소산염수화물/클로르페니라민말레산염,"미결정셀룰로오스,코포비돈,크로스카멜로오스나트륨,스테아르산마그네슘,오파드라이 블루(80W40502),카르나우바납,경질무수규산,히드록시프로필셀룰로오스",,일반의약품,완제의약품,신고,제조,,원형,,,9.1,9.1,N,"8806416078303,8806416078310",R05X,,202300670,,Acetaminophen/Pseudoephedrine Hydrochloride/DL-Methylephedrine Hydrochloride/Dextromethorphan Hydrobromide Hydrate/Chlorpheniramine Maleate
202300200,콜드원에프캡슐,Coldwoon F Cap.,원광제약(주),WONKWANG PHARMACEUTICAL CORPORATION,2023-01-11,의약품,336,정상,,갈근/감초/건강/육계/대추/마황/작약/아세트아미노펜/아스코르브산/리보플라빈/벤포티아민,"유당수화물,콜로이드성이산화규소,스테아르산마그네슘,옥수수전분,캡슐",,일반의약품,완제의약품,신고,제조,,장방형,,,21.2,7.1,N,"8806626012906,8806626012913",R05X,,202300200,,Pueraria Root/Licorice/Ginger/Cinnamon Bark/Jujube/Ephedra Herb/Peony Root/Acetaminophen/Ascorbic Acid/Riboflavin/Benfotiamine
201901541,콜드윈시럽,COLDWIN SYRUP,(주)씨엠지제약,"CMG Pharmaceutical Co., Ltd",2019-03-13,의약품,5130,정상,,아세트아미노펜/dl-메틸에페드린염산염/구아이페네신/디펜히드라민염산염,"시트르산수화물,프로필렌글리콜,이성화당,메틸파라벤,수크랄로스,프로필파라벤,시트르산나트륨수화물,조합향료(포도향BG1-3611),조합향료(허니향51866),정제수",,일반의약품,완제의약품,신고,제조,,,,,,,N,"8806486037408,8806486037415,8806486037422",R05X,,201901541,,Acetaminophen/DL-Methylephedrine Hydrochloride/Guaifenesin/Diphenhydramine Hydrochloride
202302897,콜드치올액,Coldthiol Solution,경진제약(주),"Kyungjin Pharm.Co.,Ltd.",2023-10-11,의약품,5119,정상,,갈근/감초/건강/육계/대추/마황/작약/아세트아미노펜,"벤조산나트륨,시트르산수화물,아스파탐,시트르산나트륨수화물,카르복시메틸셀룰로오스나트륨,정제수",,일반의약품,완제의약품,신고,제조,,,,,,,N,,,,,,Pueraria Root/Licorice/Ginger/Cinnamon Bark/Jujube/Ephedra Herb/Peony Root/Acetaminophen
200703357,콜드큐정,Cold-Q Tab.,(주)서흥,"Suheung Co., Ltd.",2007-03-23,의약품,131,유효기간만료,2024-01-01,아세트아미노펜/슈도에페드린염산염/클로르페니라민말레산염,"프로필렌글리콜,미결정셀룰로오스,히프로멜로오스,유당수화물,산화티탄,스테아르산마그네슘,카르나우바납,카르복시메틸셀룰로오스칼슘,옥수수전분,전분글리콜산나트륨,히드록시프로필셀룰로오스",,일반의약품,완제의약품,신고,제조,,,,,,,N,"8806796002905,8806796002912,8806796002929",R05X,,200703357,,Acetaminophen/Pseudoephedrine Hydrochloride/Chlorpheniramine Maleate
202300014,콜드킴정,ColdKim Tab.,(주)킴스제약,"KIMS Pharmaceutical Co., Ltd.",2023-01-02,의약품,5100,정상,,아세트아미노펜/에페드린염산염/카페인무수물,"청색1호(브릴리안트블루FCF),황색4호(타르트라진),유당수화물,스테아르산마그네슘,경질무수규산,전분글리콜산나트륨,히드록시프로필셀룰로오스",,일반의약품,완제의약품,신고,제조,,,,,,,N,"8800596007207,8800596007214,8800596007221",R05X,,,,Acetaminophen/Ephedrine Hydrochloride/Anhydrous Caffeine
202107846,콜드팡시럽,ColdPang Syrup,코오롱제약(주),KOLON PHARMA,2021-12-08,의약품,5155,정상,,아세트아미노펜/DL-메틸에페드린염산염/클로르페니라민말레산염/카페인무수물/구아이페네신/티페피딘시트르산염,"프로필렌글리콜,시트르산수화물,벤조산나트륨,조합향료(애플민트향HF-315370),포비돈 K-30,스테비올배당체,폴리에틸렌글리콜400,레몬에센스(75-BD),자일리톨,에데트산나트륨수화물,수크랄로스,잔탄검,적색 40호,D-소르비톨액(70%),농글리세린,정제수",,일반의약품,완제의약품,신고,제조,,,,,,,N,"8806703047821,8806703047814,8806703047807",R05X,,202107846,,Acetaminophen/DL-Methylephedrine Hydrochloride/Chlorpheniramine Maleate/Anhydrous Caffeine/Guaifenesin/Tipepidine Citrate
202303363,콜드팡코프시럽,COLDPANGCOUGH SYR,코오롱제약(주),KOLON PHARMA,2023-12-19,의약품,5166,정상,,아세트아미노펜/카페인무수물/구아이페네신/DL-메틸에페드린염산염/덱스트로메토르판브롬화수소산염수화물,"프로필렌글리콜,시트르산수화물,벤조산나트륨,자일리톨,포비돈,수크랄로스,조합향료(복숭아향16(HF-BA12057)),시트르산나트륨수화물,잔탄검,적색40호,D-소르비톨액,농글리세린,정제수",,일반의약품,완제의약품,신고,제조,,,,,,,N,"8806703049108,8806703049115,8806703049122",R05X,,202303363,,Acetaminophen/Anhydrous Caffeine/Guaifenesin/DL-Methylephedrine Hydrochloride/Dextromethorphan Hydrobromide Hydrate
201706150,콜드페드시럽(수출용),Coldfed Syrup(For export),(주)한국파마,"KOREA PHARMA Co., Ltd.",2017-07-24,의약품,5115,정상,,아세트아미노펜/클로르페니라민말레산염/덱스트로메토르판브롬화수소산염수화물/dl-메틸에페드린염산염/구아이페네신/티아민질산염/리보플라빈,"시트르산수화물,베타덱스,메틸파라벤,조합향료(체리향 SK-97925),프로필파라벤,백당,시트르산나트륨수화물,효소처리스테비아,농글리세린,정제수",,일반의약품,완제의약품,신고,제조,,,,,,,N,"8806530059516,8806530059509",R05X,,,,Acetaminophen/Chlorpheniramine Maleate/Dextromethorphan Hydrobromide Hydrate/DL-Methylephedrine Hydrochloride/Guaifenesin/Thiamine Nitrate/Riboflavin
201708199,콜드펜노즈연질캡슐,Cold-Phen Nose Soft Capsule,동국제약(주),"Dongkook Pharmaceutical Co.,Ltd.",2017-11-30,의약품,467,정상,,아세트아미노펜/슈도에페드린염산염/dl-메틸에페드린염산염/덱스트로메토르판브롬화수소산염수화물/트리프롤리딘염산염수화물,"프로필렌글리콜,심황색소,폴리에틸렌글리콜400,젤라틴,포비돈,정제수,소르비톨 소르비탄액",,일반의약품,완제의약품,신고,제조,,타원형,,,15.38,9.43,N,"8806534039309,8806534039316",R05X,,201708199,,Acetaminophen/Pseudoephedrine Hydrochloride/DL-Methylephedrine Hydrochloride/Dextromethorphan Hydrobromide Hydrate/Triprolidine Hydrochloride Hydrate
201708198,콜드펜연질캡슐,Cold-Phen Soft Capsule,동국제약(주),"Dongkook Pharmaceutical Co.,Ltd.",2017-11-30,의약품,466,정상,,아세트아미노펜/구아이페네신/슈도에페드린염산염/dl-메틸에페드린염산염/덱스트로메토르판브롬화수소산염수화물/트리프롤리딘염산염수화물,"프로필렌글리콜,폴리에틸렌글리콜400,젤라틴,포비돈,안나토색소,정제수,소르비톨 소르비탄액",,일반의약품,완제의약품,신고,제조,,타원형,,,15.65,9.5,N,"8806534039415,8806534039408",R05X,,201708198,,Acetaminophen/Guaifenesin/Pseudoephedrine Hydrochloride/DL-Methylephedrine Hydrochloride/Dextromethorphan Hydrobromide Hydrate/Triprolidine Hydrochloride Hydrate
201708197,콜드펜코프연질캡슐,Cold-Phen Cough Soft Capsule,동국제약(주),"Dongkook Pharmaceutical Co.,Ltd.",2017-11-30,의약품,465,정상,,아세트아미노펜/구아이페네신/노스카핀염산염수화물/덱스트로메토르판브롬화수소산염수화물/트리프롤리딘염산염수화물,"프로필렌글리콜,치자청색소,폴리에틸렌글리콜400,젤라틴,포비돈,정제수,소르비톨 소르비탄액",,일반의약품,완제의약품,신고,제조,,타원형,,,14.99,9.73,N,"8806534039514,8806534039507",R05X,,201708197,,Acetaminophen/Guaifenesin/Noscapine Hydrochloride Hydrate/Dextromethorphan Hydrobromide Hydrate/Triprolidine Hydrochloride Hydrate
202102406,콜드프리키드시럽(수출용),Coldfree-Kid Syrup(Export Usage),(주)퍼슨,"Firson Co., Ltd.",2021-03-17,의약품,5137,정상,,아세트아미노펜/덱스트로메토르판브롬화수소산염수화물/클로르페니라민말레산염/dl-메틸에페드린염산염/구아이페네신/티아민질산염/리보플라빈,"시트르산수화물,베타덱스,메틸파라벤,프로필파라벤,백당,체리후레바,시트르산나트륨수화물,효소처리스테비아,농글리세린,정제수",,일반의약품,완제의약품,신고,제조,,,,,,,N,"8806574017503,8806574017510",R05X,,,,Acetaminophen/Dextromethorphan Hydrobromide Hydrate/Chlorpheniramine Maleate/DL-Methylephedrine Hydrochloride/Guaifenesin/Thiamine Nitrate/Riboflavin
200103916,콜드플러스캡슐,,(주)넥스팜코리아,nexpharm korea,2001-10-25,의약품,149,유효기간만료,2024-01-01,아세트아미노펜/클로르페니라민말레산염/클로페라스틴염산염/dl-메틸에페드린염산염/카페인무수물/세라티오펩티다제/티아민질산염/리보플라빈,"유당수화물,젤라틴,캡슐(상부-주황, 하부-흰색),옥수수전분,히프로멜로오스프탈레이트,히드록시프로필셀룰로오스",,일반의약품,완제의약품,신고,제조,,,,,,,N,"8806625016202,8806625016219",R05X,,,,Acetaminophen/Chlorpheniramine Maleate/Cloperastine Hydrochloride/DL-Methylephedrine Hydrochloride/Anhydrous Caffeine/Serratiopeptidase/Thiamine Nitrate/Riboflavin
199500507,콜디에스시럽,Coldy S Syrup,삼일제약(주),"Samil Pharm. Co., Ltd.",1995-03-21,의약품,85,유효기간만료,2024-01-01,아세트아미노펜/클로르페니라민말레산염/덱스트로메토르판브롬화수소산염수화물/dl-메틸에페드린염산염,"벤조산나트륨,백당,포비돈,딸기향,D-소르비톨액,히드록시에틸셀룰로오스,파라옥시벤조산메틸,정제수",,일반의약품,완제의약품,신고,제조,,,,,,,N,"8806439014500,8806439014517,8806439014524",R05X,,199500507,,Acetaminophen/Chlorpheniramine Maleate/Dextromethorphan Hydrobromide Hydrate/DL-Methylephedrine Hydrochloride
202202409,콜록노즈연질캡슐,Cold-Lock Nose Soft capsule,(주)녹십자,GC Biopharma Corp.,2022-06-10,의약품,5174,정상,,아세트아미노펜/슈도에페드린염산염/클로르페니라민말레산염,"프로필렌글리콜,심황색소,폴리에틸렌글리콜400,젤라틴,포비돈,소르비톨소르비탄 액,정제수",,일반의약품,완제의약품,신고,제조,,타원형,,,14.9,10.8,N,"8800551027301,8806436066502,8800551027318,8806436066519",R05X,,202202409,,Acetaminophen/Pseudoephedrine Hydrochloride/Chlorpheniramine Maleate
202203176,콜록종합연질캡슐,Cold-Lock total Soft capsule,(주)녹십자,GC Biopharma Corp.,2022-08-02,의약품,5177,정상,,아세트아미노펜/구아이페네신/슈도에페드린염산염/덱스트로메토르판브롬화수소산염수화물/클로르페니라민말레산염/dl-메틸에페드린염산염,"프로필렌글리콜,폴리에틸렌글리콜400,젤라틴,포비돈,안나토색소,정제수,소르비톨 소르비탄액",,일반의약품,완제의약품,신고,제조,,타원형,,,14.7,10.6,N,"8800551027400,8806436066304,8800551027417,8806436066311",R05X,,202203176,,Acetaminophen/Guaifenesin/Pseudoephedrine Hydrochloride/Dextromethorphan Hydrobromide Hydrate/Chlorpheniramine Maleate/DL-Methylephedrine Hydrochloride
202203177,콜록코프연질캡슐,Cold-Lock cough Soft capsule,(주)녹십자,GC Biopharma Corp.,2022-08-02,의약품,5176,정상,,아세트아미노펜/구아이페네신/덱스트로메토르판브롬화수소산염수화물/dl-메틸에페드린염산염,"프로필렌글리콜,치자청색소,폴리에틸렌글리콜400,젤라틴,포비돈,정제수,소르비톨 소르비탄액",,일반의약품,완제의약품,신고,제조,,타원형,,,14.9,10.8,N,"8800551027509,8806436066403,8800551027516,8806436066410",R05X,,202203177,,Acetaminophen/Guaifenesin/Dextromethorphan Hydrobromide Hydrate/DL-Methylephedrine Hydrochloride
202302414,콜록콜드시럽,Col Lock Cold Syrup,(주)녹십자,GC Biopharma Corp.,2023-08-11,의약품,5175,정상,,아세트아미노펜/클로르페니라민말레산염/DL-메틸에페드린염산염/구아이페네신/카페인무수물/티페피딘히벤즈산염,"프로필렌글리콜,시트르산수화물,벤조산나트륨,애플민트향(514165),D-소르비톨 액,자일리톨,염화나트륨,수크랄로스,에데트산나트륨수화물,포비돈,효소처리스테비아,잔탄검,시트르산나트륨수화물,오렌지에센스(B-4515),적색40호,아세설팜칼륨,농글리세린,정제수",,일반의약품,완제의약품,신고,제조,,,,,,,N,"8806436066205,8806436066229,8806436066212",R05X,,,,Acetaminophen/Chlorpheniramine Maleate/DL-Methylephedrine Hydrochloride/Guaifenesin/Anhydrous Caffeine/Tipepidine Hibenzate
202400752,콜록키즈펜시럽(아세트아미노펜),cold-lock kidspen syrup,(주)녹십자,GC Biopharma Corp.,2024-04-03,의약품,5181,정상,,아세트아미노펜,"프로필렌글리콜,벤조산나트륨,시트르산수화물,딸기향(3104145),D-소르비톨 액,에데트산나트륨수화물,수크랄로스,백당,미결정셀룰로오스·카르복시메틸셀룰로오스나트륨,잔탄검,농글리세린,조합향료(체리후레바(6009)),정제수",,일반의약품,완제의약품,신고,제조,,,,,,,N,"8806436066908,8806436066922,8806436066915",N02BE01,,202400752,,Acetaminophen
200810999,"콜맥에스시럽(딸기향,포도향)",ColMac-S Syrup,맥널티제약(주),"McNulty Pharma, Co., LTD.",2008-11-14,의약품,367,정상,,아세트아미노펜/클로르페니라민말레산염/덱스트로메토르판브롬화수소산염수화물/dl-메틸에페드린염산염,"벤조산나트륨,시트르산수화물,딸기향47,프로필렌글리콜,메틸파라벤,딸기향 3104145,고과당,에데트산나트륨수화물,백당,수크랄로스,포비돈,시트르산나트륨수화물,D-소르비톨액,그레이프엣센스에프-723,아세설팜칼륨,정제수",,일반의약품,완제의약품,신고,제조,,,,,,,N,"8806415008202,8806415008219,8806415008226,8806415008240,8806415008264,8806415008257,8806415008271",R05X,,200810999,,Acetaminophen/Chlorpheniramine Maleate/Dextromethorphan Hydrobromide Hydrate/DL-Methylephedrine Hydrochloride
202302470,콜맥콜드시럽,ColMac-Cold Syrup,맥널티제약(주),"McNulty Pharma, Co., LTD.",2023-08-21,의약품,544,취하,2024-01-22,아세트아미노펜/덱스트로메토르판브롬화수소산염수화물/dl-메틸에페드린염산염/구아이페네신/카페인무수물/클로르페니라민말레산염,"시트르산수화물,프로필렌글리콜,딸기향47,포비돈K30,딸기향(3104145),파라옥시벤조산프로필,글리세린,백당,수크랄로스,시트르산나트륨수화물,잔탄검,파라옥시벤조산메틸,D-소르비톨액(70%),아세설팜칼륨,정제수",,일반의약품,완제의약품,신고,제조,,,,,,,N,"8806415030401,8806415030418,8806415030425",R05X,,,,Acetaminophen/Dextromethorphan Hydrobromide Hydrate/DL-Methylephedrine Hydrochloride/Guaifenesin/Anhydrous Caffeine/Chlorpheniramine Maleate
202400274,콜맥콜드시럽,ColMac-Cold Syrup,맥널티제약(주),"McNulty Pharma, Co., LTD.",2024-02-06,의약품,547,정상,,아세트아미노펜/덱스트로메토르판브롬화수소산염수화물/dl-메틸에페드린염산염/구아이페네신/카페인무수물/클로르페니라민말레산염,"시트르산수화물,프로필렌글리콜,딸기향47,딸기향(3104145),메틸파라벤,글리세린,프로필파라벤,백당,수크랄로스,포비돈,시트르산나트륨수화물,잔탄검,D-소르비톨액,아세설팜칼륨,정제수",,일반의약품,완제의약품,신고,제조,,,,,,,N,,,,,,Acetaminophen/Dextromethorphan Hydrobromide Hydrate/DL-Methylephedrine Hydrochloride/Guaifenesin/Anhydrous Caffeine/Chlorpheniramine Maleate
201802693,콜민코연질캡슐,Colminco Soft capsule,코스맥스파마(주),"COSMAX PHARMA CO., LTD.",2018-06-28,의약품,5135,정상,,아세트아미노펜/슈도에페드린염산염/클로르페니라민말레산염,"프로필렌글리콜,폴리에틸렌글리콜400,젤라틴,포비돈,황색203호,정제수,소르비톨 소르비탄액,청색1호",,일반의약품,완제의약품,신고,제조,,타원형,,,20.0,9.3,N,"8800540008908,8800551019306,8800540008922,8800551019313,8800540008915,8800551019320",R05X,,201802693,,Acetaminophen/Pseudoephedrine Hydrochloride/Chlorpheniramine Maleate
201802694,콜민코프연질캡슐,Colmincogh Soft capsule,코스맥스파마(주),"COSMAX PHARMA CO., LTD.",2018-06-28,의약품,5136,정상,,아세트아미노펜/구아이페네신/덱스트로메토르판브롬화수소산염수화물/dl-메틸에페드린염산염,"프로필렌글리콜,폴리에틸렌글리콜400,젤라틴,포비돈,적색40호,정제수,소르비톨 소르비탄액,청색1호",,일반의약품,완제의약품,신고,제조,,타원형,,,19.6,9.1,N,"8800540009004,8800551020708,8800540009011,8800551020715,8800540009028,8800551020722",R05X,,201802694,,Acetaminophen/Guaifenesin/Dextromethorphan Hydrobromide Hydrate/DL-Methylephedrine Hydrochloride
201802695,콜민콜드연질캡슐,Colmin cold Soft capsule,코스맥스파마(주),"COSMAX PHARMA CO., LTD.",2018-06-28,의약품,5137,정상,,아세트아미노펜/구아이페네신/슈도에페드린염산염/덱스트로메토르판브롬화수소산염수화물/클로르페니라민말레산염/dl-메틸에페드린염산염,"프로필렌글리콜,폴리에틸렌글리콜400,젤라틴,포비돈,적색40호,정제수,소르비톨 소르비탄액,청색1호",,일반의약품,완제의약품,신고,제조,,타원형,,,20.3,9.7,N,"8800540009103,8800551020401,8800540009127,8800551020418,8800540009110,8800551020425",R05X,,201802695,,Acetaminophen/Guaifenesin/Pseudoephedrine Hydrochloride/Dextromethorphan Hydrobromide Hydrate/Chlorpheniramine Maleate/DL-Methylephedrine Hydrochloride
200302254,콜바스타에프정,Coldbuster-F Tab.,삼익제약(주),"Samik Pharmaceutical Co., Ltd.",2003-10-28,의약품,262,유효기간만료,2024-01-01,아세트아미노펜/수도에페드린염산염/클로르페니라민말레산염,"프로필렌글리콜,유당수화물,폴리에틸렌글리콜6000,산화티탄,황색5호레이크,스테아르산마그네슘,히프로멜로오스 2910,포비돈,카르복시메틸셀룰로오스칼슘,크로스카멜로스소디움,탤크,전분글리콜산나트륨,히드록시프로필셀룰로오스",,일반의약품,완제의약품,신고,제조,,,,,,,N,"8806440016500,8806440016517",R05X,,200302254,,Acetaminophen/Pseudoephedrine Hydrochloride/Chlorpheniramine Maleate
200400635,콜벤에프캡슐(수출용),Colben F Cap.,(주)마더스제약,MOTHER'S PHARMACEUTICAL.,2004-08-25,의약품,105,정상,,아세트아미노펜/카페인무수물/dl-메틸에페드린염산염/클로페라스틴염산염/티아민질산염/세라티오펩티다제/리보플라빈/클로르페니라민말레산염,"메칠렌클로라이드,유당수화물,폴리에틸렌글리콜6000,스테아르산마그네슘,탈크,에탄올(95),경질무수규산,히프로멜로오스프탈레이트,히드록시프로필셀룰로오스,(상)적색(하)백색캡슐",,일반의약품,완제의약품,신고,제조,,장방형,,,19.10,6.63,N,"8806228009106,8806552011202,8806552011219",R05X,,,,Acetaminophen/Anhydrous Caffeine/DL-Methylephedrine Hydrochloride/Cloperastine Hydrochloride/Thiamine Nitrate/Serratiopeptidase/Riboflavin/Chlorpheniramine Maleate
200710427,콜스탑연질캡슐,Colstop Soft Cap.,(주)알피바이오,RP Bio Inc.,2007-09-12,의약품,377,정상,,아세트아미노펜/구아이페네신/클로르페니라민말레산염/슈도에페드린염산염/덱스트로메토르판브롬화수소산염수화물,"프로필렌글리콜,황색5호,폴리에틸렌글리콜400,젤라틴,포비돈,소르비톨스페셜글리세린블렌드,정제수,청색1호",,일반의약품,완제의약품,신고,제조,,장방형,,,24.8,9.9,N,"8806616015801,8806616015818",R05X,,200710427,,Acetaminophen/Guaifenesin/Chlorpheniramine Maleate/Pseudoephedrine Hydrochloride/Dextromethorphan Hydrobromide Hydrate
201206362,콜싹에스캡슐(수출용),Colben F Cap.,(주)마더스제약,MOTHER'S PHARMACEUTICAL.,2012-08-02,의약품,369,정상,,아세트아미노펜/구아이페네신/dl-메틸에페드린염산염/덱스트로메토르판브롬화수소산염수화물/클로르페니라민말레산염/카페인무수물,"유당수화물,스테아르산마그네슘,상부청색, 하부흰색의 캡슐,경질무수규산,전분글리콜산나트륨",,일반의약품,완제의약품,신고,제조,,,,,,,N,8806228012502,R05X,,,,Acetaminophen/Guaifenesin/DL-Methylephedrine Hydrochloride/Dextromethorphan Hydrobromide Hydrate/Chlorpheniramine Maleate/Anhydrous Caffeine
201206361,콜싹에프캡슐(수출용),Coldssac S Cap.,(주)마더스제약,MOTHER'S PHARMACEUTICAL.,2012-08-02,의약품,368,정상,,아세트아미노펜/구아이페네신/슈도에페드린염산염/덱스트로메토르판브롬화수소산염수화물,"상 하부 흰색의 캡슐,유당수화물,스테아르산마그네슘,경질무수규산,전분글리콜산나트륨",,일반의약품,완제의약품,신고,제조,,,,,,,N,8806228012403,R05X,,,,Acetaminophen/Guaifenesin/Pseudoephedrine Hydrochloride/Dextromethorphan Hydrobromide Hydrate
199301218,콜쓰리시럽,Colthree syrup,(주)보령,"Boryung Co., Ltd.",1993-08-03,의약품,92,유효기간만료,2024-01-01,갈근탕연조엑스(3->1)/아세트아미노펜/클로르페니라민말레산염/덱스트로메토르판브롬화수소산염수화물/카페인무수물,"시트르산수화물,벤조산나트륨,딸기 후레바,염화나트륨,백당,카르복시메틸셀룰로오스 나트륨,시트르산나트륨수화물,적색 40호,파인애플 후레바,농글리세린,정제수",,일반의약품,완제의약품,신고,제조,,,,,,,N,"8806419026202,8806419026219",R05X,,199301218,,Galgeuntang Soft Extract (3→1)/Acetaminophen/Chlorpheniramine Maleate/Dextromethorphan Hydrobromide Hydrate/Anhydrous Caffeine
200702093,콜앤비타에프캡슐,Col & Vita Q Cap.,광동제약(주),"Kwangdong Pharm Co., Ltd.",2007-02-15,의약품,5006,유효기간만료,2024-01-01,아세트아미노펜/에텐자미드/카페인무수물/덱스트로메토르판브롬화수소산염수화물/dl-메틸에페드린염산염/클로르페니라민말레산염/티아민질산염/리보플라빈,"크로스포비돈,유당수화물,스테아르산마그네슘,경질무수규산,캡슐",,일반의약품,완제의약품,신고,제조,,,,,,,N,"8806418030101,8806418030118,8806418030125",R05FA01,,,,Acetaminophen/Ethenzamide/Anhydrous Caffeine/Dextromethorphan Hydrobromide Hydrate/DL-Methylephedrine Hydrochloride/Chlorpheniramine Maleate/Thiamine Nitrate/Riboflavin
201802154,콜제로연질캡슐,Col Zero Soft Cap.,메딕스제약(주),"Medix Pharm. CO.,LTD",2018-05-24,의약품,210,유효기간만료,2023-05-24,아세트아미노펜/클로르페니라민말레산염/덱스트로메토르판브롬화수소산염수화물/슈도에페드린염산염/구아이페네신,"프로필렌글리콜,부분탈수액상소르비톨,폴리에틸렌글리콜400,젤라틴,포비돈,적색40호,정제수,청색1호",,일반의약품,완제의약품,신고,제조,,,,,,,N,"8806636074505,8806636074512",R05X,,201802154,,Acetaminophen/Chlorpheniramine Maleate/Dextromethorphan Hydrobromide Hydrate/Pseudoephedrine Hydrochloride/Guaifenesin
200003488,콜콜에스캡슐,Colcol-S Cap.,조아제약(주),"Cho-a pharm.co.,ltd",2000-11-17,의약품,53,정상,,감초엑스분말(14.3→1)/인삼건조엑스(14.5→1)/아세트아미노펜/클로르페니라민말레산염/슈도에페드린염산염/덱스트로메토르판브롬화수소산염수화물/구아이페네신/카페인무수물/티아민질산염/리보플라빈/아스코르브산97%,"포비돈,스테아르산마그네슘,상부, 하부 연하늘색 캡슐,에탄올(95),트리규산마그네슘수화물,정제수",,일반의약품,완제의약품,신고,제조,,장방형,,,19.10,6.63,N,"8806446012902,8806446012919",R05FA,,200003488,,Glycyrrhiza Extract Powder (14.3→1)/Ginseng Dried Extract (14.5→1)/Acetaminophen/Chlorpheniramine Maleate/Pseudoephedrine Hydrochloride/Dextromethorphan Hydrobromide Hydrate/Guaifenesin/Anhydrous Caffeine/Thiamine Nitrate/Riboflavin/Ascorbic Acid 97%
202501579,콜콜콜드연질캡슐,Colcol Cold Soft Cap.,조아제약(주),"Cho-a pharm.co.,ltd",2025-06-26,의약품,5221,정상,,아세트아미노펜/클로르페니라민말레산염/DL-메틸에페드린염산염/슈도에페드린염산염/덱스트로메토르판브롬화수소산염수화물/구아이페네신,"프로필렌글리콜,폴리에틸렌글리콜400,젤라틴,홍화황색소,포비돈,소르비톨스페셜글리세린블렌드,정제수",,일반의약품,완제의약품,신고,제조,,타원형,,,16.1,9.3,N,"8806446045016,8806446045009",R05X,,,,Acetaminophen/Chlorpheniramine Maleate/DL-Methylephedrine Hydrochloride/Pseudoephedrine Hydrochloride/Dextromethorphan Hydrobromide Hydrate/Guaifenesin
201705245,콜콜펜시럽,Colcolphen Syrup,주식회사제뉴원사이언스,GENUONE Sciences Inc.,2017-07-05,의약품,5228,정상,,아세트아미노펜/클로르페니라민말레산염/덱스트로메토르판브롬화수소산염수화물/dl-메틸에페드린염산염/구아이페네신/카페인무수물,"황색5호,메틸파라벤,오렌지향3(HF-AF20537),백당,프로필파라벤,에탄올(95),오렌지에센스(#F-O86),정제수",,일반의약품,완제의약품,신고,제조,,,,,,,N,"8806717057113,8806717057106",R05X,,,,Acetaminophen/Chlorpheniramine Maleate/Dextromethorphan Hydrobromide Hydrate/DL-Methylephedrine Hydrochloride/Guaifenesin/Anhydrous Caffeine
202000011,콜키퍼시럽,Col-keeper Syrup,(주)한풍제약,"HANPOONG PHARM. Co., Ltd.",2020-01-02,의약품,5263,정상,,갈근탕건조엑스(4→1)/아세트아미노펜/카페인무수물/클로르페니라민말레산염,"액상과당,아스파탐,백당,프락토올리고당,정제수",,일반의약품,완제의약품,신고,제조,,,,,,,N,"8806581078702,8806581078719,8806581078726",R05X,,202000011,,Galgeuntang Dried Extract (4→1)/Acetaminophen/Anhydrous Caffeine/Chlorpheniramine Maleate
202000087,콜키퍼키즈시럽,Col-keeper Kids Syrup,(주)한풍제약,"HANPOONG PHARM. Co., Ltd.",2020-01-07,의약품,5265,정상,,갈근탕건조엑스(4→1)/아세트아미노펜/카페인무수물/클로르페니라민말레산염,"액상과당,아스파탐,백당,프락토올리고당,정제수",,일반의약품,완제의약품,신고,제조,,,,,,,N,"8806581078603,8806581078610,8806581078627",R05X,,202000087,,Galgeuntang Dried Extract (4→1)/Acetaminophen/Anhydrous Caffeine/Chlorpheniramine Maleate
201803055,콜투윈캡슐,Coltwowin Capsule,코스맥스파마(주),"COSMAX PHARMA CO., LTD.",2018-07-24,의약품,19,유효기간만료,2023-07-24,아세트아미노펜/티페피딘히벤즈산염/구아이페네신/클로르페니라민말레산염/에페드린염산염/카페인무수물,"미결정셀룰로오스,유당수화물,스테아르산마그네슘,전분글리콜산나트륨,히드록시프로필셀룰로오스,캡슐",,일반의약품,완제의약품,신고,제조,,,,,,,N,"8800551002308,8800551002315",R05X,,,,Acetaminophen/Tipepidine Hibenzate/Guaifenesin/Chlorpheniramine Maleate/Ephedrine Hydrochloride/Anhydrous Caffeine
201503969,콜펜시럽(수출용),Colphen Syrup (for export),주식회사제뉴원사이언스,GENUONE Sciences Inc.,2015-06-18,의약품,5161,정상,,아세트아미노펜/클로르페니라민말레산염/덱스트로메토르판브롬화수소산염수화물/dl-메틸에페드린염산염/구아이페네신,"시트르산수화물,베타덱스,메틸파라벤,백당,체리후레바,프로필파라벤,시트르산나트륨수화물,효소처리스테비아,농글리세린,정제수",,일반의약품,완제의약품,신고,제조,,,,,,,N,"8806717047404,8806717047411",R05X,,,,Acetaminophen/Chlorpheniramine Maleate/Dextromethorphan Hydrobromide Hydrate/DL-Methylephedrine Hydrochloride/Guaifenesin
199701024,콜핀정(수출명:페러그립씨정),Colpin Tab.,알리코제약(주),"Korea Arlico Pharm Co.,Ltd.",1997-11-10,의약품,45,정상,,아세트아미노펜/클로르페니라민말레산염/카페인무수물,"저치환도히드록시프로필셀룰로오스,황색5호,미결정셀룰로오스,유당수화물,콜로이드성이산화규소,스테아르산마그네슘,카르복시메틸셀룰로오스칼슘,황색203호,옥수수전분,전분글리콜산나트륨,히드록시프로필셀룰로오스",,일반의약품,완제의약품,신고,제조,,장방형,,,14.0,8.1,N,"8806560015308,8806560015315,8806560015322,8806560015339,8806560015346",R05X,,199701024,,Acetaminophen/Chlorpheniramine Maleate/Anhydrous Caffeine
200402580,콤비올에이정,Comby-all A Tab.,신일제약(주),Sinil Pharm,2004-01-06,의약품,282,정상,,아세트아미노펜/클로르페니라민말레산염/dl-메틸에페드린염산염/덱스트로메토르판브롬화수소산염수화물/티아민질산염/리보플라빈/아스코르브산,"저치환도히드록시프로필셀룰로오스,오파그로스클리어(97W19196),미결정셀룰로오스,크로스포비돈,오파드라이 화이트(OY-C-7000A),이산화규소,아크릴이즈화이트(93O18508),스테아르산마그네슘,전분글리콜산나트륨,히드록시프로필셀룰로오스,오파드라이 그린(80W41075)",,일반의약품,완제의약품,신고,제조,,장방형,,,15.1,7.6,N,"8806538024608,8806538024615,8806538024622",R05X,,200402580,,Acetaminophen/Chlorpheniramine Maleate/DL-Methylephedrine Hydrochloride/Dextromethorphan Hydrobromide Hydrate/Thiamine Nitrate/Riboflavin/Ascorbic Acid
202007665,쿨럭노즈시럽,Cool Luck Nose Syrup,경방신약(주),"KYUNGBANG Pharmaceutical Co.,Ltd",2020-11-09,의약품,5198,유효기간만료,2025-11-09,아세트아미노펜/클로르페니라민말레산염/슈도에페드린염산염/카페인무수물,"프로필렌글리콜,시트르산수화물,벤조산나트륨,애플민트향(514165),포도엣센스,자일리톨,염화나트륨,수크랄로스,에데트산나트륨수화물,포비돈,효소처리스테비아,잔탄검,시트르산나트륨수화물,적색40호,D-소르비톨액,아세설팜칼륨,농글리세린,정제수",,일반의약품,완제의약품,신고,제조,,,,,,,N,"8806613065502,8806613065519,8806613065526",R05X,,,,Acetaminophen/Chlorpheniramine Maleate/Pseudoephedrine Hydrochloride/Anhydrous Caffeine
202007808,쿨럭코프시럽,Cool Luck Cough Syrup,경방신약(주),"KYUNGBANG Pharmaceutical Co.,Ltd",2020-11-12,의약품,5202,유효기간만료,2025-11-12,아세트아미노펜/dl-메틸에페드린염산염/슈도에페드린염산염/구아이페네신/카페인무수물/티페피딘히벤즈산염,"프로필렌글리콜,시트르산수화물,벤조산나트륨,애플민트향(514165),포도엣센스,자일리톨,염화나트륨,수크랄로스,에데트산나트륨수화물,포비돈,효소처리스테비아,잔탄검,시트르산나트륨수화물,적색40호,D-소르비톨액,아세설팜칼륨,농글리세린,정제수",,일반의약품,완제의약품,신고,제조,,,,,,,N,"8806613065618,8806613065625,8806613065601",R05X,,,,Acetaminophen/DL-Methylephedrine Hydrochloride/Pseudoephedrine Hydrochloride/Guaifenesin/Anhydrous Caffeine/Tipepidine Hibenzate
202007781,쿨럭콜드시럽,Cool Luck Cold Syrup,경방신약(주),"KYUNGBANG Pharmaceutical Co.,Ltd",2020-11-12,의약품,5199,정상,,아세트아미노펜/클로르페니라민말레산염/dl-메틸에페드린염산염/구아이페네신/카페인무수물/티페피딘히벤즈산염,"프로필렌글리콜,시트르산수화물,벤조산나트륨,애플민트향(514165),에데트산디나트륨,자일리톨,염화나트륨,수크랄로스,포비돈,효소처리스테비아,잔탄검,시트르산나트륨수화물,적색40호,D-소르비톨액,오렌지엣센스(B-4515),아세설팜칼륨,농글리세린,정제수",,일반의약품,완제의약품,신고,제조,,,,,,,N,"8806613065717,8806613065724,8806613065700",R05X,,202007781,,Acetaminophen/Chlorpheniramine Maleate/DL-Methylephedrine Hydrochloride/Guaifenesin/Anhydrous Caffeine/Tipepidine Hibenzate
200607944,쿨펜탑정,Coolpentop Tablet,에이치엘비제약(주),"HLB Pharmaceutical Co., Ltd.",2006-07-20,의약품,201,유효기간만료,2024-01-01,아세트아미노펜/DL-메티오닌,"크로스카르멜로오스나트륨,미결정셀룰로오스,콜로이드성이산화규소,스테아르산마그네슘,히드록시프로필셀룰로오스",,일반의약품,완제의약품,신고,제조,,,,,,,N,"8806473010209,8806473010216,8806473010223,8806473010230",N02BE51,,200607944,,Acetaminophen/DL-Methionine
201402291,퀵코연질캡슐,Quickco Soft Cap.,(주)테라젠이텍스,"THERAGEN ETEX CO., LTD.",2014-05-19,의약품,5075,유효기간만료,2024-05-19,클로르페니라민말레산염/아세트아미노펜/슈도에페드린염산염,"프로필렌글리콜,부분탈수액상소르비톨,적색3호,황색5호,폴리에틸렌글리콜400,젤라틴,포비돈,정제수",,일반의약품,완제의약품,신고,제조,,,,,,,N,"8806985027009,8806985027016",R05X,,201402291,,Chlorpheniramine Maleate/Acetaminophen/Pseudoephedrine Hydrochloride
200201966,퀵콜-엑스정(수출용),Quickcol-X Tab.,(주)테라젠이텍스,"THERAGEN ETEX CO., LTD.",2002-09-16,의약품,176,정상,,아세트아미노펜/수도에페드린염산염/클로르페니라민말레산염,"저치환도히드록시프로필셀룰로오스,미결정셀룰로오스,히프로멜로오스,폴리에틸렌글리콜6000,산화티탄,스테아르산마그네슘,카르복시메틸셀룰로오스칼슘,히드록시프로필셀룰로오스",,일반의약품,완제의약품,신고,제조,,,,,,,N,"8806545018706,8806985005601,8806545018713,8806985005618",R05X,,,,Acetaminophen/Pseudoephedrine Hydrochloride/Chlorpheniramine Maleate
200201964,퀵콜-이정(수출용),Quickcol-E Tab.,(주)테라젠이텍스,"THERAGEN ETEX CO., LTD.",2002-09-16,의약품,174,정상,,아세트아미노펜/티아민질산염/피리독신염산염/시아노코발라민,"적색3호,저치환도히드록시프로필셀룰로오스,미결정셀룰로오스,히프로멜로오스2910,폴리에틸렌글리콜6000,산화티탄,카르복시메틸전분나트륨,스테아르산마그네슘,히드록시프로필셀룰로오스",,일반의약품,완제의약품,신고,제조,,,,,,,N,"8806545018805,8806985005502",N02BE51,,,,Acetaminophen/Thiamine Nitrate/Pyridoxine Hydrochloride/Cyanocobalamin
201402316,퀵플러스연질캡슐,Quick Plus Soft Cap.,(주)테라젠이텍스,"THERAGEN ETEX CO., LTD.",2014-05-20,의약품,5076,유효기간만료,2024-05-20,클로르페니라민말레산염/슈도에페드린염산염/아세트아미노펜/클로페라스틴염산염/구아이페네신,"프로필렌글리콜,부분탈수액상소르비톨,폴리에틸렌글리콜400,젤라틴,포비돈,적색40호,정제수,청색1호",,일반의약품,완제의약품,신고,제조,,,,,,,N,"8806985026903,8806985026910",R05X,,201402316,,Chlorpheniramine Maleate/Pseudoephedrine Hydrochloride/Acetaminophen/Cloperastine Hydrochloride/Guaifenesin
202204083,큐어코연질캡슐,Cureco Soft Cap.,아이큐어(주),Icure Pharmaceuticals & Cosmetics Incorporated,2022-11-14,의약품,5218,정상,,아세트아미노펜/슈도에페드린염산염/클로르페니라민말레산염,"프로필렌글리콜,적색3호,중쇄트리글리세리드,황색5호,레시틴,폴리에틸렌글리콜400,젤라틴,포비돈,부분탈수유동소르비톨,정제수",,일반의약품,완제의약품,신고,제조,,타원형,,,20.0,8.3,N,"8806744024706,8806744024713,8806744024720",R05X,,202204083,,Acetaminophen/Pseudoephedrine Hydrochloride/Chlorpheniramine Maleate
202300295,큐어코프연질캡슐,Curecough Soft Cap.,아이큐어(주),Icure Pharmaceuticals & Cosmetics Incorporated,2023-01-18,의약품,5219,정상,,아세트아미노펜/구아이페네신/덱스트로메토르판브롬화수소산염수화물/DL-메틸에페드린염산염,"프로필렌글리콜,중쇄트리글리세리드,청색1호(브릴리안트블루FCF),레시틴,폴리에틸렌글리콜400,젤라틴,포비돈,적색40호,부분탈수유동소르비톨,정제수",,일반의약품,완제의약품,신고,제조,,타원형,,,20.0,8.3,N,"8806744024805,8806744024812,8806744024829",R05X,,202300295,,Acetaminophen/Guaifenesin/Dextromethorphan Hydrobromide Hydrate/DL-Methylephedrine Hydrochloride
202301171,큐어코프플러스연질캡슐,Curecough Plus Soft Cap.,아이큐어(주),Icure Pharmaceuticals & Cosmetics Incorporated,2023-04-07,의약품,5222,정상,,아세트아미노펜/구아이페네신/DL-메틸에페드린염산염/클로르페니라민말레산염,"프로필렌글리콜,중쇄트리글리세리드,황색5호,청색1호(브릴리안트블루FCF),레시틴,폴리에틸렌글리콜400,부틸히드록시톨루엔,젤라틴,포비돈,부분탈수유동소르비톨,정제수",,일반의약품,완제의약품,신고,제조,,타원형,,,25.1,8.8,N,"8806744025307,8806744025314,8806744025321",R05X,,202301171,,Acetaminophen/Guaifenesin/DL-Methylephedrine Hydrochloride/Chlorpheniramine Maleate
202301194,큐어코플러스연질캡슐,Cureco Plus Soft Cap.,아이큐어(주),Icure Pharmaceuticals & Cosmetics Incorporated,2023-04-12,의약품,5224,정상,,아세트아미노펜/슈도에페드린염산염/클로르페니라민말레산염,"프로필렌글리콜,적색3호,중쇄트리글리세리드,황색5호,레시틴,폴리에틸렌글리콜400,부틸히드록시톨루엔,젤라틴,포비돈,부분탈수유동소르비톨,정제수",,일반의약품,완제의약품,신고,제조,,타원형,,,25.0,8.9,N,"8806744025208,8806744025215,8806744025222",R05X,,202301194,,Acetaminophen/Pseudoephedrine Hydrochloride/Chlorpheniramine Maleate
202300668,큐어콜연질캡슐,Curecold soft cap.,아이큐어(주),Icure Pharmaceuticals & Cosmetics Incorporated,2023-02-23,의약품,5221,정상,,아세트아미노펜/구아이페네신/슈도에페드린염산염/덱스트로메토르판브롬화수소산염수화물/클로르페니라민말레산염/DL-메틸에페드린염산염,"프로필렌글리콜,중쇄트리글리세리드,청색1호(브릴리안트블루FCF),레시틴,폴리에틸렌글리콜400,젤라틴,포비돈,적색40호,부분탈수유동소르비톨,정제수",,일반의약품,완제의약품,신고,제조,,타원형,,,20.2,8.4,N,"8806744025000,8806744025017,8806744025024",R05X,,202300668,,Acetaminophen/Guaifenesin/Pseudoephedrine Hydrochloride/Dextromethorphan Hydrobromide Hydrate/Chlorpheniramine Maleate/DL-Methylephedrine Hydrochloride
202301193,큐어콜플러스연질캡슐,Curecold Plus soft cap.,아이큐어(주),Icure Pharmaceuticals & Cosmetics Incorporated,2023-04-12,의약품,5223,정상,,아세트아미노펜/구아이페네신/슈도에페드린염산염/DL-메틸에페드린염산염/클로르페니라민말레산염,"프로필렌글리콜,중쇄트리글리세리드,청색1호(브릴리안트블루FCF),레시틴,폴리에틸렌글리콜400,부틸히드록시톨루엔,젤라틴,포비돈,적색40호,부분탈수유동소르비톨,정제수",,일반의약품,완제의약품,신고,제조,,타원형,,,25.1,8.8,N,"8806744025109,8806744025116,8806744025123",R05X,,202301193,,Acetaminophen/Guaifenesin/Pseudoephedrine Hydrochloride/DL-Methylephedrine Hydrochloride/Chlorpheniramine Maleate
201903214,큐펜주(아세트아미노펜),Q-Phen Inj.,(주)킵스바이오파마,"Keeps Biopharma. Co., Ltd.",2019-05-17,의약품,447,정상,,아세트아미노펜,"수산화나트륨,인산일수소나트륨이수화물,염산,주사용수,시스테인염산염수화물,만니톨",,전문의약품,완제의약품,허가,제조,,,,,,,N,"8806932020008,8806932020015",N02BE01,201903214,,,Acetaminophen
202403075,큐피시럽(아세트아미노펜),CUPPY Syrup.(Acetaminophen),경방신약(주),"KYUNGBANG Pharmaceutical Co.,Ltd",2024-12-24,의약품,5261,정상,,아세트아미노펜,"시트르산수화물,프로필렌글리콜,벤조산나트륨,D-소르비톨 액,자일리톨,미결정셀룰로오스·카르복시메틸셀룰로오스나트륨,수크랄로스,포비돈,잔탄검,조합향료(체리향(70933)),카르복시메틸셀룰로오스나트륨,조합향료(자몽향(116150)),농글리세린,치자적색소-엠,정제수",,일반의약품,완제의약품,신고,제조,,,,,,,N,"8806613072005,8806613072012,8806613072029",N02BE01,,,,Acetaminophen
201803636,"크라셋세미정(트라마돌,아세트아미노펜)",Craset Semi Tab.,지엘파마(주),GL Pharma,2018-09-07,의약품,196,정상,,아세트아미노펜/트라마돌염산염,"저치환도히드록시프로필셀룰로오스,크로스포비돈,스테아르산마그네슘,콜로이드성이산화규소,포비돈,오파드라이II노란색(85F42086)",,전문의약품,완제의약품,허가,제조,,장방형,,,12.1,5.1,N,"8806497018007,8806497018014,8806497018021,8806497018038",N02AJ13,201803636,,,Acetaminophen/Tramadol Hydrochloride
201901925,"크라셋정(트라마돌,아세트아미노펜)",Craset Tab.,지엘파마(주),GL Pharma,2019-03-29,의약품,213,정상,,아세트아미노펜/트라마돌염산염,"저치환도히드록시프로필셀룰로오스,크로스포비돈,스테아르산마그네슘,콜로이드성이산화규소,포비돈,오파드라이II노란색(85F42086)",,전문의약품,완제의약품,허가,제조,,장방형,,,15.6,6.4,N,"8806497020406,8806497020413,8806497020420,8806497020437",N02AJ13,201901925,,,Acetaminophen/Tramadol Hydrochloride
200200871,크라이신정,Kraisin Tab.,(주)제뉴파마,GENUPharma Inc.,2002-05-30,의약품,331,취하,2023-07-04,클로르족사존/아세트아미노펜,"미결정셀룰로오스,히프로멜로오스2910,폴리에틸렌글리콜6000,산화티탄,스테아르산마그네슘,전분글리콜산나트륨,히드록시프로필셀룰로오스",,일반의약품,완제의약품,신고,제조,,,,,,,N,"8806566020108,8806980011904,8806566020115,8806980011911",M03BB53,,,,Chlorzoxazone/Acetaminophen
200608418,크로나펜정,Cronapen Tab.,경방신약(주),"KYUNGBANG Pharmaceutical Co.,Ltd",2006-11-02,의약품,261,취하,2023-08-21,아세트아미노펜/클로르족사존,"히드록시프로필메틸셀룰로오스2910,미결정셀룰로오스,유당수화물,폴리에틸렌글리콜6000,포비돈,스테아르산마그네슘,카르복시메틸셀룰로오스칼슘,옥수수전분,정제수",,일반의약품,완제의약품,신고,제조,,,,,,,N,"8806613032900,8806613032917,8806613032924",M03BB53,,200608418,,Acetaminophen/Chlorzoxazone
201403975,크로세펜정,Crosepen Tab.,경동제약(주),"KyungDong Pharm. Co., Ltd.",2014-08-26,의약품,5053,취하,2023-09-22,아세트아미노펜/클로르족사존,"미결정셀룰로오스,콜로이드성이산화규소,스테아르산마그네슘,전호화전분,전분글리콜산나트륨",,일반의약품,완제의약품,신고,제조,,타원형,,,15.7,9.5,N,"8806481034600,8806481034617,8806481034624",M03BB53,,201403975,,Acetaminophen/Chlorzoxazone
201402060,크로아존정,Chroazone Tab.,일양약품(주),"IL-YANG PHARM. CO., LTD.",2014-04-30,의약품,5092,취하,2023-09-19,클로르족사존/아세트아미노펜,"미결정셀룰로오스,히프로멜로오스,폴리에틸렌글리콜6000,산화티탄,스테아르산마그네슘,탤크,전분글리콜산나트륨,히드록시프로필셀룰로오스",,일반의약품,완제의약품,신고,제조,,,,,,,N,"8806417047209,8806417047216",M03BB53,,201402060,,Chlorzoxazone/Acetaminophen
200501216,크린탈정(아세트아미노펜),Crintal Tab.,일양약품(주),"IL-YANG PHARM. CO., LTD.",2005-03-17,의약품,354,정상,,아세트아미노펜,"저치환도히드록시프로필셀룰로오스,유당수화물,코포비돈,오파드라이 03B28796,포비돈,스테아르산마그네슘,경질무수규산,전분글리콜산나트륨",,일반의약품,완제의약품,신고,제조,,장방형,,,11,8,N,"8806417022909,8806417022916",N02BE01,,200501216,,Acetaminophen
200301596,클라펜정,Klapen Tab.,하이플생명과학(주),"Highfly Life Science Co., Ltd.",2003-09-22,의약품,196,취하,2023-11-23,아세트아미노펜/클로르족사존,"미결정셀룰로오스,탭쉴드클리어(19C333),스테아르산마그네슘,카르복시메틸셀룰로오스칼슘,옥수수전분,전분글리콜산나트륨,히드록시프로필셀룰로오스",,일반의약품,완제의약품,신고,제조,,장방형,,,15.4,8.1,N,"8806641014602,8806641014619,8806641014626,8806641014633,8806641014640",M03BB53,,200301596,,Acetaminophen/Chlorzoxazone
201400262,클로사펜정,Chloxapen Tab.,동성제약(주),"DONGSUNG BIO PHARM. CO., LTD",2014-01-21,의약품,5024,취하,2023-12-11,아세트아미노펜/클로르족사존,"미결정셀룰로오스,히프로멜로오스2910,폴리에틸렌글리콜6000,산화티탄,스테아르산마그네슘,전분글리콜산나트륨,히드록시프로필셀룰로오스",,일반의약품,완제의약품,신고,제조,,,,,,,N,"8806432024803,8806432024810",M03BB53,,201400262,,Acetaminophen/Chlorzoxazone
201504327,클로스펜정,Chlosphen Tab.,부광약품(주),"BUKWANG PHARM. CO., LTD.",2015-07-01,의약품,5081,취하,2023-07-17,아세트아미노펜/클로르족사존,"미결정셀룰로오스,콜로이드성이산화규소,스테아르산마그네슘,전호화전분,전분글리콜산나트륨",,일반의약품,완제의약품,신고,제조,,타원형,,,15.7,9.5,N,"8806422038803,8806422038810,8806422038827",M03BB53,,201504327,,Acetaminophen/Chlorzoxazone
201310409,클로엠정,Chloem Tab.,(주)마더스제약,MOTHER'S PHARMACEUTICAL.,2013-11-29,의약품,5066,취하,2023-09-20,클로르족사존/아세트아미노펜,"미결정셀룰로오스,히프로멜로오스2910,폴리에틸렌글리콜6000,산화티탄,스테아르산마그네슘,전분글리콜산나트륨,히드록시프로필셀룰로오스",,일반의약품,완제의약품,신고,제조,,,,,,,N,"8806228016708,8806228016715",M03BB53,,201310409,,Chlorzoxazone/Acetaminophen
200301966,클록펜정,CLOCPEN TAB.,(주)씨엠지제약,"CMG Pharmaceutical Co., Ltd",2003-06-03,의약품,231,취하,2023-09-20,아세트아미노펜/클로르족사존,"폴리에틸렌글리콜 6000,미결정셀룰로오스,히프로멜로오스,산화티탄,스테아르산마그네슘,탤크,전분글리콜산나트륨,히드록시프로필셀룰로오스",,일반의약품,완제의약품,신고,제조,,,,,,,N,"8806486016809,8806486016816",M03BB53,,200301966,,Acetaminophen/Chlorzoxazone
202202602,클리어콜노즈연질캡슐,Clear Cold Nose Soft Cap.,(주)알피바이오,RP Bio Inc.,2022-06-22,의약품,5294,취하,2026-01-06,아세트아미노펜/브롬페니라민말레산염/슈도에페드린염산염/dl-메틸에페드린염산염/카페인무수물,"니코틴산아미드,프로필렌글리콜,폴리에틸렌글리콜400,에틸바닐린,시트르산,젤라틴,포비돈,소르비톨스페셜글리세린블렌드,정제수",,일반의약품,완제의약품,신고,제조,,,,,,,N,,,,,,Acetaminophen/Brompheniramine Maleate/Pseudoephedrine Hydrochloride/DL-Methylephedrine Hydrochloride/Anhydrous Caffeine
202006022,클리완정,Cliwan Tab.,주식회사더유제약,"Theu PHARMACEUTICAL Co., Ltd.",2020-08-26,의약품,150,취하,2023-07-25,아세트아미노펜/클로르족사존,"저치환도히드록시프로필셀룰로오스,미결정셀룰로오스,콜로이드성이산화규소,스테아르산마그네슘,전분글리콜산나트륨",,일반의약품,완제의약품,신고,제조,,,,,,,N,"8800570014702,8800570014719",M03BB53,,,,Acetaminophen/Chlorzoxazone
201105150,클린파워연질캡슐,Cleanpower Soft Cap.,명문제약(주),"Myungmoon Pharm. Co., Ltd.",2011-08-09,의약품,5032,정상,,아세트아미노펜/구아이페네신/수도에페드린염산염/클로르페니라민말레산염/덱스트로메토르판브롬화수소산염수화물,"프로필렌글리콜,황색5호,폴리에틸렌글리콜400,솔비톨스페샬글리세린블렌드,젤라틴,포비돈,정제수,청색1호",,일반의약품,완제의약품,신고,제조,,타원형,,,14.8,9.9,N,"8806498054301,8806498054318",R05X,,201105150,,Acetaminophen/Guaifenesin/Pseudoephedrine Hydrochloride/Chlorpheniramine Maleate/Dextromethorphan Hydrobromide Hydrate
202500756,키즈노펜산,Kidsnopen Powder,(주)코아팜바이오,Corepharm Bio,2025-04-01,의약품,9,정상,,아세트아미노펜/리보플라빈,"에틸셀룰로오스,트리에틸시트르산염,자일리톨,히드록시프로필베타덱스,수크랄로스,콜로이드성이산화규소,스테아르산마그네슘,조합향료(포도향코튼),탤크,조합향료(딸기분말향71442),조합향료(바나나미크론비9693)",,일반의약품,완제의약품,신고,제조,,,,,,,N,"8800517001222,8800517001215,8800517001208",N02BE51,,,,Acetaminophen/Riboflavin
202203931,킥노즈에스연질캡슐,Kicknose-S Soft Capsule,코스맥스파마(주),"COSMAX PHARMA CO., LTD.",2022-10-27,의약품,5232,정상,,아세트아미노펜/슈도에페드린염산염/클로르페니라민말레산염,"프로필렌글리콜,폴리에틸렌글리콜400,젤라틴,포비돈,소르비톨소르비탄 액,황색203호,정제수,청색1호",,일반의약품,완제의약품,신고,제조,,타원형,,,19.8,8.8,N,"8800551027905,8800551027912",R05X,,202203931,,Acetaminophen/Pseudoephedrine Hydrochloride/Chlorpheniramine Maleate
201706678,킥노즈에프연질캡슐,KicknoseF Soft capsule,코스맥스파마(주),"COSMAX PHARMA CO., LTD.",2017-08-21,의약품,5113,정상,,아세트아미노펜/슈도에페드린염산염/클로르페니라민말레산염,"프로필렌글리콜,폴리에틸렌글리콜400,젤라틴,포비돈,황색203호,정제수,소르비톨 소르비탄액,청색1호",,일반의약품,완제의약품,신고,제조,,타원형,,,19.82,8.63,N,"8800540004702,8800551019900,8800540004719,8800551019917",R05X,,201706678,,Acetaminophen/Pseudoephedrine Hydrochloride/Chlorpheniramine Maleate
202204092,킥코프에스연질캡슐,Kickcough-S Soft Cap.,코스맥스파마(주),"COSMAX PHARMA CO., LTD.",2022-11-14,의약품,5236,정상,,아세트아미노펜/구아이페네신/덱스트로메토르판브롬화수소산염수화물/DL-메틸에페드린염산염,"프로필렌글리콜,폴리에틸렌글리콜400,젤라틴,포비돈,소르비톨소르비탄 액,적색40호,정제수,청색1호",,일반의약품,완제의약품,신고,제조,,타원형,,,20.2,8.6,N,"8800551028001,8800551028018",R05X,,202204092,,Acetaminophen/Guaifenesin/Dextromethorphan Hydrobromide Hydrate/DL-Methylephedrine Hydrochloride
201706677,킥코프에프연질캡슐,KickcoughF Soft capsule,코스맥스파마(주),"COSMAX PHARMA CO., LTD.",2017-08-21,의약품,5112,정상,,아세트아미노펜/구아이페네신/덱스트로메토르판브롬화수소산염수화물/dl-메틸에페드린염산염,"프로필렌글리콜,폴리에틸렌글리콜400,젤라틴,포비돈,적색40호,정제수,소르비톨 소르비탄액,청색1호",,일반의약품,완제의약품,신고,제조,,타원형,,,20.03,8.55,N,"8800540004603,8800551019702,8800540004610,8800551019719",R05X,,201706677,,Acetaminophen/Guaifenesin/Dextromethorphan Hydrobromide Hydrate/DL-Methylephedrine Hydrochloride
202204176,킥콜드에스연질캡슐,Kickcold-S Soft Cap.,코스맥스파마(주),"COSMAX PHARMA CO., LTD.",2022-11-21,의약품,5237,정상,,아세트아미노펜/구아이페네신/슈도에페드린염산염/덱스트로메토르판브롬화수소산염수화물/클로르페니라민말레산염/dl-메틸에페드린염산염,"프로필렌글리콜,폴리에틸렌글리콜400,젤라틴,포비돈,적색40호,정제수,소르비톨 소르비탄액,청색1호",,일반의약품,완제의약품,신고,제조,,타원형,,,20.0,9.1,N,"8800551028100,8800551028117",R05X,,202204176,,Acetaminophen/Guaifenesin/Pseudoephedrine Hydrochloride/Dextromethorphan Hydrobromide Hydrate/Chlorpheniramine Maleate/DL-Methylephedrine Hydrochloride
201707524,킥콜연질캡슐,Kickcol Soft Cap.,지엘파마(주),GL Pharma,2017-10-19,의약품,175,정상,,아세트아미노펜/구아이페네신/슈도에페드린염산염/덱스트로메토르판브롬화수소산염수화물/클로르페니라민말레산염/dl-메틸에페드린염산염,"프로필렌글리콜,폴리에틸렌글리콜400,젤라틴,포비돈,적색 40호,정제수,소르비톨 소르비탄액,청색1호",,일반의약품,완제의약품,신고,제조,,타원형,,,20.3,9.3,N,"8806497015815,8806497015808",R05X,,201707524,,Acetaminophen/Guaifenesin/Pseudoephedrine Hydrochloride/Dextromethorphan Hydrobromide Hydrate/Chlorpheniramine Maleate/DL-Methylephedrine Hydrochloride
200500570,타나센정,Tanaxen Tablet,(주)유한양행,YUHAN Corporation,2005-04-28,의약품,133,정상,,아세트아미노펜/카페인수화물,"저치환도히드록시프로필셀룰로오스,크로스카르멜로오스나트륨,스테아르산마그네슘,청색2호,황색203호,전분글리콜산나트륨,히드록시프로필셀룰로오스",,일반의약품,완제의약품,신고,제조,,타원형,,,16.8,7.8,N,"8806421024302,8806421024319",N02BE51,,200500570,,Acetaminophen/Caffeine Hydrate
202001323,타노셋서방정,,대원바이오텍주식회사,Danagen,2020-02-25,의약품,59,정상,,아세트아미노펜/트라마돌염산염,"저치환도히드록시프로필셀룰로오스,크로스포비돈,히프로멜로오스,콜로이드성이산화규소,포비돈,스테아르산마그네슘,오파드라이II노란색(85F420033)",,전문의약품,완제의약품,허가,제조,,장방형,,,19.4,8.7,N,"8800576006008,8800576006015,8800576006022",N02AJ13,,,,Acetaminophen/Tramadol Hydrochloride
202001324,타노셋세미서방정,,대원바이오텍주식회사,Danagen,2020-02-25,의약품,60,정상,,아세트아미노펜/트라마돌염산염,"저치환도히드록시프로필셀룰로오스,크로스포비돈,히프로멜로오스,콜로이드성이산화규소,포비돈,스테아르산마그네슘,오파드라이II노란색(85F420033)",,전문의약품,완제의약품,허가,제조,,원형,,,9.9,9.9,N,"8800576006107,8800576006114,8800576006121",N02AJ13,,,,Acetaminophen/Tramadol Hydrochloride
202000651,타노셋세미정,,대원바이오텍주식회사,Danagen,2020-02-05,의약품,56,정상,,트라마돌염산염/아세트아미노펜,"미결정셀룰로오스,크로스포비돈,스테아르산마그네슘,전호화전분,오파드라이II노란색(85F420033)",,전문의약품,완제의약품,허가,제조,,장방형,,,12.1,5.4,N,"8800576005605,8800576005612,8800576005629,8800576005636",N02AJ13,202000651,,,Tramadol Hydrochloride/Acetaminophen
202000649,타노셋정,,대원바이오텍주식회사,Danagen,2020-02-05,의약품,55,정상,,트라마돌염산염/아세트아미노펜,"미결정셀룰로오스,크로스포비돈,스테아르산마그네슘,전호화전분,오파드라이II노란색(85F420033)",,전문의약품,완제의약품,허가,제조,,타원형,,,15.6,6.7,N,"8800576005506,8800576005513,8800576005520,8800576005537",N02AJ13,,,,Tramadol Hydrochloride/Acetaminophen
202302770,타놀정(아세트아미노펜),TANOL TABLET,성이바이오제약주식회사,"SUNGYI BIO CO., LTD.",2023-09-18,의약품,48,정상,,아세트아미노펜,"탭쉴드흰색(11W287),미결정셀룰로오스,콜로이드성이산화규소,스테아르산마그네슘,전분글리콜산나트륨,히드록시프로필셀룰로오스",,일반의약품,완제의약품,신고,제조,,,,,,,N,"8800724004603,8800724004610",N02BE01,,,,Acetaminophen
202402689,타놀큐정,TANOL Q TABLET,성이바이오제약주식회사,"SUNGYI BIO CO., LTD.",2024-11-15,의약품,57,정상,,아세트아미노펜/산화마그네슘,"탭쉴드흰색(11W287),미결정셀룰로오스,스테아르산마그네슘,경질무수규산,전분글리콜산나트륨,히드록시프로필셀룰로오스",,일반의약품,완제의약품,신고,제조,,,,,,,N,,,,,,Acetaminophen/Magnesium Oxide
200708258,타라마돌세미정,TARAMADOL Semi tablets,동화약품(주),"Dongwha Pharm. Co., Ltd.",2007-07-16,의약품,617,정상,,아세트아미노펜/트라마돌염산염,"저치환도히드록시프로필셀룰로오스,크로스포비돈,포비돈,콜로이드성이산화규소,스테아르산마그네슘,오파드라이II노란색(85F42086)",,전문의약품,완제의약품,신고,제조,,장방형,,,12.1,5.1,N,"8806427030406,8806427030413,8806427030420,8806427030437",N02AJ13,200708258,,,Acetaminophen/Tramadol Hydrochloride
200708257,타라마돌정,TARAMADOL tablets,동화약품(주),"Dongwha Pharm. Co., Ltd.",2007-07-16,의약품,616,정상,,아세트아미노펜/트라마돌염산염,"크로스포비돈,포비돈,콜로이드성이산화규소,스테아르산마그네슘,저치환도하이드록시프로필셀룰로오스,오파드라이 II 노란(85F42086)",,전문의약품,완제의약품,신고,제조,,장방형,,,15.5,6.4,N,"8806427030505,8806427030512,8806427030529,8806427030536",N02AJ13,200708257,,,Acetaminophen/Tramadol Hydrochloride
201502641,타라셋서방정,TARACET ER Tab.,동광제약(주),"Dongkwang Pharm. Co., Ltd.",2015-04-30,의약품,5070,정상,,아세트아미노펜/트라마돌염산염,"저치환도히드록시프로필셀룰로오스,크로스포비돈,히프로멜로오스,콜로이드성이산화규소,포비돈,스테아르산마그네슘,오파드라이Ⅱ노란색(85F420033)",,전문의약품,완제의약품,허가,제조,,장방형,,,19.2,8.7,N,"8806459058003,8806459058010,8806459058027",N02AJ13,201502641,,,Acetaminophen/Tramadol Hydrochloride
201506479,타라셋세미서방정,TARACETSEMI ER Tab.,동광제약(주),"Dongkwang Pharm. Co., Ltd.",2015-09-09,의약품,5077,정상,,트라마돌염산염/아세트아미노펜,"저치환도히드록시프로필셀룰로오스,스테아르산,황색4호,히프로멜로오스,오파드라이QX노란색(321A620000) ,포비돈,콜로이드성이산화규소,스테아르산마그네슘,히드록시프로필셀룰로오스",,전문의약품,완제의약품,허가,제조,,원형,,,10.6,10.6,N,"8806459059000,8806459059017,8806459059024",N02AJ13,201506479,,,Tramadol Hydrochloride/Acetaminophen
200710254,타라셋세미정,TARACETSEMI Tab.,동광제약(주),"Dongkwang Pharm. Co., Ltd.",2007-09-07,의약품,727,정상,,아세트아미노펜/트라마돌염산염,"전분 글리콘산나트륨,오파드라이 85F12347,저치환도히드록시프로필셀룰로오스,미결정셀룰로오스,스테아르산마그네슘,히드록시프로필셀룰로오스",,전문의약품,완제의약품,신고,제조,,장방형,,,12,5,N,"8806459028105,8806459028112,8806459028129",N02AJ13,200710254,,,Acetaminophen/Tramadol Hydrochloride
200710202,타라셋정,TARACET Tab.,동광제약(주),"Dongkwang Pharm. Co., Ltd.",2007-09-06,의약품,726,정상,,아세트아미노펜/트라마돌염산염,"전분 글리콘산나트륨,오파드라이 85F12347,저치환도히드록시프로필셀룰로오스,미결정셀룰로오스,스테아르산마그네슘,히드록시프로필셀룰로오스",,전문의약품,완제의약품,신고,제조,,장방형,,,15,6,N,"8806459028204,8806459028211,8806459028228,8806459028235",N02AJ13,200710202,,,Acetaminophen/Tramadol Hydrochloride
201902973,타미노펜연질캡슐(아세트아미노펜),Taminophen Soft Cap.,(주)녹십자,GC Biopharma Corp.,2019-05-08,의약품,5083,정상,,아세트아미노펜,"프로필렌글리콜,폴리에틸렌글리콜400,젤라틴,포비돈,안나토색소,정제수,소르비톨 소르비탄액",,일반의약품,완제의약품,신고,제조,,타원형,,,21.5,10.1,N,"8806436056404,8806436056411",N02BE01,,201902973,,Acetaminophen
200712789,타미돌세미정,Tamidolsemi Tab.,(주)하원제약,HAWON PHARMACEUTICAL CORPORATION,2007-11-23,의약품,408,정상,,아세트아미노펜/트라마돌염산염,"미결정셀룰로오스,오파드라이QX노란색(321A620000) ,스테아르산마그네슘,전분글리콜산나트륨,히드록시프로필셀룰로오스",,전문의약품,완제의약품,신고,제조,,장방형,,,12.1,5.1,N,"8806515025208,8806515025215,8806515025222",N02AJ13,200712789,,,Acetaminophen/Tramadol Hydrochloride
200707920,타미돌정,TAMIDOL tab,(주)하원제약,HAWON PHARMACEUTICAL CORPORATION,2007-07-09,의약품,397,정상,,아세트아미노펜/트라마돌염산염,"오파드라이노란색(85F12347),미결정셀룰로오스,스테아르산마그네슘,전분글리콜산나트륨,히드록시프로필셀룰로오스",,전문의약품,완제의약품,신고,제조,,장방형,,,15.4,6.3,N,"8806515015704,8806515015711,8806515015728,8806515015735",N02AJ13,200707920,,,Acetaminophen/Tramadol Hydrochloride
201707307,타미스펜8시간이알서방정(아세트아미노펜),Tamisphen 8 hours ER Tab.,(주)킵스바이오파마,"Keeps Biopharma. Co., Ltd.",2017-09-28,의약품,441,정상,,아세트아미노펜,"탭쉴드흰색 11W001,미결정셀룰로오스,스테아르산마그네슘,포비돈,전호화전분,옥수수전분,전분글리콜산나트륨,히드록시에틸셀룰로오스,히드록시프로필셀룰로오스",,일반의약품,완제의약품,허가,제조,,장방형,,,19.1,7.5,N,"8806932018227,8806932018210,8806932018203",N02BE01,,201707307,,Acetaminophen
200805632,타미트라세미정,Tamitra Semi Tab.,삼익제약(주),"Samik Pharmaceutical Co., Ltd.",2008-05-20,의약품,5013,정상,,아세트아미노펜/트라마돌염산염,"오파드라이노란색(85F12347),미결정셀룰로오스,스테아르산마그네슘,전분글리콜산나트륨,히드록시프로필셀룰로오스",,전문의약품,완제의약품,신고,제조,,장방형,,,12,4,N,"8806440030902,8806822001803,8806440030919,8806822001810,8806440030926,8806440030933,8806440030940",N02AJ13,200805632,,,Acetaminophen/Tramadol Hydrochloride
200804611,타미트라정,Tamitra Tab.,삼익제약(주),"Samik Pharmaceutical Co., Ltd.",2008-04-24,의약품,628,정상,,아세트아미노펜/트라마돌염산염,"오파드라이노란색(85F12347),미결정셀룰로오스,스테아르산마그네슘,전분글리콜산나트륨,히드록시프로필셀룰로오스",,전문의약품,완제의약품,신고,제조,,장방형,,,15.4,6.3,N,"8806440020408,8806440020415,8806440020422,8806440020439,8806440020446",N02AJ13,200804611,,,Acetaminophen/Tramadol Hydrochloride
201800567,타세놀8시간이알서방정325밀리그램(아세트아미노펜),Tacenol 8 hours ER Tablet 325mg,부광약품(주),"BUKWANG PHARM. CO., LTD.",2018-01-30,의약품,5118,정상,,아세트아미노펜,"미결정셀룰로오스,오파드라이 II 화이트 OY-LS-28900,포비돈,스테아르산마그네슘,전호화전분,히드록시에틸셀룰로오스,옥수수전분,전분글리콜산나트륨,히드록시프로필셀룰로오스",,일반의약품,완제의약품,허가,제조,,장방형,,,15.0,5.5,N,"8806422043210,8806422043203,8806422043227",N02BE01,,201800567,,Acetaminophen
200201482,타세놀8시간이알서방정(아세트아미노펜),Tacenol 8 hours ER Tablet,부광약품(주),"BUKWANG PHARM. CO., LTD.",2002-08-16,의약품,62,정상,,아세트아미노펜,"미결정셀룰로오스,히드록시에틸 셀룰로오스,오파드라이 II 화이트 OY-LS-28900,포비돈,스테아르산마그네슘,카르나우바납,전호화전분,옥수수전분,전분글리콜산나트륨,히드록시프로필셀룰로오스",,일반의약품,완제의약품,허가,제조,,장방형,,,19.1,7.6,N,"8806422022000,8806422022017,8806422022024,8806422022031,8806422022048,8806422022055,8806422022062",N02BE01,,200201482,,Acetaminophen
202201721,타세놀정160밀리그램(아세트아미노펜),Tacenol Tab. 160mg,부광약품(주),"BUKWANG PHARM. CO., LTD.",2022-04-27,의약품,5140,정상,,아세트아미노펜,"미결정셀룰로오스,딸기향(HF-BC22562),스테아르산마그네슘,탤크,전분글리콜산나트륨,수크랄로오스,히드록시프로필셀룰로오스",,일반의약품,완제의약품,신고,제조,,원형,,,8.0,8.0,N,"8806422045801,8806422045818",N02BE01,,202201721,,Acetaminophen
201504877,타세놀정500밀리그램(아세트아미노펜),Tacenol Tab. 500mg,부광약품(주),"BUKWANG PHARM. CO., LTD.",2015-07-16,의약품,5083,정상,,아세트아미노펜,"탭쉴드흰색(11W287),미결정셀룰로오스,스테아르산마그네슘,카르나우바납,탤크,전분글리콜산나트륨,히드록시프로필셀룰로오스",,일반의약품,완제의약품,신고,제조,,장방형,,,17.4,7,N,"8806422038902,8806422038919,8806422038926",N02BE01,,201504877,,Acetaminophen
202301092,타세놀콜드시럽,Tacenol Cold Syrup,부광약품(주),"BUKWANG PHARM. CO., LTD.",2023-03-31,의약품,5149,정상,,아세트아미노펜/클로르페니라민말레산염/dl-메틸에페드린염산염/구아이페네신/카페인무수물/티페피딘히벤즈산염,"프로필렌글리콜,시트르산수화물,벤조산나트륨,애플민트향(514165),자일리톨,염화나트륨,수크랄로스,에데트산나트륨수화물,포비돈,효소처리스테비아,잔탄검,시트르산나트륨수화물,적색40호,D-소르비톨액,오렌지엣센스(B-4515),아세설팜칼륨,농글리세린,정제수",,일반의약품,완제의약품,신고,제조,,,,,,,N,"8806422047102,8806422047119,8806422047126",R05X,,202301092,,Acetaminophen/Chlorpheniramine Maleate/DL-Methylephedrine Hydrochloride/Guaifenesin/Anhydrous Caffeine/Tipepidine Hibenzate
202204622,타세놀콜드캡슐,Tacenol Cold Cap.,부광약품(주),"BUKWANG PHARM. CO., LTD.",2022-12-23,의약품,5146,정상,,아세트아미노펜/덱스트로메토르판브롬화수소산염수화물/dl-메틸에페드린염산염/구아이페네신/클로르페니라민말레산염/카페인무수물,"미결정셀룰로오스,유당수화물,콜로이드성이산화규소,스테아르산마그네슘,탤크,캡슐",,일반의약품,완제의약품,신고,제조,,장방형,,,19.0,6.3,N,"8806422046808,8806422046815",R05X,,202204622,,Acetaminophen/Dextromethorphan Hydrobromide Hydrate/DL-Methylephedrine Hydrochloride/Guaifenesin/Chlorpheniramine Maleate/Anhydrous Caffeine
202302828,타세놀키즈시럽(아세트아미노펜),Tacenol Kids Syrup(Acetaminophen),부광약품(주),"BUKWANG PHARM. CO., LTD.",2023-09-26,의약품,5153,정상,,아세트아미노펜,"프로필렌글리콜,시트르산수화물,딸기향(3104145),프로필파라벤,수크랄로스,백당,잔탄검,미결정셀룰로오스·카르복시메틸셀룰로오스,농글리세린,D-소르비톨액(70%),조합향료(체리후레바(6009)),정제수",,일반의약품,완제의약품,신고,제조,,,,,,,N,"8806422047508,8806422047515,8806422047522",N02BE01,,202302828,,Acetaminophen
199600669,타스멘정(아세트아미노펜),Tasmen Tab(acetaminophen),대우제약(주),daewoopharm,1996-05-14,의약품,29,정상,,아세트아미노펜,"베타덱스,에틸셀룰로오스,스테비올배당체,유당수화물,폴리에틸렌글리콜6000,콜로이드성이산화규소,수크랄로스,카라멜향,스테아르산마그네슘,전호화전분,전분글리콜산나트륨",,일반의약품,완제의약품,신고,제조,,원형,,,10.6,10.6,N,"8806496022203,8806496022210,8806496022227",N02BE01,,199600669,,Acetaminophen
200000999,타스펜8시간이알서방정650밀리그람(아세트아미노펜)(수출명:도로돈이알정),Taspen Er Tab. 650mg,대우제약(주),daewoopharm,2000-04-28,의약품,437,정상,,아세트아미노펜,"탭쉴드흰색 11W001,미결정셀룰로오스,스테아르산마그네슘,포비돈,전호화전분,옥수수전분,전분글리콜산나트륨,히드록시에틸셀룰로오스,히드록시프로필셀룰로오스",,일반의약품,완제의약품,허가,제조,,장방형,,,19.0,7.7,N,"8806496022302,8806496022319,8806496022326,8806496022333,8806496022340",N02BE01,,200000999,,Acetaminophen
201905906,타스펜주(아세트아미노펜),Tasphen Inj(Acetaminophen),대우제약(주),daewoopharm,2019-08-21,의약품,5112,정상,,아세트아미노펜,"인산일수소나트륨무수물,수산화나트륨,L-시스테인염산염일수화물,염산,주사용수,D-만니톨",,전문의약품,완제의약품,신고,제조,,,,,,,N,"8806496052804,8806496052811,8806496052828",N02BE01,201905906,,,Acetaminophen
202200407,타이레놀8시간이알서방정(아세트아미노펜),Tylenol 8H Extended Release Tablet,켄뷰코리아판매유한회사,Kenvue Korea Selling & Distribution LLC,2022-01-25,의약품,64,정상,,아세트아미노펜,"미결정셀룰로오스,전호화전분1500,오파드라이 흰색 O3U180000,스테아르산마그네슘,포비돈,카르나우바납,전호화전분,분말셀룰로오스,옥수수전분,전분글리콜산나트륨,히드록시에틸셀룰로오스",,일반의약품,완제의약품,허가,수입,,타원형,,,19.2,7.8,N,"8806469026009,8806723002404,8806469026016,8806723002411,8806469026023,8806723002428",N02BE01,,202200407,"캐나다,인도네시아",Acetaminophen
202201300,타이레놀산500밀리그램(아세트아미노펜),Tylenol Powder 500mg(Acetaminophen),켄뷰코리아판매유한회사,Kenvue Korea Selling & Distribution LLC,2022-04-04,의약품,59,정상,,아세트아미노펜 과립,"탄산수소나트륨,시트르산,자일리톨,수크랄로스,스테아르산마그네슘,천연베리향 624691",,일반의약품,완제의약품,허가,수입,,,,,,,N,"8806723001803,8806723001810,8806723001827",N02BE01,,202201300,캐나다,Acetaminophen Granules
202106092,타이레놀정500밀리그람(아세트아미노펜),Tylenol Tablet 500mg,켄뷰코리아판매유한회사,Kenvue Korea Selling & Distribution LLC,2021-08-23,의약품,60,정상,,아세트아미노펜,"오파드라이흰색(YS-1-7027),스테아르산마그네슘,카르나우바납,전호화전분,분말셀룰로오스,전분글리콜산나트륨,옥수수전분",,일반의약품,완제의약품,신고,수입,,장방형,,,17.6,7.1,N,"8806469025705,8806723002305,8806469025729,8806723002312,8806469025712,8806723002329,8806469025736,8806723002336,8806723002343",N02BE01,,202106092,"중국,인도네시아",Acetaminophen
202106954,타이레놀콜드-에스정,Tylenol Cold-S Tablet,켄뷰코리아판매유한회사,Kenvue Korea Selling & Distribution LLC,2021-10-15,의약품,61,정상,,아세트아미노펜/슈도에페드린염산염/덱스트로메토르판브롬화수소산염/클로르페니라민말레산염,"황색5호,미결정셀룰로오스,황색4호,스테아르산마그네슘,전호화전분,분말셀룰로오스,전분글리콜산나트륨,옥수수전분",,일반의약품,완제의약품,신고,수입,,장방형,,,16.8,6.8,N,"8806469025804,8806723002206,8806469025811,8806723002213",R05X,,202106954,인도네시아,Acetaminophen/Pseudoephedrine Hydrochloride/Dextromethorphan Hydrobromide/Chlorpheniramine Maleate
201905693,타이레펜8시간이알서방정650밀리그램(아세트아미노펜),Tylephen 8hrs ER Tab.,(주)휴비스트제약,"Huvist Pharm. Co., Ltd.",2019-08-13,의약품,5150,정상,,아세트아미노펜,"탭쉴드흰색 11W001,미결정셀룰로오스,스테아르산마그네슘,포비돈,전호화전분,옥수수전분,전분글리콜산나트륨,히드록시에틸셀룰로오스,히드록시프로필셀룰로오스",,일반의약품,완제의약품,허가,제조,,타원형,,,19.2,7.6,N,"8806288014409,8806288014423,8806288014430,8806288014416",N02BE01,,201905693,,Acetaminophen
202001214,타이렌연질캡슐(아세트아미노펜),Tylen Soft Cap.,(주)에이프로젠바이오로직스,Aprogen Biologics Inc.,2020-02-20,의약품,5254,정상,,아세트아미노펜,"프로필렌글리콜,폴리에틸렌글리콜400,젤라틴,포비돈,안나토색소,정제수,소르비톨 소르비탄액",,일반의약품,완제의약품,신고,제조,,타원형,,,21.2,9.6,N,"8806452102406,8806452102413",N02BE01,,202001214,,Acetaminophen
202002391,타이로펜연질캡슐(아세트아미노펜),Tairophen Soft Cap.,(주)알피바이오,RP Bio Inc.,2020-04-06,의약품,5238,정상,,아세트아미노펜,"프로필렌글리콜,폴리에틸렌글리콜400,젤라틴,포비돈,소르비톨스페셜글리세린블렌드,정제수",,일반의약품,완제의약품,신고,제조,,타원형,,,20.0,10.1,N,"8806616052905,8806616052912",N02BE01,,202002391,,Acetaminophen
202401033,타이리빈산,Tyribin Powder,(주)씨엠지제약,"CMG Pharmaceutical Co., Ltd",2024-04-29,의약품,5235,정상,,아세트아미노펜/리보플라빈,"에틸셀룰로오스,조합향료(레몬향코튼),트리에틸시트르산염,자일리톨,히드록시프로필베타덱스,수크랄로스,콜로이드성이산화규소,스테아르산마그네슘,탤크",,일반의약품,완제의약품,신고,제조,,,,,,,N,"8806486048206,8806486048213,8806486048220",N02BE51,,202401033,,Acetaminophen/Riboflavin
200502086,타이리콜8시간이알서방정(아세트아미노펜),Tylicol Er Tab.,하나제약(주),"Hana Pharm. Co., Ltd.",2005-03-31,의약품,294,정상,,아세트아미노펜,"저치환도히드록시프로필셀룰로오스,히프로멜로오스2910,유당수화물,폴리에틸렌글리콜6000,산화티탄,스테아르산마그네슘,전분글리콜산나트륨,히드록시프로필셀룰로오스",,일반의약품,완제의약품,허가,제조,,장방형,,,18.9,7.6,N,"8806578019701,8806578019718,8806578019725,8806578019732",N02BE01,,200502086,,Acetaminophen
201903291,타이리콜주(아세트아미노펜),Tylicol Inj.,하나제약(주),"Hana Pharm. Co., Ltd.",2019-05-21,의약품,5183,정상,,아세트아미노펜,"수산화나트륨,인산일수소나트륨이수화물,염산,주사용수,시스테인염산염수화물,만니톨",,전문의약품,완제의약품,허가,제조,,,,,,,N,"8806578065807,8806578065814",N02BE01,201903291,,,Acetaminophen
201802995,타이맥스연질캡슐(아세트아미노펜),Tymax Soft capsule,코스맥스파마(주),"COSMAX PHARMA CO., LTD.",2018-07-19,의약품,5141,정상,,아세트아미노펜,"프로필렌글리콜,폴리에틸렌글리콜400,젤라틴,포비돈,안나토색소,정제수,소르비톨 소르비탄액",,일반의약품,완제의약품,허가,제조,,타원형,,,21.7,10.1,N,"8800540011700,8800551020609,8800540011717,8800551020616",N02BE01,,201802995,,Acetaminophen
202002173,타이몰8시간이알서방정650밀리그램(아세트아미노펜),Tymore 8 hours ER Tab. 650mg,(주)동구바이오제약,"DongKoo Bio&Pharma Co., Ltd.",2020-03-30,의약품,5295,정상,,아세트아미노펜,"미결정셀룰로오스,탭쉴드흰색(11W001),스테아르산마그네슘,포비돈,전호화전분,옥수수전분,전분글리콜산나트륨,히드록시에틸셀룰로오스,히드록시프로필셀룰로오스",,일반의약품,완제의약품,허가,제조,,타원형,,,19.1,7.5,N,"8806573081925,8806573081932,8806573081918,8806573081901",N02BE01,,202002173,,Acetaminophen
202108066,타이세프정,TYCEF tab.,주식회사더유제약,"Theu PHARMACEUTICAL Co., Ltd.",2021-12-22,의약품,166,정상,,아세트아미노펜/카페인,"저치환도히드록시프로필셀룰로오스,콜로이드성이산화규소,스테아르산마그네슘,전분글리콜산나트륨,히드록시프로필셀룰로오스",,일반의약품,완제의약품,신고,제조,,,,,,,N,,,,,,Acetaminophen/Caffeine
202402904,타이센산160밀리그램(아세트아미노펜),Tyxen Powder 160mg,(주)씨엠지제약,"CMG Pharmaceutical Co., Ltd",2024-12-10,의약품,5257,정상,,아세트아미노펜,"에틸셀룰로오스,트리에틸시트르산염,자일리톨,히드록시프로필베타덱스,수크랄로스,스테아르산마그네슘,콜로이드성이산화규소,탤크,조합향료(포도향코튼)",,일반의약품,완제의약품,신고,제조,,,,,,,N,"8806486050308,8806486050315,8806486050322",N02BE01,,,,Acetaminophen
202402905,타이센산500밀리그램(아세트아미노펜),Tyxen Powder 500mg,(주)씨엠지제약,"CMG Pharmaceutical Co., Ltd",2024-12-10,의약품,5258,정상,,아세트아미노펜,"에틸셀룰로오스,조합향료(레몬향코튼),트리에틸시트르산염,자일리톨,히드록시프로필베타덱스,수크랄로스,스테아르산마그네슘,콜로이드성이산화규소,탤크",,일반의약품,완제의약품,신고,제조,,,,,,,N,"8806486050407,8806486050414,8806486050421",N02BE01,,,,Acetaminophen
202302139,타이센정500밀리그램(아세트아미노펜),Tyxen tablet 500mg(Acetaminophen),(주)씨엠지제약,"CMG Pharmaceutical Co., Ltd",2023-07-12,의약품,5213,정상,,아세트아미노펜,"미결정셀룰로오스,오파드라이흰색(03B28796),크로스카멜로오스나트륨,스테아르산마그네슘,카르나우바납,전분글리콜산나트륨,히드록시프로필셀룰로오스",,일반의약품,완제의약품,신고,제조,,타원형,,,17.5,7.1,N,"8806486046103,8806486046110,8806486046127,8806486046134",N02BE01,,202302139,,Acetaminophen
200402947,타이펜8시간이알서방정,TYPENERRETARDTAB.,영풍제약(주),"Young Poong Pharmaceutical Co., Ltd.",2004-09-17,의약품,574,정상,,아세트아미노펜,"라우릴황산나트륨,포비돈 K30,미결정셀룰로오스,히프로멜로오스,호화전분,스테아르산마그네슘,히드록시에틸셀룰로오스,옥수수전분,전분글리콜산나트륨",,일반의약품,완제의약품,신고,제조,,장방형,,,20,6,N,"8806619017109,8806619017116,8806619017123,8806619017130,8806619017147,8806619017154",N02BE01,,200402947,,Acetaminophen
200308632,타이핀정(수출용),Taipin Tab.,영풍제약(주),"Young Poong Pharmaceutical Co., Ltd.",2003-10-17,의약품,509,정상,,아세트아미노펜/말레인산돔페리돈,"폴리소르베이트80,미결정셀룰로오스,피마자유,유당,산화티탄,폴리에칠렌글리콜6000,옥수수전분,전분글리콜산나트륨,스테아린산마그네슘,히드록시프로필메칠셀룰로오스2910",,일반의약품,완제의약품,신고,제조,,,,,,,N,8806619017307,N02CX,,,,Acetaminophen/Domperidone Maleate
200512163,타코펜캡슐,Tacopen Cap.,구주제약(주),"GUJU Pharm Co., Ltd.",2005-01-05,마약류,17,취하,,아세트아미노펜/이부프로펜/코데인인산염수화물,"전분글리콜산나트륨,캡슐",,전문의약품,완제의약품,허가,제조,마약,,,,,,N,"8806698027105,8806698027112",N02AJ09,,,,Acetaminophen/Ibuprofen/Codeine Phosphate Hydrate
202100735,타코펜캡슐(수출용),Tacopen Cap. (for export),구주제약(주),"GUJU Pharm Co., Ltd.",2021-01-25,마약류,3,취하,,아세트아미노펜/이부프로펜/코데인인산염수화물,"전분글리콜산나트륨,캡슐",,전문의약품,완제의약품,허가,수출,마약,,,,,,N,,,,,,Acetaminophen/Ibuprofen/Codeine Phosphate Hydrate
202301311,탁센아세트아미노펜정500밀리그램(아세트아미노펜),Taksen acetaminophen 500mg Tablet,(주)녹십자,GC Biopharma Corp.,2023-04-21,의약품,5167,정상,,아세트아미노펜,"미결정셀룰로오스,오파드라이흰색(03B28796),크로스카멜로오스나트륨,스테아르산마그네슘,카르나우바납,전분글리콜산나트륨,히드록시프로필셀룰로오스",,일반의약품,완제의약품,신고,제조,,타원형,,,17.4,7.0,N,"8806436065406,8806436065413,8806436065420",N02BE01,,202301311,,Acetaminophen
201906596,탐펜주(아세트아미노펜),Tamphen Inj.,(주)에이프로젠바이오로직스,Aprogen Biologics Inc.,2019-09-20,의약품,5243,정상,,아세트아미노펜,"인산일수소나트륨무수물,수산화나트륨,L-시스테인염산염일수화물,염산,주사용수,D-만니톨",,전문의약품,완제의약품,신고,제조,,,,,,,N,"8806452101300,8806452101317,8806452101416,8806452101409",N02BE01,,,,Acetaminophen
202008795,테라노즈연질캡슐,Teranose Soft Capsule,코스맥스파마(주),"COSMAX PHARMA CO., LTD.",2020-12-15,의약품,5192,취하,,아세트아미노펜/슈도에페드린염산염/dl-메틸에페드린염산염/덱스트로메토르판브롬화수소산염수화물/트리프롤리딘염산염수화물,"프로필렌글리콜,적색3호,황색5호,폴리에틸렌글리콜400,젤라틴,포비돈,소르비톨소르비탄 액,정제수",,일반의약품,완제의약품,신고,제조,,,,,,,N,"8800551024904,8800551024911,8800551024928",R05X,,,,Acetaminophen/Pseudoephedrine Hydrochloride/DL-Methylephedrine Hydrochloride/Dextromethorphan Hydrobromide Hydrate/Triprolidine Hydrochloride Hydrate
201907586,테라노펜엠정,Teranophen-M Tab,(주)테라젠이텍스,"THERAGEN ETEX CO., LTD.",2019-10-30,의약품,5219,유효기간만료,,아세트아미노펜/아스피린/카페인무수물,"미결정셀룰로오스,스테아르산마그네슘,전분글리콜산나트륨,히드록시프로필셀룰로오스",,일반의약품,완제의약품,신고,제조,,,,,,,N,8806985046604,N02BE51,,,,Acetaminophen/Aspirin/Anhydrous Caffeine
202203540,테라노펜정,TheraNoPain,(주)테라젠이텍스,"THERAGEN ETEX CO., LTD.",2022-09-13,의약품,5295,정상,,아세트아미노펜/벤포티아민,"크로스포비돈,미결정셀룰로오스 ,탭쉴드흰색(19W623),스테아르산마그네슘,전호화전분,경질무수규산,히드록시프로필셀룰로오스",,일반의약품,완제의약품,신고,제조,,,,,,,N,"8806985046802,8806985046819",N02BE51,,,,Acetaminophen/Benfotiamine
202008676,테라코프연질캡슐,Teracough Soft Capsule,코스맥스파마(주),"COSMAX PHARMA CO., LTD.",2020-12-10,의약품,5191,취하,,아세트아미노펜/구아이페네신/노스카핀염산염수화물/덱스트로메토르판브롬화수소산염수화물/트리프롤리딘염산염수화물,"프로필렌글리콜,황색5호,폴리에틸렌글리콜400,젤라틴,포비돈,정제수,소르비톨 소르비탄액,청색1호",,일반의약품,완제의약품,신고,제조,,,,,,,N,"8800551024805,8800551024812,8800551024829",R05X,,,,Acetaminophen/Guaifenesin/Noscapine Hydrochloride Hydrate/Dextromethorphan Hydrobromide Hydrate/Triprolidine Hydrochloride Hydrate
202007739,테라콜드연질캡슐,TeraCold Soft Capsule,코스맥스파마(주),"COSMAX PHARMA CO., LTD.",2020-11-11,의약품,5190,정상,,아세트아미노펜/구아이페네신/슈도에페드린염산염/dl-메틸에페드린염산염/덱스트로메토르판브롬화수소산염수화물/트리프롤리딘염산염수화물,"프로필렌글리콜,폴리에틸렌글리콜400,젤라틴,포비돈,소르비톨소르비탄 액,적색40호,정제수,청색1호",,일반의약품,완제의약품,신고,제조,,타원형,,,14.8,9.4,N,"8800551024607,8800551024614,8800551024621",R05X,,202007739,,Acetaminophen/Guaifenesin/Pseudoephedrine Hydrochloride/DL-Methylephedrine Hydrochloride/Dextromethorphan Hydrobromide Hydrate/Triprolidine Hydrochloride Hydrate
201310700,테라펜세미정,,(주)넥스팜코리아,nexpharm korea,2013-12-16,의약품,5037,정상,,트라마돌염산염/아세트아미노펜,"히프로멜로오스2910,이산화규소,산화티탄,포비돈,스테아르산마그네슘,황색4호 알루미늄레이크,전호화전분,미결정셀룰로오스(102),전분글리콜산나트륨",,전문의약품,완제의약품,허가,제조,,장방형,,,12.03,5.12,N,"8806625028700,8806625028717,8806625028724",N02AJ13,201310700,,,Tramadol Hydrochloride/Acetaminophen
200713377,테라펜정,,(주)넥스팜코리아,nexpharm korea,2007-12-14,의약품,321,정상,,트라마돌염산염/아세트아미노펜,"황색4호알루미늄레이크,미결정셀룰로오스,히프로멜로오스,이산화규소,산화티탄,젤라틴,포비돈,스테아르산마그네슘,전호화전분,카르복시메틸셀룰로오스칼슘,전분글리콜산나트륨,옥수수전분",,전문의약품,완제의약품,신고,제조,,장방형,,,15.1,6.6,N,"8806625020100,8806625020117,8806625020131,8806625020148,8806625020155,8806625020162,8806625020179",N02AJ13,200713377,,,Tramadol Hydrochloride/Acetaminophen
200807357,테라플루나이트타임건조시럽,Theraflu Nighttime dry syrup,헤일리온코리아주식회사,"Haleon Korea Co., Ltd.",2008-07-03,의약품,40,정상,,아세트아미노펜/페니라민말레산염/페닐레프린염산염,"황색5호,말토덱스트린,시트르산,백당,콜로이드성함수이산화규소,황색203호,레몬향(천연,두라롬),시트르산나트륨수화물,인산칼슘,레몬향(천연,두라롬WONF),아세설팜칼륨",,일반의약품,완제의약품,허가,수입,,,,,,,N,"8800516002503,8806536013901,8800516002510,8806536013918,8800516002527,8806536013925,8800516002534",N02BE51,,200807357,"캐나다,프랑스",Acetaminophen/Pheniramine Maleate/Phenylephrine Hydrochloride
200807251,테라플루데이타임건조시럽,THERAFLU DAYTIME DRY SYRUP,헤일리온코리아주식회사,"Haleon Korea Co., Ltd.",2008-06-30,의약품,39,정상,,아세트아미노펜/페닐레프린염산염,"황색5호,말토덱스트린,시트르산,백당,콜로이드성함수이산화규소,황색203호,레몬향(천연,두라롬),시트르산나트륨수화물,인산칼슘,레몬향(천연,두라롬WONF),아세설팜칼륨",,일반의약품,완제의약품,허가,수입,,,,,,,N,"8800516002404,8806536014007,8800516002411,8806536014014,8800516002428,8806536014021,8800516002435",N02BE51,,200807251,"캐나다,프랑스",Acetaminophen/Phenylephrine Hydrochloride
201101292,테라플루콜드앤코프나이트타임건조시럽,Theraflu Cold & Cough Nighttime dry syrup,헤일리온코리아주식회사,"Haleon Korea Co., Ltd.",2011-03-10,의약품,52,정상,,아세트아미노펜/디펜히드라민염산염/페닐레프린염산염,"말토덱스트린,천연레몬두라롬860202,시트르산,제삼인산칼슘,아스파탐,이산화규소,백당,백차WONF두라롬858233,천연허니WONF두라롬860340,시트르산나트륨수화물,황색203호,적색40호,천연카모마일두라롬860335,천연레몬WONF두라롬860098,아세설팜칼륨,청색1호",,일반의약품,완제의약품,허가,수입,,,,,,,N,"8806536022408,8800516002923,8806536022415,8800516002916,8806536022422,8800516002909",N02BE51,,201101292,미국,Acetaminophen/Diphenhydramine Hydrochloride/Phenylephrine Hydrochloride
201101293,테라플루콜드앤코프데이타임건조시럽,Theraflu Cold & Cough Daytime dry syrup,헤일리온코리아주식회사,"Haleon Korea Co., Ltd.",2011-03-10,의약품,51,정상,,아세트아미노펜/덱스트로메토르판브롬화수소산염수화물/페닐레프린염산염,"말토덱스트린,천연블루베리WONF두라롬860105,시트르산,천연크렌베리두라롬861149,제삼인산칼슘,아스파탐,이산화규소,백당,천연라즈베리WONF두라롬858177,시트르산나트륨수화물,적색40호,천연멘톨두라롬860547,그린티엑스두라롬861303,아세설팜칼륨,청색1호",,일반의약품,완제의약품,허가,수입,,,,,,,N,"8800516002800,8806536022507,8806536022514,8800516002824,8806536022521,8800516002817",N02BE51,,201101293,미국,Acetaminophen/Dextromethorphan Hydrobromide Hydrate/Phenylephrine Hydrochloride
200502466,토루판정(아세트아미노펜),Tolupan Tab.,조아제약(주),"Cho-a pharm.co.,ltd",2005-08-29,의약품,115,유효기간만료,,아세트아미노펜,"무수인산수소칼슘,포비돈 K30,전분글리콘산마그네슘,스테아르산마그네슘,히프로멜로오스 2910,에탄올,디아세틸레이티드모노글리세라이드",,일반의약품,완제의약품,신고,제조,,,,,,,N,"8806446013701,8806446013718",N02BE01,,200502466,,Acetaminophen
202201939,토탈노즈플루연질캡슐,Total nose soft cap.,코스맥스파마(주),"COSMAX PHARMA CO., LTD.",2022-05-11,의약품,5224,취하,,아세트아미노펜/슈도에페드린염산염/클로르페니라민말레산염,"프로필렌글리콜,심황색소,폴리에틸렌글리콜400,젤라틴,포비돈,소르비톨소르비탄 액,정제수",,일반의약품,완제의약품,신고,제조,,,,,,,N,"8800551026809,8800551026816",R05X,,,,Acetaminophen/Pseudoephedrine Hydrochloride/Chlorpheniramine Maleate
202202609,토탈코프플루연질캡슐,Total cough soft cap.,코스맥스파마(주),"COSMAX PHARMA CO., LTD.",2022-06-22,의약품,5227,정상,,아세트아미노펜/구아이페네신/덱스트로메토르판브롬화수소산염/DL-메틸에페드린염산염,"프로필렌글리콜,치자청색소,폴리에틸렌글리콜400,젤라틴,포비돈,소르비톨소르비탄 액,정제수",,일반의약품,완제의약품,신고,제조,,타원형,,,19.8,8.8,N,"8800551027004,8800551027011",R05X,,202202609,,Acetaminophen/Guaifenesin/Dextromethorphan Hydrobromide/DL-Methylephedrine Hydrochloride
202202488,토탈플루연질캡슐,Total plu soft cap.,코스맥스파마(주),"COSMAX PHARMA CO., LTD.",2022-06-14,의약품,5226,정상,,아세트아미노펜/구아이페네신/슈도에페드린염산염/덱스트로메토르판브롬화수소산염/클로르페니라민말레산염/DL-메틸에페드린염산염,"프로필렌글리콜,폴리에틸렌글리콜400,젤라틴,포비돈,소르비톨소르비탄 액,안나토색소,정제수",,일반의약품,완제의약품,신고,제조,,타원형,,,19.8,9.2,N,"8800551026908,8800551026915",R05X,,202202488,,Acetaminophen/Guaifenesin/Pseudoephedrine Hydrochloride/Dextromethorphan Hydrobromide/Chlorpheniramine Maleate/DL-Methylephedrine Hydrochloride
201200076,토푸렉실플러스시럽,Toplexil Plus Syrup,알보젠코리아(주),"Alvogen Korea Co., Ltd.",2012-01-03,의약품,3101,유효기간만료,,아세트아미노펜/구아이페네신/노스카핀염산염수화물,"시트르산수화물,벤조산나트륨,백당,카라멜색소,카라멜향,시트르산나트륨수화물,농글리세린,정제수",,일반의약품,완제의약품,신고,제조,,,,,,,N,"8806526030901,8806526030918,8806526030925",R05X,,201200076,,Acetaminophen/Guaifenesin/Noscapine Hydrochloride Hydrate
202400643,톡아세리보산,Toc Acete Q Powder,(주)코아팜바이오,Corepharm Bio,2024-03-25,의약품,2,정상,,아세트아미노펜/리보플라빈,"에틸셀룰로오스,조합향료(레몬향코튼),트리에틸시트르산염,자일리톨,히드록시프로필베타덱스,수크랄로스,콜로이드성이산화규소,스테아르산마그네슘,탤크,조합향료(천연베리과일향분말)",,일반의약품,완제의약품,신고,제조,,,,,,,N,"8800517000904,8800517000928,8800517000911",N02BE51,,,,Acetaminophen/Riboflavin
202402317,톡아세트산500밀리그램(아세트아미노펜),Toc Acete Powder 500mg(Acetaminophen),(주)코아팜바이오,Corepharm Bio,2024-09-26,의약품,6,정상,,아세트아미노펜,"에틸셀룰로오스,조합향료(레몬향코튼),트리에틸시트르산염,자일리톨,히드록시프로필베타덱스,수크랄로스,스테아르산마그네슘,콜로이드성이산화규소,탤크,조합향료(포도향코튼)",,일반의약품,완제의약품,신고,제조,,,,,,,N,"8800517000607,8800517000614,8800517000621",N02BE01,,,,Acetaminophen
202402345,톡아세트키즈산(아세트아미노펜),Toc Acete Kids Powder(Acetaminophen),(주)코아팜바이오,Corepharm Bio,2024-09-30,의약품,7,정상,,아세트아미노펜,"에틸셀룰로오스,트리에틸시트르산염,자일리톨,히드록시프로필베타덱스,수크랄로스,스테아르산마그네슘,콜로이드성이산화규소,탤크,조합향료(포도향코튼)",,일반의약품,완제의약품,신고,제조,,,,,,,N,"8800517000515,8800517000508,8800517000522",N02BE01,,,,Acetaminophen
202502596,톡아야산,Toc Aya Powder,(주)코아팜바이오,Corepharm Bio,2025-10-01,의약품,14,정상,,아세트아미노펜/DL-메틸에페드린염산염/티페피딘시트르산염/리보플라빈/클로르페니라민말레산염,"에틸셀룰로오스,조합향료(레몬향코튼),트리에틸시트르산염,자일리톨,히드록시프로필베타덱스,스테아르산마그네슘,콜로이드성이산화규소,효소처리스테비아,탤크",,일반의약품,완제의약품,신고,제조,,,,,,,N,,,,,,Acetaminophen/DL-Methylephedrine Hydrochloride/Tipepidine Citrate/Riboflavin/Chlorpheniramine Maleate
202401400,톡코프산,Toc Cough Powder,(주)코아팜바이오,Corepharm Bio,2024-06-05,의약품,4,정상,,아세트아미노펜/DL-메틸에페드린염산염/덱스트로메토르판브롬화수소산염수화물,"에틸셀룰로오스,조합향료(레몬향코튼),트리에틸시트르산염,히프로멜로오스,자일리톨,수크랄로스,스테아르산마그네슘,콜로이드성이산화규소,효소처리스테비아,탤크",,일반의약품,완제의약품,신고,제조,,,,,,,N,"8800517001000,8800517001017,8800517001024",R05X,,,,Acetaminophen/DL-Methylephedrine Hydrochloride/Dextromethorphan Hydrobromide Hydrate
202401427,톡콜드산,Toc Cold Powder,(주)코아팜바이오,Corepharm Bio,2024-06-11,의약품,5,정상,,아세트아미노펜/DL-메틸에페드린염산염/덱스트로메토르판브롬화수소산염수화물/클로르페니라민말레산염,"에틸셀룰로오스,조합향료(레몬향코튼),트리에틸시트르산염,자일리톨,스테아르산마그네슘,콜로이드성이산화규소,효소처리스테비아,탤크,조합향료(천연베리과일향분말)",,일반의약품,완제의약품,신고,제조,,,,,,,N,"8800517001109,8800517001116,8800517001123",R05X,,,,Acetaminophen/DL-Methylephedrine Hydrochloride/Dextromethorphan Hydrobromide Hydrate/Chlorpheniramine Maleate
202502298,톡콜콜산,Toc Col Col Powder,(주)코아팜바이오,Corepharm Bio,2025-09-02,의약품,13,정상,,아세트아미노펜 제피세립/카페인무수물/DL-메틸에페드린염산염/티페피딘시트르산염/리보플라빈/클로르페니라민말레산염,"에틸셀룰로오스,조합향료(레몬향코튼),자일리톨,히드록시프로필베타덱스,스테아르산마그네슘,콜로이드성이산화규소,효소처리스테비아,탤크",,일반의약품,완제의약품,신고,제조,,,,,,,N,,,,,,Microencapsulated Acetaminophen/Anhydrous Caffeine/DL-Methylephedrine Hydrochloride/Tipepidine Citrate/Riboflavin/Chlorpheniramine Maleate
200102256,투윈비정(수출용),TO · WIN  · B Tab.,경동제약(주),"KyungDong Pharm. Co., Ltd.",2001-04-06,의약품,138,취하,,아세트아미노펜/수도에페드린염산염/클로르페니라민말레산염,"프로필렌글리콜,적색3호,저치환도히드록시프로필셀룰로오스,미결정셀룰로오스,히프로멜로오스,산화티탄,콜로이드성이산화규소,스테아르산마그네슘,탤크,전분글리콜산나트륨,히드록시프로필셀룰로오스",,일반의약품,완제의약품,신고,제조,,,,,,,N,"8806481021808,8806481021815,8806481021822,8806481021839,8806481021846,8806481021853",R05X,,,,Acetaminophen/Pseudoephedrine Hydrochloride/Chlorpheniramine Maleate
200102255,투윈콜캡슐(수출용),To-Win-Cold Cap.,경동제약(주),"KyungDong Pharm. Co., Ltd.",2001-02-03,의약품,136,취하,,아세트아미노펜/클로르페니라민말레산염/dl-메틸에페드린염산염/카페인무수물/클로페라스틴염산염/세라티오펩티다제/티아민질산염/리보플라빈,"저치환도히드록시프로필셀룰로오스,스테아르산마그네슘,옥수수전분,히드록시프로필셀룰로오스,캡슐",,일반의약품,완제의약품,신고,제조,,,,,,,N,"8806481021907,8806481021914,8806481021921,8806481021938,8806481021945,8806481021952",R05X,,,,Acetaminophen/Chlorpheniramine Maleate/DL-Methylephedrine Hydrochloride/Anhydrous Caffeine/Cloperastine Hydrochloride/Serratiopeptidase/Thiamine Nitrate/Riboflavin
201501074,투콜캡슐,,(주)아이월드제약,"i-World Pharm Co., Ltd.",2015-03-02,의약품,609,유효기간만료,,노스카핀/dl-메틸에페드린염산염/아세트아미노펜/클로르페니라민말레산염/카페인무수물/원지가루/육계가루,"이산화규소,유당수화물,스테아르산마그네슘,옥수수전분,캡슐",,일반의약품,완제의약품,신고,제조,,,,,,,N,"8806696043701,8806696043718,8806696043725,8806696043732",R05X,,201501074,,Noscapine/DL-Methylephedrine Hydrochloride/Acetaminophen/Chlorpheniramine Maleate/Anhydrous Caffeine/Polygala Root Powder/Cinnamon Bark Powder
202301134,툭툭코프연질캡슐,Tuk-tuk Cough Soft Cap.,(주)알피바이오,RP Bio Inc.,2023-04-04,의약품,5301,취하,,아세트아미노펜/구아이페네신/DL-메틸에페드린염산염/덱스트로메토르판브롬화수소산염수화물/노스카핀염산염수화물,"프로필렌글리콜,폴리에틸렌글리콜400,젤라틴,포비돈,소르비톨스페셜글리세린블렌드,카카오색소,정제수",,일반의약품,완제의약품,신고,제조,,,,,,,N,,,,,,Acetaminophen/Guaifenesin/DL-Methylephedrine Hydrochloride/Dextromethorphan Hydrobromide Hydrate/Noscapine Hydrochloride Hydrate
202301135,툭툭콜드연질캡슐,Tuk-tuk Cold Soft Cap.,(주)알피바이오,RP Bio Inc.,2023-04-04,의약품,5302,취하,,아세트아미노펜/구아이페네신/슈도에페드린염산염/DL-메틸에페드린염산염/덱스트로메토르판브롬화수소산염수화물/클로르페니라민말레산염/노스카핀염산염수화물,"프로필렌글리콜,폴리에틸렌글리콜400,젤라틴,포비돈,소르비톨스페셜글리세린블렌드,카카오색소,정제수",,일반의약품,완제의약품,신고,제조,,,,,,,N,,,,,,Acetaminophen/Guaifenesin/Pseudoephedrine Hydrochloride/DL-Methylephedrine Hydrochloride/Dextromethorphan Hydrobromide Hydrate/Chlorpheniramine Maleate/Noscapine Hydrochloride Hydrate
202301247,툭툭플러스코프연질캡슐,Tuk-tuk 6 Cough Soft Cap.,(주)알피바이오,RP Bio Inc.,2023-04-14,의약품,5304,취하,,아세트아미노펜/구아이페네신/DL-메틸에페드린염산염/덱스트로메토르판브롬화수소산염수화물/노스카핀염산염수화물/육계 가루,"프로필렌글리콜,폴리에틸렌글리콜4000,치자청색소,락색소,폴리에틸렌글리콜400,젤라틴,산화티탄,소르비톨스페셜글리세린블렌드,정제수",,일반의약품,완제의약품,신고,제조,,,,,,,N,,,,,,Acetaminophen/Guaifenesin/DL-Methylephedrine Hydrochloride/Dextromethorphan Hydrobromide Hydrate/Noscapine Hydrochloride Hydrate/Cinnamon Bark Powder
202301249,툭툭플러스콜드연질캡슐,tuk-tuk 6 cold Soft Cap.,(주)알피바이오,RP Bio Inc.,2023-04-14,의약품,5303,취하,,아세트아미노펜/구아이페네신/DL-메틸에페드린염산염/덱스트로메토르판브롬화수소산염수화물/슈도에페드린염산염/클로르페니라민말레산염/노스카핀염산염수화물/육계 가루,"프로필렌글리콜,폴리에틸렌글리콜4000,치자청색소,폴리에틸렌글리콜400,젤라틴,산화티탄,소르비톨스페셜글리세린블렌드,카카오색소,정제수",,일반의약품,완제의약품,신고,제조,,,,,,,N,,,,,,Acetaminophen/Guaifenesin/DL-Methylephedrine Hydrochloride/Dextromethorphan Hydrobromide Hydrate/Pseudoephedrine Hydrochloride/Chlorpheniramine Maleate/Noscapine Hydrochloride Hydrate/Cinnamon Bark Powder
200705593,트라노펜세미정,Tramophen Semi Tab.,신풍제약(주),"SHIN POONG PHARM. CO., LTD",2007-05-16,의약품,718,정상,,아세트아미노펜/트라마돌염산염,"저치환도히드록시프로필셀룰로오스,미결정셀룰로오스,포비돈,스테아르산마그네슘,카르복시메틸셀룰로오스칼슘,오파드라이 Ⅱ 노란색(85F42086)",,전문의약품,완제의약품,신고,제조,,장방형,,,12.0,5.1,N,"8806485037300,8806485037317,8806485037324,8806485037331,8806485037348",N02AJ13,,,,Acetaminophen/Tramadol Hydrochloride
200705594,트라노펜정,Tramophen Tab.,신풍제약(주),"SHIN POONG PHARM. CO., LTD",2007-05-16,의약품,719,정상,,아세트아미노펜/트라마돌염산염,"저치환도히드록시프로필셀룰로오스,미결정셀룰로오스,포비돈,스테아르산마그네슘,카르복시메틸셀룰로오스칼슘,오파드라이 Ⅱ 노란색(85F42086)",,전문의약품,완제의약품,신고,제조,,장방형,,,15.5,6.4,N,"8806485037409,8806485037416,8806485037423,8806485037430,8806485037447",N02AJ13,,,,Acetaminophen/Tramadol Hydrochloride
201207590,트라마롤서방정,Tramarol ER T ab.,제일약품(주),"Jeil Pharmaceutical co.,Ltd",2012-10-31,의약품,5043,정상,,트라마돌염산염/아세트아미노펜,"오파드라이노란색(85F12347),저치환도히드록시프로필셀룰로오스,히프로멜로오스,크로스포비돈,황색4호,스테아르산마그네슘,포비돈,콜로이드성이산화규소",,전문의약품,완제의약품,허가,제조,,장방형,,,19,8.5,N,"8806454038307,8806454038314,8806454038321",N02AJ13,201207590,,,Tramadol Hydrochloride/Acetaminophen
201308279,트라마롤세미서방정,Tramarol Semi ER Tab.,제일약품(주),"Jeil Pharmaceutical co.,Ltd",2013-07-18,의약품,5068,정상,,트라마돌염산염/아세트아미노펜,"오파드라이노란색(85F12347),저치환도히드록시프로필셀룰로오스,히프로멜로오스,크로스포비돈,황색4호,스테아르산마그네슘,포비돈,콜로이드성이산화규소",,전문의약품,완제의약품,허가,제조,,원형,,,10.7,10.7,N,"8806454040508,8806454040515,8806454040522",N02AJ13,201308279,,,Tramadol Hydrochloride/Acetaminophen
201310117,트라마롤세미정,Tramarol Semi Tab.,제일약품(주),"Jeil Pharmaceutical co.,Ltd",2013-11-13,의약품,5071,정상,,아세트아미노펜/트라마돌염산염,"저치환도히드록시프로필셀룰로오스,오파드라이 노란색(03F62230),크로스포비돈,포비돈,스테아르산마그네슘",,전문의약품,완제의약품,허가,제조,,장방형,,,12,5.78,N,"8806454041604,8806454041611,8806454041628",N02AJ13,201310117,,,Acetaminophen/Tramadol Hydrochloride
201310118,트라마롤정,Tramarol Tab.,제일약품(주),"Jeil Pharmaceutical co.,Ltd",2013-11-13,의약품,5072,정상,,아세트아미노펜/트라마돌염산염,"저치환도히드록시프로필셀룰로오스,크로스포비돈,포비돈,스테아르산마그네슘,오파드라이 노란색(03F62330)",,전문의약품,완제의약품,허가,제조,,타원형,,,15.58,6.78,N,"8806454041703,8806454041710,8806454041727",N02AJ13,201310118,,,Acetaminophen/Tramadol Hydrochloride
201505164,트라마셋서방정,TRIMACET Tab.,제이더블유신약(주),JW sinyak,2015-07-30,의약품,5646,정상,,아세트아미노펜/트라마돌염산염,"저치환도히드록시프로필셀룰로오스,크로스포비돈,히프로멜로오스,콜로이드성이산화규소,포비돈,스테아르산마그네슘,오파드라이Ⅱ노란색(85F420033)",,전문의약품,완제의약품,허가,제조,,장방형,,,19.2,8.7,N,"8806441026904,8806441026911,8806441026928",N02AJ13,,,,Acetaminophen/Tramadol Hydrochloride
201506598,트라마셋세미서방정,TRIMACET SEMI Tab.,제이더블유신약(주),JW sinyak,2015-09-17,의약품,5650,정상,,아세트아미노펜/트라마돌염산염,"저치환도히드록시프로필셀룰로오스,크로스포비돈,히프로멜로오스,콜로이드성이산화규소,포비돈,스테아르산마그네슘,오파드라이Ⅱ노란색(85F420033)",,전문의약품,완제의약품,허가,제조,,원형,,,9.9,9.9,N,"8806441027406,8806441027413,8806441027420",N02AJ13,,,,Acetaminophen/Tramadol Hydrochloride
200804557,트라마셋정,TRIMACET Tab.,제이더블유신약(주),JW sinyak,2008-04-23,의약품,5029,정상,,아세트아미노펜/트라마돌염산염,"저치환도히드록시프로필셀룰로오스,크로스포비돈,스테아르산마그네슘,콜로이드성이산화규소,포비돈,오파드라이 Ⅱ 노란색(85F42086)",,전문의약품,완제의약품,신고,제조,,장방형,,,15.6,6.4,N,"8806441020100,8806449121601,8806441020124,8806449121618,8806441020117,8806449121625",N02AJ13,200804557,,,Acetaminophen/Tramadol Hydrochloride
201402890,트라마펜세미정,Tramapen Semi Tab.,구주제약(주),"GUJU Pharm Co., Ltd.",2014-06-30,의약품,5035,정상,,트라마돌염산염/아세트아미노펜,"저치환도히드록시프로필셀룰로오스,콜로이드성이산화규소,포비돈,스테아르산마그네슘,카르복시메틸셀룰로오스칼슘,탭쉴드노란색(21Y227)",,전문의약품,완제의약품,허가,제조,,장방형,,,12.0,5.4,N,"8806698043709,8806698043723,8806698043716",N02AJ13,,,,Tramadol Hydrochloride/Acetaminophen
200804563,트라마펜정,Tramapen Tab.,구주제약(주),"GUJU Pharm Co., Ltd.",2008-04-23,의약품,457,정상,,아세트아미노펜/트라마돌염산염,"저치환도히드록시프로필셀룰로오스,콜로이드성 이산화규소,히프로멜로오스2910,글리세릴베헤네이트,폴리에틸렌글리콜6000,산화티탄,황색산화철,포비돈,스테아르산마그네슘,카르복시메틸셀룰로오스칼슘,탤크,황색5호알루미늄레이크",,전문의약품,완제의약품,신고,제조,,장방형,,,15.45,6.33,N,"8806698032901,8806698032918,8806698032925,8806698032932",N02AJ13,200804563,,,Acetaminophen/Tramadol Hydrochloride
201902624,트라맥스세미정,,(주)라이트팜텍,"LitePharmTech Co.,Ltd.",2019-04-25,의약품,70,정상,,트라마돌염산염/아세트아미노펜,"라우릴황산나트륨,오파드라이노란색(85F12347),미결정셀룰로오스,스테아르산마그네슘,옥수수전분,전분글리콜산나트륨",,전문의약품,완제의약품,허가,제조,,장방형,,,11.8,4.8,N,"8806903009209,8806903009216,8806903009223",N02AJ13,201902624,,,Tramadol Hydrochloride/Acetaminophen
199800767,트라몰8시간서방정650밀리그람(아세트아미노펜),Tramol 8hours Sr Tab. 650mg (Acetaminophen),코오롱제약(주),KOLON PHARMA,1998-02-26,의약품,170,정상,,아세트아미노펜,"프로필렌글리콜,저치환도히드록시프로필셀룰로오스,히프로멜로오스2910,폴리에틸렌글리콜6000,산화티탄,폴리비닐아세테이트수분산액30%,콜로이드성이산화규소,스테아르산마그네슘,탤크,슈어릴리즈",,일반의약품,완제의약품,허가,제조,,타원형,,,19.3,7.8,N,"8806703018005,8806703018012,8806703018029,8806703018036,8806703018043",N02BE01,,199800767,,Acetaminophen
199300758,트라몰정160밀리그람(아세트아미노펜),Tramol Tab. 160mg (Acetaminophen),코오롱제약(주),KOLON PHARMA,1993-12-31,의약품,5002,정상,,아세트아미노펜,"스테비올배당체,미결정셀룰로오스,히프로멜로오스,크로스포비돈,폴리에틸렌글리콜6000,아스파탐,레이크황색4호,포비돈,스테아르산마그네슘,딸기향코튼",,일반의약품,완제의약품,신고,제조,,원형,,,9.0,9.0,N,"8806703018104,8806703018111,8806703018128,8806703018135",N02BE01,,199300758,,Acetaminophen
199500466,트라몰정325밀리그람(아세트아미노펜),Tramol Tab. 325mg (Acetaminophen),코오롱제약(주),KOLON PHARMA,1995-05-13,의약품,14,정상,,아세트아미노펜,"베타덱스,에틸셀룰로오스,스테비올배당체,유당수화물,폴리에틸렌글리콜6000,콜로이드성이산화규소,수크랄로스,카라멜향,스테아르산마그네슘,전호화전분,전분글리콜산나트륨",,일반의약품,완제의약품,신고,제조,,원형,,,11.0,11.0,N,"8806703018203,8806703018210,8806703018227,8806703018234",N02BE01,,199500466,,Acetaminophen
202007979,트라몰주(아세트아미노펜),Tramol inj.,코오롱제약(주),KOLON PHARMA,2020-11-18,의약품,5163,정상,,아세트아미노펜,"인산일수소나트륨무수물,수산화나트륨,L-시스테인염산염일수화물,염산,주사용수,D-만니톨",,전문의약품,완제의약품,신고,제조,,,,,,,N,"8806703048705,8806703048712",N02BE01,,,,Acetaminophen
200711885,트라미펜세미정,Tramiphensemi Tab.,하나제약(주),"Hana Pharm. Co., Ltd.",2007-10-29,의약품,349,정상,,트라마돌염산염/아세트아미노펜,"미결정셀룰로오스,스테아르산마그네슘,전호화전분,옥수수전분,전분글리콜산나트륨,오파드라이노란색(03B52165)",,전문의약품,완제의약품,신고,제조,,장방형,,,12,5,N,"8806578020103,8806578020110,8806578020127,8806578020134",N02AJ13,,,,Tramadol Hydrochloride/Acetaminophen
200711886,트라미펜정,Tramiphen Tab.,하나제약(주),"Hana Pharm. Co., Ltd.",2007-10-29,의약품,350,정상,,트라마돌염산염/아세트아미노펜,"미결정셀룰로오스,스테아르산마그네슘,전호화전분,옥수수전분,전분글리콜산나트륨,오파드라이노란색(03B52165)",,전문의약품,완제의약품,신고,제조,,장방형,,,15.35,6.3,N,"8806578020202,8806578020219,8806578020226,8806578020233",N02AJ13,,,,Tramadol Hydrochloride/Acetaminophen
202003337,트라비트서방정,Trabit SR Tab.,(주)씨티씨바이오,CTCBIO INC.,2020-05-08,의약품,5158,정상,,아세트아미노펜/트라마돌염산염,"저치환도히드록시프로필셀룰로오스,크로스포비돈,히프로멜로오스,콜로이드성이산화규소,포비돈,스테아르산마그네슘,오파드라이Ⅱ노란색(85F420033)",,전문의약품,완제의약품,허가,제조,,장방형,,,19.2,8.6,N,"8806695026002,8806695026019,8806695026026",N02AJ13,202003337,,,Acetaminophen/Tramadol Hydrochloride
202003336,트라비트세미서방정,Trabit Semi SR Tab.,(주)씨티씨바이오,CTCBIO INC.,2020-05-08,의약품,5157,정상,,아세트아미노펜/트라마돌염산염,"저치환도히드록시프로필셀룰로오스,크로스포비돈,히프로멜로오스,콜로이드성이산화규소,포비돈,스테아르산마그네슘,오파드라이II노란색(85F420033)",,전문의약품,완제의약품,허가,제조,,원형,,,9.9,9.9,N,"8806695025906,8806695025913,8806695025920",N02AJ13,202003336,,,Acetaminophen/Tramadol Hydrochloride
201507888,트라비트세미정,Travit Semi Tab.,(주)씨티씨바이오,CTCBIO INC.,2015-11-25,의약품,5065,정상,,트라마돌염산염/아세트아미노펜,"미결정셀룰로오스,크로스포비돈,스테아르산마그네슘,전호화전분,오파드라이II노란색(85F420033)",,전문의약품,완제의약품,허가,제조,,장방형,,,12,5.44,N,"8806695017406,8806695017413,8806695017420",N02AJ13,201507888,,,Tramadol Hydrochloride/Acetaminophen
201507887,트라비트정,Travit Tab.,(주)씨티씨바이오,CTCBIO INC.,2015-11-25,의약품,5064,정상,,트라마돌염산염/아세트아미노펜,"미결정셀룰로오스,크로스포비돈,스테아르산마그네슘,전호화전분,오파드라이II노란색(85F420033)",,전문의약품,완제의약품,허가,제조,,장방형,,,15.43,6.63,N,"8806695017307,8806695017314,8806695017321",N02AJ13,201507887,,,Tramadol Hydrochloride/Acetaminophen
201907320,"트라세타서방정(아세트아미노펜,트라마돌)",Traceta SR Tab. 650/75mg,(주)대웅제약,Daewoong Pharmaceuticals,2019-10-17,의약품,5209,정상,,아세트아미노펜/트라마돌염산염,"저치환도히드록시프로필셀룰로오스,크로스포비돈,히프로멜로오스,콜로이드성이산화규소,포비돈,스테아르산마그네슘,오파드라이Ⅱ노란색(85F420033)",,전문의약품,완제의약품,허가,제조,,장방형,,,19.2,8.7,N,"8806416070307,8806416070314,8806416070321",N02AJ13,201907320,,,Acetaminophen/Tramadol Hydrochloride
201907323,"트라세타세미서방정(아세트아미노펜,트라마돌)",Traceta Semi SR Tab. 325/37.5 mg,(주)대웅제약,Daewoong Pharmaceuticals,2019-10-17,의약품,5210,정상,,아세트아미노펜/트라마돌염산염,"저치환도히드록시프로필셀룰로오스,크로스포비돈,히프로멜로오스,콜로이드성이산화규소,포비돈,스테아르산마그네슘,오파드라이Ⅱ노란색(85F420033)",,전문의약품,완제의약품,허가,제조,,원형,,,9.9,9.9,N,"8806416070406,8806416070413,8806416070420",N02AJ13,201907323,,,Acetaminophen/Tramadol Hydrochloride
201906675,"트라세타세미정(아세트아미노펜,트라마돌)",Traceta Semi Tab. 162.5/18.75 mg,(주)대웅제약,Daewoong Pharmaceuticals,2019-09-24,의약품,5203,정상,,트라마돌염산염/아세트아미노펜,"미결정셀룰로오스,크로스포비돈,스테아르산마그네슘,전호화전분,오파드라이II노란색(85F420033)",,전문의약품,완제의약품,허가,제조,,장방형,,,12,5.4,N,"8806416069608,8806416069615,8806416069622,8806416069639",N02AJ13,201906675,,,Tramadol Hydrochloride/Acetaminophen
201906674,"트라세타정(아세트아미노펜,트라마돌)",Traceta Tab. 325/37.5 mg,(주)대웅제약,Daewoong Pharmaceuticals,2019-09-24,의약품,5202,정상,,아세트아미노펜/트라마돌염산염,"크로스포비돈,미결정셀룰로오스,스테아르산마그네슘,전호화전분,오파드라이II노란색(85F420033)",,전문의약품,완제의약품,허가,제조,,타원형,,,15.5,6.6,N,"8806416069509,8806416069516,8806416069523",N02AJ13,201906674,,,Acetaminophen/Tramadol Hydrochloride
200805915,트라세트세미정,Tracet-semi Tab.,유니메드제약(주),UNIMED PHARM INC.,2008-05-27,의약품,406,정상,,트라마돌염산염/아세트아미노펜,"저치환도히드록시프로필셀룰로오스,히프로멜로오스2910,폴리에틸렌글리콜6000,산화티탄,황색산화철,스테아르산마그네슘,콜로이드성이산화규소,탤크,전분글리콜산나트륨,히드록시프로필셀룰로오스",,전문의약품,완제의약품,신고,제조,,장방형,,,12.1,5.1,N,"8806495049805,8806495049812,8806495049829",N02AJ13,,,,Tramadol Hydrochloride/Acetaminophen
200805064,트라세트정,Tracet Tab.,유니메드제약(주),UNIMED PHARM INC.,2008-05-01,의약품,401,정상,,트라마돌염산염/아세트아미노펜,"저치환도히드록시프로필셀룰로오스,콜로이드성 이산화규소,히프로멜로오스2910,폴리에틸렌글리콜6000,산화티탄,황색산화철,스테아르산마그네슘,탤크,전분글리콜산나트륨,히드록시프로필셀룰로오스",,전문의약품,완제의약품,신고,제조,,장방형,,,15.9,6.5,N,"8806495049409,8806495049416,8806495049423,8806495049430",N02AJ13,,,,Tramadol Hydrochloride/Acetaminophen
200711202,트라세펜정,Tracephen Tab,미래바이오제약(주),"Mirae Pharmaceutical Co., Ltd",2007-10-09,의약품,5012,유효기간만료,,아세트아미노펜/트라마돌염산염,"저치환도히드록시프로필셀룰로오스,크로스포비돈,오파드라이 II 노랑 (85F42086),포비돈,스테아르산마그네슘",,전문의약품,완제의약품,신고,제조,,,,,,,N,"8806506008807,8806575021400,8806506008814,8806575021417,8806506008821,8806575021424,8806575021431,8806575021448",N02AJ13,200711202,,,Acetaminophen/Tramadol Hydrochloride
201603985,트라셋세미정,Tracet Semi Tablet,(주)휴온스메디텍,"Huons Meditech Co., Ltd.",2016-06-27,의약품,120,정상,,아세트아미노펜/트라마돌염산염,"미결정셀룰로오스,크로스포비돈,스테아르산마그네슘,전호화전분,오파드라이II노란색(85F12347),전분글리콜산나트륨,히드록시프로필셀룰로오스",,전문의약품,완제의약품,허가,제조,,장방형,,,12.07,5.11,N,"8806704012408,8806704012415,8806704012422,8806704012439,8806704012446",N02AJ13,201603985,,,Acetaminophen/Tramadol Hydrochloride
202000086,트라셋펜세미정,Tracetphen Semi Tab.,(주)일화,"IL HWA CO.,LTD.",2020-01-07,의약품,5178,정상,,트라마돌염산염/아세트아미노펜,"라우릴황산나트륨,오파드라이노란색(85F12347),미결정셀룰로오스,스테아르산마그네슘,옥수수전분,전분글리콜산나트륨",,전문의약품,완제의약품,허가,제조,,장방형,,,12.2,5.1,N,"8806409039908,8806409039915,8806409039922",N02AJ13,202000086,,,Tramadol Hydrochloride/Acetaminophen
200804956,트라셋펜정,Tracetphen Tab.,(주)일화,"IL HWA CO.,LTD.",2008-04-30,의약품,287,정상,,아세트아미노펜/트라마돌염산염,"오파드라이노란색(85F12347),미결정셀룰로오스,스테아르산마그네슘,전분글리콜산나트륨,히드록시프로필셀룰로오스",,전문의약품,완제의약품,신고,제조,,장방형,,,15.3,6.3,N,"8806409013700,8806409013717,8806409013724,8806409013731",N02AJ13,200804956,,,Acetaminophen/Tramadol Hydrochloride
200804519,"트라스펜세미정(트라마돌,아세트아미노펜)",Traspen  Semi Tab.,한미약품(주),"Hanmi Pharm. Co.,Ltd.",2008-04-23,의약품,525,정상,,트라마돌염산염/아세트아미노펜,"미결정셀룰로오스,콜로이드성이산화규소,포비돈,스테아르산마그네슘,전호화전분,오파드라이II노란색(85F12347),전분글리콜산나트륨",,전문의약품,완제의약품,신고,제조,,장방형,,,10.6,5.4,N,"8806435042309,8806435042316,8806435042323,8806435042330,8806435042347,8806435042354,8806435042361",N02AJ13,,,,Tramadol Hydrochloride/Acetaminophen
200804560,"트라스펜정(트라마돌,아세트아미노펜)",Traspen Tab.,한미약품(주),"Hanmi Pharm. Co.,Ltd.",2008-04-23,의약품,526,정상,,트라마돌염산염/아세트아미노펜,"미결정셀룰로오스,콜로이드성이산화규소,포비돈,스테아르산마그네슘,전호화전분,오파드라이 II 노란색(85F12347),전분글리콜산나트륨",,전문의약품,완제의약품,신고,제조,,장방형,,,15.4,6.3,N,"8806435042200,8806435042217,8806435042224,8806435042231,8806435042248,8806435042255,8806435042262",N02AJ13,,,,Tramadol Hydrochloride/Acetaminophen
201404905,트라임세미정,Traim Semi Tab.,(주)킵스바이오파마,"Keeps Biopharma. Co., Ltd.",2014-10-24,의약품,117,정상,,아세트아미노펜/트라마돌염산염,"저치환도히드록시프로필셀룰로오스,미결정셀룰로오스,탭쉴드노란색(11Y1008),포비돈,스테아르산마그네슘,카르복시메틸셀룰로오스칼슘",,전문의약품,완제의약품,허가,제조,,장방형,,,12.0,5.1,N,"8806932011600,8806932011617,8806932011624",N02AJ13,201404905,,,Acetaminophen/Tramadol Hydrochloride
200805928,트라임정,Traim Tab.,(주)킵스바이오파마,"Keeps Biopharma. Co., Ltd.",2008-05-28,의약품,46,정상,,아세트아미노펜/트라마돌염산염,"저치환도히드록시프로필셀룰로오스,미결정셀룰로오스,탭쉴드노란색(11Y1008),포비돈,스테아르산마그네슘,카르복시메틸셀룰로오스칼슘",,전문의약품,완제의약품,신고,제조,,장방형,,,15.1,7.5,N,"8806633002006,8806932004503,8806633002013,8806932004510,8806633002020,8806932004527,8806633002037,8806932004534,8806932004541",N02AJ13,,,,Acetaminophen/Tramadol Hydrochloride
201905488,트라칸서방정,Tracan SR Tab.,성원애드콕제약(주),Sungwon ADCOCK PHARM,2019-08-02,의약품,5099,유효기간만료,,트라마돌염산염/아세트아미노펜,"저치환도히드록시프로필셀룰로오스,히프로멜로오스,크로스포비돈,스테아르산마그네슘,콜로이드성이산화규소,포비돈,오파드라이II노란색(85F420033)",,전문의약품,완제의약품,허가,제조,,,,,,,N,"8806649018206,8806649018213,8806649018220",N02AJ13,201905488,,,Tramadol Hydrochloride/Acetaminophen
201905487,트라칸세미서방정,Tracan Semi SR Tab.,성원애드콕제약(주),Sungwon ADCOCK PHARM,2019-08-02,의약품,5098,취하,,트라마돌염산염/아세트아미노펜,"저치환도히드록시프로필셀룰로오스,히프로멜로오스,크로스포비돈,스테아르산마그네슘,콜로이드성이산화규소,포비돈,오파드라이II노란색(85F420033)",,전문의약품,완제의약품,허가,제조,,,,,,,N,"8806649018305,8806649018312,8806649018329",N02AJ13,201905487,,,Tramadol Hydrochloride/Acetaminophen
200805289,트라칸세미정,Tracan Semi Tab.,성원애드콕제약(주),Sungwon ADCOCK PHARM,2008-05-08,의약품,68,정상,,트라마돌염산염/아세트아미노펜,"라우릴황산나트륨,오파드라이노란색(85F12347),미결정셀룰로오스,스테아르산마그네슘,옥수수전분,전분글리콜산나트륨",,전문의약품,완제의약품,신고,제조,,장방형,,,11.8,4.8,N,"8806649006906,8806649006913,8806649006920",N02AJ13,200805289,,,Tramadol Hydrochloride/Acetaminophen
200713092,트라칸정,Tracan Tab.,성원애드콕제약(주),Sungwon ADCOCK PHARM,2007-12-06,의약품,57,정상,,트라마돌염산염/아세트아미노펜,"라우릴황산나트륨,오파드라이노란색(85F12347),미결정셀룰로오스,스테아르산마그네슘,옥수수전분,전분글리콜산나트륨",,전문의약품,완제의약품,신고,제조,,장방형,,,15.6,6.4,N,"8806649006708,8806649006715,8806649006722",N02AJ13,200713092,,,Tramadol Hydrochloride/Acetaminophen
201505094,"트라콤세미정(트라마돌염산염, 아세트아미노펜)",Tracom Semi Tab.,이연제약(주),"REYON PHARMACEUTICAL CO.,LTD",2015-07-27,의약품,5087,정상,,트라마돌염산염/아세트아미노펜,"미결정셀룰로오스,크로스포비돈,스테아르산마그네슘,전호화전분,오파드라이Ⅱ노란색(85F420033)",,전문의약품,완제의약품,허가,제조,,장방형,,,12,5.5,N,"8806586032907,8806586032914,8806586032921",N02AJ13,201505094,,,Tramadol Hydrochloride/Acetaminophen
201504978,"트라콤이알서방정(트라마돌염산염, 아세트아미노펜)",Tracom ER Tab.,이연제약(주),"REYON PHARMACEUTICAL CO.,LTD",2015-07-21,의약품,5086,정상,,아세트아미노펜/트라마돌염산염,"저치환도히드록시프로필셀룰로오스,크로스포비돈,히프로멜로오스,콜로이드성이산화규소,포비돈,스테아르산마그네슘,오파드라이Ⅱ노란색(85F420033)",,전문의약품,완제의약품,허가,제조,,장방형,,,19.2,8.6,N,"8806586032808,8806586032815,8806586032822",N02AJ13,,,,Acetaminophen/Tramadol Hydrochloride
202002519,"트라콤이알세미서방정(트라마돌염산염, 아세트아미노펜)",Tracom ER Semi Tab.,이연제약(주),"REYON PHARMACEUTICAL CO.,LTD",2020-04-09,의약품,5189,정상,,아세트아미노펜/트라마돌염산염,"저치환도히드록시프로필셀룰로오스,크로스포비돈,히프로멜로오스,콜로이드성이산화규소,포비돈,스테아르산마그네슘,오파드라이Ⅱ노란색(85F420033)",,전문의약품,완제의약품,허가,제조,,원형,,,9.9,9.9,N,"8806586041718,8806586041725,8806586041701",N02AJ13,,,,Acetaminophen/Tramadol Hydrochloride
200804958,"트라콤정(트라마돌염산염, 아세트아미노펜)",Tracom Tab.,이연제약(주),"REYON PHARMACEUTICAL CO.,LTD",2008-04-30,의약품,326,정상,,트라마돌염산염/아세트아미노펜,"미결정셀룰로오스,크로스포비돈,스테아르산마그네슘,전호화전분,오파드라이Ⅱ노란색(85F420033)",,전문의약품,완제의약품,신고,제조,,장방형,,,15.5,6.7,N,"8806586019809,8806586019816,8806586019823",N02AJ13,200804958,,,Tramadol Hydrochloride/Acetaminophen
201209007,트라펜서방정,Traphen ER Tab.,명문제약(주),"Myungmoon Pharm. Co., Ltd.",2012-11-30,의약품,5050,정상,,트라마돌염산염/아세트아미노펜,"저치환도히드록시프로필셀룰로오스,히프로멜로오스,크로스포비돈,황색4호,스테아르산마그네슘,포비돈,콜로이드성이산화규소,오파드라이노란색85F12347",,전문의약품,완제의약품,허가,제조,,장방형,,,19,8.5,N,"8806498061903,8806498061927,8806498061910,8806498061934",N02AJ13,201209007,,,Tramadol Hydrochloride/Acetaminophen
201308055,트라펜세미서방정,Traphen Semi ER Tab.,명문제약(주),"Myungmoon Pharm. Co., Ltd.",2013-07-05,의약품,5062,정상,,트라마돌염산염/아세트아미노펜,"저치환도히드록시프로필셀룰로오스,히프로멜로오스,크로스포비돈,황색4호,스테아르산마그네슘,포비돈,콜로이드성이산화규소,오파드라이 노란색(85F12347)",,전문의약품,완제의약품,허가,제조,,원형,,,10.6,10.6,N,"8806498063006,8806498063013,8806498063020",N02AJ13,201308055,,,Tramadol Hydrochloride/Acetaminophen
200804938,트라펜세미정,Traphen Semi Tab.,명문제약(주),"Myungmoon Pharm. Co., Ltd.",2008-04-30,의약품,507,정상,,트라마돌염산염/아세트아미노펜,"저치환도히드록시프로필셀룰로오스,미결정셀룰로오스,히프로멜로오스,폴리에틸렌글리콜6000,산화티탄,황색산화철,스테아르산마그네슘,탤크,전분글리콜산나트륨,히드록시프로필셀룰로오스",,전문의약품,완제의약품,신고,제조,,장방형,,,12.00,5.09,N,"8806498041400,8806498041417,8806498041424,8806498041431",N02AJ13,,,,Tramadol Hydrochloride/Acetaminophen
200707592,트라펜정,Traphen Tab.,명문제약(주),"Myungmoon Pharm. Co., Ltd.",2007-07-02,의약품,471,정상,,트라마돌염산염/아세트아미노펜,"저치환도히드록시프로필셀룰로오스,미결정셀룰로오스,히프로멜로오스,폴리에틸렌글리콜6000,산화티탄,황색산화철,스테아르산마그네슘,탤크,전분글리콜산나트륨,히드록시프로필셀룰로오스",,전문의약품,완제의약품,신고,제조,,장방형,,,15.73,6.53,N,"8806498032200,8806498032217,8806498032224,8806498032231,8806498032248",N02AJ13,,,,Tramadol Hydrochloride/Acetaminophen
201405383,트라플엠세미정,Traflem Semi Tab.,(주)마더스제약,MOTHER'S PHARMACEUTICAL.,2014-11-19,의약품,5106,정상,,트라마돌염산염/아세트아미노펜,"저치환도히드록시프로필셀룰로오스,크로스포비돈,스테아르산마그네슘,오파드라이II노란색(85F12347),히드록시프로필셀룰로오스",,전문의약품,완제의약품,허가,제조,,장방형,,,12.0,5.1,N,"8806228021504,8806228021528,8806228021511",N02AJ13,,,,Tramadol Hydrochloride/Acetaminophen
201310583,트라플엠정,Traflem Tab.,(주)마더스제약,MOTHER'S PHARMACEUTICAL.,2013-12-08,의약품,5067,정상,,아세트아미노펜/트라마돌염산염,"저치환도히드록시프로필셀룰로오스,크로스포비돈,스테아르산마그네슘,오파드라이II노란색(85F12347),히드록시프로필셀룰로오스",,전문의약품,완제의약품,허가,제조,,장방형,,,15.42,6.33,N,"8806228017309,8806228017316,8806228017323",N02AJ13,,,,Acetaminophen/Tramadol Hydrochloride
201900930,트레코정,Treco Tab.,(주)바스칸바이오제약,BASKHANBIOPharma Inc,2019-02-14,의약품,5078,취하,,아세트아미노펜/슈도에페드린염산염/클로르페니라민말레산염,"미결정셀룰로오스,히프로멜로오스,유당수화물,폴리에틸렌글리콜6000,산화티탄,스테아르산마그네슘,탤크,전분글리콜산나트륨,히드록시프로필셀룰로오스",,일반의약품,완제의약품,신고,제조,,,,,,,N,"8806562049400,8806562049417",R05X,,201900930,,Acetaminophen/Pseudoephedrine Hydrochloride/Chlorpheniramine Maleate
201502351,트로셋서방정,Trocet SR Tab.,(주)서울제약,"Seoul Pharma Co.,Ltd",2015-04-17,의약품,5059,정상,,아세트아미노펜/트라마돌염산염,"저치환도히드록시프로필셀룰로오스,크로스포비돈,히프로멜로오스,콜로이드성이산화규소,포비돈,스테아르산마그네슘,오파드라이Ⅱ노란색(85F420033)",,전문의약품,완제의약품,허가,제조,,장방형,,,19.1,8.7,N,"8806529036801,8806529036818,8806529036825",N02AJ13,,,,Acetaminophen/Tramadol Hydrochloride
201506478,트로셋세미서방정,Trocet Semi SR Tab.,(주)서울제약,"Seoul Pharma Co.,Ltd",2015-09-09,의약품,5073,정상,,아세트아미노펜/트라마돌염산염,"저치환도히드록시프로필셀룰로오스,크로스포비돈,히프로멜로오스,콜로이드성이산화규소,포비돈,스테아르산마그네슘,오파드라이II노란색(85F420033)",,전문의약품,완제의약품,허가,제조,,원형,,,9.9,9.9,N,"8806529038102,8806529038119,8806529038126",N02AJ13,,,,Acetaminophen/Tramadol Hydrochloride
200805386,트로셋세미정,Trocet Semi Tab.,(주)서울제약,"Seoul Pharma Co.,Ltd",2008-05-13,의약품,409,정상,,트라마돌염산염/아세트아미노펜,"미결정셀룰로오스,스테아르산마그네슘,전호화전분,오파드라이II노란색(85F12347),전분글리콜산나트륨",,전문의약품,완제의약품,신고,제조,,장방형,,,12.1,5.2,N,"8806529021708,8806529021715,8806529021722",N02AJ13,,,,Tramadol Hydrochloride/Acetaminophen
200805556,트로셋정,Trocet Tab.,(주)서울제약,"Seoul Pharma Co.,Ltd",2008-05-13,의약품,410,정상,,트라마돌염산염/아세트아미노펜,"미결정셀룰로오스,스테아르산마그네슘,전호화전분,오파드라이II노란색(85F12347),전분글리콜산나트륨",,전문의약품,완제의약품,신고,제조,,장방형,,,15.5,6.5,N,"8806529022408,8806529022415,8806529022422",N02AJ13,,,,Tramadol Hydrochloride/Acetaminophen
200705587,트리마셋세미정,Trimacet semi Tab.,(주)유영제약,"YooYoung Pharmaceutical Co., Ltd",2007-05-16,의약품,393,정상,,아세트아미노펜/트라마돌염산염,"오파드라이흰색(03B28796),황색산화철,스테아르산마그네슘,전호화전분,분말셀룰로오스,옥수수전분,전분글리콜산나트륨,적색산화철",,전문의약품,완제의약품,신고,제조,,장방형,,,12.0,5.0,N,"8806482018302,8806482018319,8806482018326,8806482018333",N02AJ13,200705587,,,Acetaminophen/Tramadol Hydrochloride
200705588,트리마셋정,Trimacet Tab.,(주)유영제약,"YooYoung Pharmaceutical Co., Ltd",2007-05-16,의약품,394,정상,,아세트아미노펜/트라마돌염산염,"오파드라이흰색(03B28796),황색산화철,스테아르산마그네슘,전호화전분,분말셀룰로오스,옥수수전분,전분글리콜산나트륨,적색산화철",,전문의약품,완제의약품,신고,제조,,장방형,,,15.0,6.0,N,"8806482018401,8806482018418,8806482018425,8806482018432,8806482018449",N02AJ13,200705588,,,Acetaminophen/Tramadol Hydrochloride
200002557,트리맥신연질캡슐(수출용),Trimaxin Soft Capsule(for export),(주)서흥,"Suheung Co., Ltd.",2000-11-16,의약품,30,정상,,아세트아미노펜/클로르페니라민말레산염/수도에페드린염산염,"라우릴황산나트륨,중쇄트리글리세리드,폴리에틸렌글리콜4000,폴리에틸렌글리콜400,황색4호,젤라틴,소르비톨액(비결정성),산화티탄,카르나우바납,경질무수규산,적색40호,농글리세린",,일반의약품,완제의약품,신고,제조,,,,,,,N,8806796003001,R05X,,,,Acetaminophen/Chlorpheniramine Maleate/Pseudoephedrine Hydrochloride
201707306,트리스펜8시간이알서방정(아세트아미노펜),TRISFEN 8hrs ER Tablets,동화약품(주),"Dongwha Pharm. Co., Ltd.",2017-09-28,의약품,5125,정상,,아세트아미노펜,"탭쉴드흰색 11W001,미결정셀룰로오스,스테아르산마그네슘,포비돈,전호화전분,옥수수전분,전분글리콜산나트륨,히드록시에틸셀룰로오스,히드록시프로필셀룰로오스",,일반의약품,완제의약품,허가,제조,,장방형,,,19,7.5,N,"8806427065026,8806427065019,8806427065033,8806427065002",N02BE01,,201707306,,Acetaminophen
200202847,티메롤8시간이알서방정(아세트아미노펜),Timerol Er Tab.,(주)서울제약,"Seoul Pharma Co.,Ltd",2002-11-14,의약품,154,정상,,아세트아미노펜,"탭쉴드흰색 11W001,미결정셀룰로오스,스테아르산마그네슘,포비돈,전호화전분,옥수수전분,전분글리콜산나트륨,히드록시에틸셀룰로오스,히드록시프로필셀룰로오스",,일반의약품,완제의약품,허가,제조,,장방형,,,19,8.09,N,"8806529018807,8806529018814,8806529018821,8806529018838",N02BE01,,200202847,,Acetaminophen
201707663,티에이정,Ti-A Tab.,코스맥스파마(주),"COSMAX PHARMA CO., LTD.",2017-10-31,의약품,10,정상,,트라마돌염산염/아세트아미노펜,"라우릴황산나트륨,오파드라이노란색(85F12347),미결정셀룰로오스,스테아르산마그네슘,옥수수전분,전분글리콜산나트륨",,전문의약품,완제의약품,허가,제조,,장방형,,,15.6,6.4,N,"8800551001301,8800551001318,8800551001325",N02AJ13,201707663,,,Tramadol Hydrochloride/Acetaminophen
202003410,티엔코연질캡슐,Tnco Soft capsule,코스맥스파마(주),"COSMAX PHARMA CO., LTD.",2020-05-12,의약품,5181,정상,,아세트아미노펜/슈도에페드린염산염/클로르페니라민말레산염,"프로필렌글리콜,적색3호,황색5호,폴리에틸렌글리콜400,젤라틴,포비돈,소르비톨소르비탄 액,정제수",,일반의약품,완제의약품,신고,제조,,타원형,,,20,9.1,N,"8800551023303,8800551023310",R05X,,202003410,,Acetaminophen/Pseudoephedrine Hydrochloride/Chlorpheniramine Maleate
202003344,티엔코프연질캡슐,Tncough Soft capsule,코스맥스파마(주),"COSMAX PHARMA CO., LTD.",2020-05-08,의약품,5180,정상,,아세트아미노펜/구아이페네신/덱스트로메토르판브롬화수소산염수화물/dl-메틸에페드린염산염,"프로필렌글리콜,폴리에틸렌글리콜400,젤라틴,포비돈,소르비톨소르비탄 액,적색40호,정제수,청색1호",,일반의약품,완제의약품,신고,제조,,타원형,,,20,9.1,N,"8800551023105,8800551023112",R05X,,202003344,,Acetaminophen/Guaifenesin/Dextromethorphan Hydrobromide Hydrate/DL-Methylephedrine Hydrochloride
202003343,티엔콜연질캡슐,Tncold Soft capsule,코스맥스파마(주),"COSMAX PHARMA CO., LTD.",2020-05-08,의약품,5179,유효기간만료,,아세트아미노펜/구아이페네신/슈도에페드린염산염/덱스트로메토르판브롬화수소산염수화물/클로르페니라민말레산염/dl-메틸에페드린염산염,"프로필렌글리콜,폴리에틸렌글리콜400,젤라틴,포비돈,소르비톨소르비탄 액,적색40호,정제수,청색1호",,일반의약품,완제의약품,신고,제조,,,,,,,N,"8800551023006,8800551023013",R05X,,202003343,,Acetaminophen/Guaifenesin/Pseudoephedrine Hydrochloride/Dextromethorphan Hydrobromide Hydrate/Chlorpheniramine Maleate/DL-Methylephedrine Hydrochloride
202501781,티엔하이펜에이정,TNhighphen-A tab.,(주)넥스팜코리아,nexpharm korea,2025-07-14,의약품,5312,정상,,아세트아미노펜/카페인무수물/푸르설티아민,"미결정셀룰로오스,히프로멜로오스,황색4호,유당수화물,폴리에틸렌글리콜6000,산화티탄,크로스카멜로오스나트륨,스테아르산마그네슘,탤크,히드록시프로필셀룰로오스",,일반의약품,완제의약품,신고,제조,,타원형,,,14.0,8.2,N,"8806625051807,8806625051814",N02BE51,,,,Acetaminophen/Anhydrous Caffeine/Fursultiamine
200805734,티오셋세미정,Tiocetsemi Tab.,(주)휴온스생명과학,HuonsLifeSciences,2008-05-21,의약품,458,정상,,아세트아미노펜/트라마돌염산염,"미결정셀룰로오스,오파드라이QX노란색(321A620000) ,스테아르산마그네슘,전분글리콜산나트륨,히드록시프로필셀룰로오스",,전문의약품,완제의약품,신고,제조,,장방형,,,12.1,5.1,N,"8800527005203,8806483009309,8806891025007,8800527005210,8806891025014,8800527005227,8806891025021",N02AJ13,200805734,,,Acetaminophen/Tramadol Hydrochloride
200805849,티오셋정,Tiocet Tab.,(주)휴온스생명과학,HuonsLifeSciences,2008-05-26,의약품,115,정상,,아세트아미노펜/트라마돌염산염,"저치환도히드록시프로필셀룰로오스,크로스포비돈,스테아르산마그네슘,콜로이드성이산화규소,포비돈,오파드라이 Ⅱ 노란색(85F42086)",,전문의약품,완제의약품,신고,제조,,장방형,,,15.6,6.5,N,"8800527001809,8806585009207,8806891025205,8800527001816,8806891025212,8800527001823,8806891025229",N02AJ13,200805849,,,Acetaminophen/Tramadol Hydrochloride
202200943,틴콜시럽(수출용),Tincol Syrup (Export Usage),(주)퍼슨,"Firson Co., Ltd.",2022-03-04,의약품,5145,정상,,아세트아미노펜/덱스트로메토르판브롬화수소산염수화물/클로르페니라민말레산염/dl-메틸에페드린염산염/구아이페네신/카페인무수물,"메틸파라벤,황색5호(선셋옐로우FCF),프로필파라벤,백당,에탄올(95),오렌지엣센스피-4910,오렌지향(113103),정제수",,일반의약품,완제의약품,신고,제조,,,,,,,N,"8806574017602,8806574017619",R05X,,,,Acetaminophen/Dextromethorphan Hydrobromide Hydrate/Chlorpheniramine Maleate/DL-Methylephedrine Hydrochloride/Guaifenesin/Anhydrous Caffeine
201905386,파노펜주(아세트아미노펜),Panophen Inj.,동광제약(주),"Dongkwang Pharm. Co., Ltd.",2019-07-30,의약품,5152,정상,,아세트아미노펜,"수산화나트륨,인산일수소나트륨이수화물,염산,주사용수,시스테인염산염수화물,만니톨",,전문의약품,완제의약품,신고,제조,,,,,,,N,"8806459066701,8806459066718",N02BE01,201905386,,,Acetaminophen
200204277,파뚜루정,Paturo Tab.,(주)휴온스생명과학,HuonsLifeSciences,2002-07-22,의약품,3,유효기간만료,,아세트아미노펜/수도에페드린염산염/클로르페니라민말레산염,"히프로멜로오스,폴리에틸렌글리콜6000,산화티탄,청색2호알루미늄레이크,포비돈,스테아르산마그네슘,탤크,옥수수전분,전분글리콜산나트륨,히드록시프로필셀룰로오스",,일반의약품,완제의약품,신고,제조,,,,,,,N,"8800527004800,8806673016506,8800527004817,8806673016513,8806891001100,8806891001117",R05X,,,,Acetaminophen/Pseudoephedrine Hydrochloride/Chlorpheniramine Maleate
198700658,파라게직정,Paragesic Tab.,태극제약(주),"TAI GUK PHARM. Co., Ltd.",1987-07-13,의약품,283,정상,,아세트아미노펜/오르펜나드린시트르산염,"미결정셀룰로오스,유당수화물,포비돈,스테아르산마그네슘,옥수수전분,전분글리콜산나트륨,히드록시프로필셀룰로오스",,일반의약품,완제의약품,신고,제조,,,,,,,N,"8806448027201,8806448027218,8806448027225,8806448027232",M03BC51,,,,Acetaminophen/Orphenadrine Citrate
200805842,파라마셋세미정,Paramacet semi tablet,동아에스티(주),DONG-A ST,2008-05-26,의약품,948,정상,,트라마돌염산염/아세트아미노펜,"미결정셀룰로오스,크로스포비돈,스테아르산마그네슘,전호화전분,오파드라이II노란색(85F420033)",,전문의약품,완제의약품,신고,제조,,장방형,,,12.08,5.44,N,"8806425052400,8806425052417,8806425052424,8806425052431",N02AJ13,200805842,,,Tramadol Hydrochloride/Acetaminophen
201502631,파라마셋이알서방정,Paramacet ER tablet,동아에스티(주),DONG-A ST,2015-04-30,의약품,5113,정상,,아세트아미노펜/트라마돌염산염,"콜로이드성 이산화규소,크로스포비돈,히프로멜로오스,포비돈,스테아르산마그네슘,오파드라이II노란색(85F420033),저치환히드록시프로필셀룰로오스",,전문의약품,완제의약품,허가,제조,,장방형,,,19.2,8.7,N,"8806425072309,8806425072323,8806425072330,8806425072316",N02AJ13,,,,Acetaminophen/Tramadol Hydrochloride
201506481,파라마셋이알세미서방정,Paramacet ER semi tablet,동아에스티(주),DONG-A ST,2015-09-09,의약품,5122,정상,,아세트아미노펜/트라마돌염산염,"콜로이드성 이산화규소,크로스포비돈,히프로멜로오스,포비돈,스테아르산마그네슘,오파드라이II노란색(85F420033),저치환히드록시프로필셀룰로오스",,전문의약품,완제의약품,허가,제조,,원형,,,9.9,9.9,N,"8806425072705,8806425072712,8806425072729,8806425072736",N02AJ13,,,,Acetaminophen/Tramadol Hydrochloride
200805821,파라마셋정,Paramacet tablet,동아에스티(주),DONG-A ST,2008-05-26,의약품,947,정상,,트라마돌염산염/아세트아미노펜,"미결정셀룰로오스,크로스포비돈,스테아르산마그네슘,전호화전분,오파드라이II노란색(85F420033)",,전문의약품,완제의약품,신고,제조,,장방형,,,15.58,6.46,N,"8806425052301,8806425052318,8806425052325,8806425052332",N02AJ13,200805821,,,Tramadol Hydrochloride/Acetaminophen
202501382,파라몰주(아세트아미노펜),Paramol Inj.,(주)한국팜비오,Pharmbio Korea Inc.,2025-06-04,의약품,145,정상,,아세트아미노펜,"인산일수소나트륨무수물,수산화나트륨,L-시스테인염산염일수화물,염산,주사용수,D-만니톨",,전문의약품,완제의약품,허가,제조,,,,,,,N,"8806599020809,8806599020816,8806599019810,8806599019803",N02BE01,202501382,,,Acetaminophen
202007118,파라세트주(아세트아미노펜),PARACET inj.,주식회사케이에스제약,KS Pharm. Inc.,2020-10-16,의약품,93,정상,,아세트아미노펜,"인산일수소나트륨무수물,수산화나트륨,L-시스테인염산염일수화물,염산,주사용수,D-만니톨",,전문의약품,완제의약품,신고,제조,,,,,,,N,"8800590010616,8800590010623,8800590010609",N02BE01,202007118,,,Acetaminophen
202401393,파라존담정,Parazonedam Tab.,오스틴제약(주),"Austin pharm.co.,Ltd",2024-06-04,의약품,5129,정상,,아세트아미노펜/산화마그네슘/푸르설티아민,"저치환도히드록시프로필셀룰로오스,미결정셀룰로오스,히프로멜로오스,황색4호,폴리에틸렌글리콜6000,산화티탄,스테아르산마그네슘,카르복시메틸셀룰로오스칼슘,경질무수규산,히드록시프로필셀룰로오스",,일반의약품,완제의약품,신고,제조,,장방형,,,13.8,8.1,N,"8806543055819,8806543055802",N02BE51,,202401393,,Acetaminophen/Magnesium Oxide/Fursultiamine
200100944,파라존정,Parazone Tab.,태극제약(주),"TAI GUK PHARM. Co., Ltd.",2001-11-01,의약품,282,취하,,아세트아미노펜/클로르족사존,"스테아르산마그네슘,탤크,전분글리콜산나트륨,히드록시프로필셀룰로오스",,일반의약품,완제의약품,신고,제조,,,,,,,N,"8806448027300,8806448027317,8806448027324,8806448027331",M03BB53,,200100944,,Acetaminophen/Chlorzoxazone
201804294,파라케이주(아세트아미노펜),Para-K Inj.,주식회사제뉴원사이언스,GENUONE Sciences Inc.,2018-10-30,의약품,5271,정상,,아세트아미노펜,"인산일수소나트륨무수물,수산화나트륨,L-시스테인염산염일수화물,염산,주사용수,D-만니톨",,전문의약품,완제의약품,신고,제조,,,,,,,N,"8806717055102,8806717055119,8806717055126",N02BE01,201804294,,,Acetaminophen
202106368,파비스아세트아미노펜정500밀리그램(수출용),Pharvis Acetaminophen 500mg,(주)한국파비스제약,"Pharvis Korea co., Ltd.",2021-09-06,의약품,5224,정상,,아세트아미노펜,"미결정셀룰로오스,오파드라이흰색(03B28796),크로스카멜로오스나트륨,스테아르산마그네슘,전분글리콜산나트륨,히드록시프로필셀룰로오스",,일반의약품,완제의약품,신고,제조,,,,,,,N,"8806218043318,8806218043301",N02BE01,,,,Acetaminophen
202303447,파비안디정,Fabian D Tab.,(주)서울제약,"Seoul Pharma Co.,Ltd",2023-12-27,의약품,5164,정상,,아세트아미노펜/에페드린염산염/카페인무수물,"미결정셀룰로오스,유당수화물,크로스카멜로오스나트륨,포비돈,스테아르산마그네슘,적색산화철",,일반의약품,완제의약품,신고,제조,,장방형,,,12.5,7.0,N,"8806529047005,8806529047012",R05X,,202303447,,Acetaminophen/Ephedrine Hydrochloride/Anhydrous Caffeine
201206882,파비안에스정,Fabian S Tab.,(주)서울제약,"Seoul Pharma Co.,Ltd",2012-09-21,의약품,5023,정상,,아세트아미노펜/에페드린염산염/카페인무수물,"크로스카르멜로오스나트륨,황색4호,유당수화물,포비돈,스테아르산마그네슘",,일반의약품,완제의약품,신고,제조,,장방형,,,10.55,4.19,N,"8806529033909,8806529033916,8806529033923,8806529033930",R05X,,201206882,,Acetaminophen/Ephedrine Hydrochloride/Anhydrous Caffeine
201502375,파세몰비타정,Pacemol Vita Tab.,신일제약(주),Sinil Pharm,2015-04-17,의약품,5055,유효기간만료,,아세트아미노펜/푸르설티아민,"라우릴황산나트륨,저치환도히드록시프로필셀룰로오스,미결정셀룰로오스,황색4호,스테아르산마그네슘,카르복시메틸셀룰로오스칼슘,옥수수전분,히드록시프로필셀룰로오스",,일반의약품,완제의약품,신고,제조,,,,,,,N,"8806538050607,8806538050614",N02BE51,,201502375,,Acetaminophen/Fursultiamine
202402943,파세몰산(아세트아미노펜),Pacemol Powder,신일제약(주),Sinil Pharm,2024-12-12,의약품,5223,정상,,아세트아미노펜,"에틸셀룰로오스,조합향료(레몬향코튼),트리에틸시트르산염,자일리톨,히드록시프로필베타덱스,수크랄로스,스테아르산마그네슘,콜로이드성이산화규소,탤크",,일반의약품,완제의약품,신고,제조,,,,,,,N,,,,,,Acetaminophen
202202278,파세몰시럽(아세트아미노펜),Pacemol Syrup,신일제약(주),Sinil Pharm,2022-05-30,의약품,5187,정상,,아세트아미노펜,"프로필렌글리콜,시트르산수화물,딸기향(3104145),D-소르비톨 액70%,프로필파라벤,수크랄로스,백당,잔탄검,미결정셀룰로오스·카르복시메틸셀룰로오스,농글리세린,조합향료(체리후레바(6009)),정제수",,일반의약품,완제의약품,신고,제조,,,,,,,N,"8806538060507,8806538060514,8806538060521",N02BE01,,202202278,,Acetaminophen
202400889,파세몰정(아세트아미노펜),,신일제약(주),Sinil Pharm,2024-04-19,의약품,5216,정상,,아세트아미노펜,"미결정셀룰로오스,오파드라이흰색(03B28796),크로스카멜로오스나트륨,스테아르산마그네슘,카르나우바납,전분글리콜산나트륨,히드록시프로필셀룰로오스",,일반의약품,완제의약품,신고,제조,,타원형,,,17.5,7.1,N,"8806538063904,8806538063911",N02BE01,,202400889,,Acetaminophen
202402372,파세몰키즈산(아세트아미노펜),Pacemol kids Powder,신일제약(주),Sinil Pharm,2024-10-04,의약품,5222,정상,,아세트아미노펜,"에틸셀룰로오스,트리에틸시트르산염,자일리톨,히드록시프로필베타덱스,수크랄로스,스테아르산마그네슘,콜로이드성이산화규소,탤크,조합향료(포도향코튼)",,일반의약품,완제의약품,신고,제조,,,,,,,N,"8806538064208,8806538064215,8806538064222",N02BE01,,,,Acetaminophen
201801538,파워콜노즈연질캡슐,POWERCOL-Nose Soft Capsules,동화약품(주),"Dongwha Pharm. Co., Ltd.",2018-04-09,의약품,5131,정상,,아세트아미노펜/페닐레프린염산염/dl-메틸에페드린염산염/클로르페니라민말레산염,"프로필렌글리콜,치자청색소,폴리에틸렌글리콜400,젤라틴,산화티탄,포비돈,소르비톨스페셜글리세린블렌드,정제수",,일반의약품,완제의약품,신고,제조,,타원형,,,20.1,9.4,N,"8806427065606,8806427065613",R05X,,201801538,,Acetaminophen/Phenylephrine Hydrochloride/DL-Methylephedrine Hydrochloride/Chlorpheniramine Maleate
202500153,파워콜노즈큐연질캡슐,POWERCOL-NoseQ Soft Capsules,동화약품(주),"Dongwha Pharm. Co., Ltd.",2025-01-20,의약품,5261,정상,,아세트아미노펜/클로르페니라민말레산염/슈도에페드린염산염,"프로필렌글리콜,황색5호,폴리에틸렌글리콜400,젤라틴,포비돈,소르비톨스페셜글리세린블렌드,정제수",,일반의약품,완제의약품,신고,제조,,타원형,,,19.4,8.5,N,"8806427077500,8806427077517",R05X,,,,Acetaminophen/Chlorpheniramine Maleate/Pseudoephedrine Hydrochloride
201003989,파워콜에스연질캡슐,POWERCOL-S Soft Capsules,동화약품(주),"Dongwha Pharm. Co., Ltd.",2010-06-14,의약품,5018,정상,,아세트아미노펜/카페인무수물/구아이페네신/dl-메틸에페드린염산염/클로르페니라민말레산염,"프로필렌글리콜,락색소,에틸바닐린,폴리에틸렌글리콜400,젤라틴,산화티탄,포비돈,소르비톨스페셜글리세린블렌드,경질무수규산,정제수",,일반의약품,완제의약품,신고,제조,,장방형,,,21.9,7.7,N,"8806427054709,8806427054716",R05X,,201003989,,Acetaminophen/Anhydrous Caffeine/Guaifenesin/DL-Methylephedrine Hydrochloride/Chlorpheniramine Maleate
201900977,파워콜캡슐,Hwaicol Cap.,정우신약(주),"Jung Woo Pharm Co.,Ltd.",2019-02-18,의약품,5147,정상,,아세트아미노펜/덱스트로메토르판브롬화수소산염수화물/dl-메틸에페드린염산염/구아이페네신/클로르페니라민말레산염/카페인무수물,"유당수화물,스테아르산마그네슘,경질무수규산,전분글리콜산나트륨,캡슐",,일반의약품,완제의약품,신고,제조,,장방형,,,18.9,6.4,N,"8806942053003,8806942053010",R05X,,201900977,,Acetaminophen/Dextromethorphan Hydrobromide Hydrate/DL-Methylephedrine Hydrochloride/Guaifenesin/Chlorpheniramine Maleate/Anhydrous Caffeine
201801178,파워콜코프연질캡슐,POWERCOL COUGH Soft Capsules,동화약품(주),"Dongwha Pharm. Co., Ltd.",2018-03-15,의약품,5128,정상,,아세트아미노펜/구아이페네신/dl-메틸에페드린염산염/티페피딘시트르산염,"프로필렌글리콜,락색소,폴리에틸렌글리콜400,젤라틴,홍화황색소,산화티탄,포비돈,소르비톨스페셜글리세린블렌드,정제수",,일반의약품,완제의약품,신고,제조,,타원형,,,19.9,9.4,N,"8806427065309,8806427065316",R05X,,201801178,,Acetaminophen/Guaifenesin/DL-Methylephedrine Hydrochloride/Tipepidine Citrate
201600933,파인미세미정,Finemi semi Tab.,(주)휴비스트제약,"Huvist Pharm. Co., Ltd.",2016-02-18,의약품,5080,정상,,트라마돌염산염/아세트아미노펜,"미결정셀룰로오스,오파드라이QX노란색(321A620000) ,스테아르산마그네슘,전분글리콜산나트륨,히드록시프로필셀룰로오스",,전문의약품,완제의약품,허가,제조,,장방형,,,12,5.1,N,"8806288007302,8806288007319,8806288007326,8806288007333",N02AJ13,201600933,,,Tramadol Hydrochloride/Acetaminophen
201403947,파인미정,Finemi Tab.,(주)휴비스트제약,"Huvist Pharm. Co., Ltd.",2014-08-22,의약품,5025,정상,,트라마돌염산염/아세트아미노펜,"미결정셀룰로오스,오파드라이 QX 노란색 (321A620000),스테아르산마그네슘,전분글리콜산나트륨,히드록시프로필셀룰로오스",,전문의약품,완제의약품,허가,제조,,장방형,,,15.6,6.5,N,"8806288001409,8806288001416,8806288001423,8806288001430,8806288001447",N02AJ13,201403947,,,Tramadol Hydrochloride/Acetaminophen
202500980,파인콜노즈시럽,Finecol Nose Syrup,초당약품공업(주),"CHO-DANG Pharm. Co., Ltd.",2025-04-24,의약품,5071,정상,,아세트아미노펜/클로르페니라민말레산염/슈도에페드린염산염/구아이페네신/카페인무수물,"프로필렌글리콜,시트르산수화물,벤조산나트륨,애플민트향(514165),D-소르비톨 액,에데트산디나트륨,자일리톨,염화나트륨,수크랄로스,포비돈,효소처리스테비아,잔탄검,시트르산나트륨수화물,적색40호,오렌지엣센스(B-4515),아세설팜칼륨,농글리세린,정제수",,일반의약품,완제의약품,신고,제조,,,,,,,N,,,,,,Acetaminophen/Chlorpheniramine Maleate/Pseudoephedrine Hydrochloride/Guaifenesin/Anhydrous Caffeine
202301638,파인콜정,Finecol Tablet,초당약품공업(주),"CHO-DANG Pharm. Co., Ltd.",2023-05-23,의약품,5057,정상,,아세트아미노펜/카페인무수물/구아이페네신/DL-메틸에페드린염산염/클로르페니라민말레산염/덱스트로메토르판브롬화수소산염수화물,"미결정셀룰로오스,탭쉴드흰색(29W925),크로스카멜로오스나트륨,스테아르산마그네슘,경질무수규산,히드록시프로필셀룰로오스",,일반의약품,완제의약품,신고,제조,,원형,,,12.2,12.2,N,"8806707021001,8806707021018",R05X,,202301638,,Acetaminophen/Anhydrous Caffeine/Guaifenesin/DL-Methylephedrine Hydrochloride/Chlorpheniramine Maleate/Dextromethorphan Hydrobromide Hydrate
202500966,파인콜코프시럽,Finecol Cough Syrup,초당약품공업(주),"CHO-DANG Pharm. Co., Ltd.",2025-04-22,의약품,5070,정상,,아세트아미노펜/덱스트로메토르판브롬화수소산염수화물/DL-메틸에페드린염산염/구아이페네신/카페인무수물,"프로필렌글리콜,시트르산수화물,벤조산나트륨,애플민트향(514165),D-소르비톨 액,에데트산디나트륨,자일리톨,염화나트륨,수크랄로스,포비돈,효소처리스테비아,잔탄검,시트르산나트륨수화물,적색40호,오렌지엣센스(B-4515),아세설팜칼륨,농글리세린,정제수",,일반의약품,완제의약품,신고,제조,,,,,,,N,,,,,,Acetaminophen/Dextromethorphan Hydrobromide Hydrate/DL-Methylephedrine Hydrochloride/Guaifenesin/Anhydrous Caffeine
202501031,파인콜콜드시럽,Finecol Cold Syrup,초당약품공업(주),"CHO-DANG Pharm. Co., Ltd.",2025-04-29,의약품,5072,정상,,아세트아미노펜/클로르페니라민말레산염/덱스트로메토르판브롬화수소산염수화물/DL-메틸에페드린염산염/구아이페네신/카페인무수물,"프로필렌글리콜,시트르산수화물,벤조산나트륨,애플민트향(514165),D-소르비톨 액,에데트산디나트륨,자일리톨,염화나트륨,수크랄로스,포비돈,효소처리스테비아,잔탄검,시트르산나트륨수화물,적색40호,오렌지엣센스(B-4515),아세설팜칼륨,농글리세린,정제수",,일반의약품,완제의약품,신고,제조,,,,,,,N,,,,,,Acetaminophen/Chlorpheniramine Maleate/Dextromethorphan Hydrobromide Hydrate/DL-Methylephedrine Hydrochloride/Guaifenesin/Anhydrous Caffeine
202103611,파인큐아세트펜시럽(아세트아미노펜),Fine-Q Acetphen Syrup,대원바이오텍주식회사,Danagen,2021-05-03,의약품,88,정상,,아세트아미노펜,"프로필렌글리콜,벤조산나트륨,딸기향(3104145),D-소르비톨 액,시트르산,백당,수크랄로스,포비돈,미결정셀룰로오스·카르복시메틸셀룰로오스나트륨,잔탄검,농글리세린,정제수",,일반의약품,완제의약품,신고,제조,,,,,,,N,"8800576008910,8800576008927,8800576008811,8800576008828,8800576008804,8800576008903",N02BE01,,202103611,,Acetaminophen
201802134,판콜아이콜드시럽,PANCOLD-I COLD Syrup,동화약품(주),"Dongwha Pharm. Co., Ltd.",2018-05-21,의약품,5132,정상,,아세트아미노펜/DL-메틸에페드린염산염/구아이페네신/디펜히드라민염산염,"베타덱스,시트르산수화물,프로필렌글리콜,메틸파라벤,포비돈,수크랄로스,프로필파라벤,시트르산나트륨수화물,조합향료(포도향BG1-3611),조합향료(허니향51866),프락토올리고당,농글리세린,정제수",,일반의약품,완제의약품,신고,제조,,,,,,,N,"8806427065729,8806427065705,8806427065712",R05X,,201802134,,Acetaminophen/DL-Methylephedrine Hydrochloride/Guaifenesin/Diphenhydramine Hydrochloride
198900672,판콜에스내복액,PANCOLD-S Solutions,동화약품(주),"Dongwha Pharm. Co., Ltd.",1989-09-21,의약품,277,정상,,아세트아미노펜/dl-메틸에페드린염산염/클로르페니라민말레산염/카페인무수물/구아이페네신,"시트르산수화물,프로필렌글리콜,레몬엣센스,이성화당,염화나트륨,자일리톨,수크랄로스,에데트산나트륨수화물,에탄올(95),시트르산나트륨수화물,오렌지엣센스피-4910,프락토올리고당,정제수",,일반의약품,완제의약품,신고,제조,,,,,,,N,"8806427035104,8806427035111,8806427035128,8806427035135",R05X,,198900672,,Acetaminophen/DL-Methylephedrine Hydrochloride/Chlorpheniramine Maleate/Anhydrous Caffeine/Guaifenesin
196800036,판콜에이내복액,PANCOLD-A Solutions,동화약품(주),"Dongwha Pharm. Co., Ltd.",1968-08-27,의약품,106,정상,,아세트아미노펜/구아이페네신/펜톡시베린시트르산염/페닐레프린염산염/클로르페니라민말레산염/카페인무수물,"시트르산수화물,프로필렌글리콜,레몬엣센스,오렌지향HK-111219,에데트산나트륨수화물,수크랄로스,에탄올(95),시트르산나트륨수화물,프락토올리고당,정제수",,일반의약품,완제의약품,신고,제조,,,,,,,N,"8806427035302,8806427035319,8806427035326,8806427035333",R05X,,196800036,,Acetaminophen/Guaifenesin/Pentoxyverine Citrate/Phenylephrine Hydrochloride/Chlorpheniramine Maleate/Anhydrous Caffeine
202501327,판콜에이내복액(Pancold A Oral Liquid 30mL)(수출용),Pancold A Oral Liquid 30mL,동화약품(주),"Dongwha Pharm. Co., Ltd.",2025-05-28,의약품,5270,정상,,아세트아미노펜/구아이페네신/펜톡시베린시트르산염/페닐레프린염산염/클로르페니라민말레산염/카페인무수물,"시트르산수화물,프로필렌글리콜,레몬엣센스,오렌지향HK-111219,에데트산나트륨수화물,수크랄로스,에탄올(95),시트르산나트륨수화물,프락토올리고당,정제수",,일반의약품,완제의약품,신고,제조,,,,,,,N,"8806427078408,8806427078415",R05X,,,,Acetaminophen/Guaifenesin/Pentoxyverine Citrate/Phenylephrine Hydrochloride/Chlorpheniramine Maleate/Anhydrous Caffeine
202500588,판콜에이치건조시럽,PANCOLD-H Dry Syrup,동화약품(주),"Dongwha Pharm. Co., Ltd.",2025-03-17,의약품,5264,정상,,아세트아미노펜/슈도에페드린염산염/구아이페네신/디펜히드라민염산염/리보플라빈포스페이트나트륨,"타르타르산,말토덱스트린,시트르산나트륨,조합향료(유자향12),유당수화물,시트르산,염화나트륨,조합향료(유자향분말3),조합향료(스위트향119119),포비돈,콜로이드성이산화규소,백당,수크랄로스,효소처리스테비아,레몬분말향(91271),천연유자향119211",,일반의약품,완제의약품,신고,제조,,,,,,,N,"8806427077722,8806427077715,8806427077708",R05X,,,,Acetaminophen/Pseudoephedrine Hydrochloride/Guaifenesin/Diphenhydramine Hydrochloride/Riboflavin Sodium Phosphate
202400486,판콜케어내복액,PANCOLD Care Solutions,동화약품(주),"Dongwha Pharm. Co., Ltd.",2024-03-06,의약품,5235,정상,,아세트아미노펜/구아이페네신/펜톡시베린시트르산염/슈도에페드린염산염/클로르페니라민말레산염/카페인무수물,"시트르산수화물,프로필렌글리콜,레몬엣센스,에데트산나트륨수화물,수크랄로스,에탄올(95),시트르산나트륨수화물,오렌지후레바 HK-111219,프락토올리고당,정제수",,일반의약품,완제의약품,신고,제조,,,,,,,N,"8806427075704,8806427075728,8806427075711",R05X,,,,Acetaminophen/Guaifenesin/Pentoxyverine Citrate/Pseudoephedrine Hydrochloride/Chlorpheniramine Maleate/Anhydrous Caffeine
202402898,판텍에이액,PANTEC A Sol.,동아제약(주),"Dong-A Pharmaceutical Co., Ltd.",2024-12-09,의약품,5210,정상,,아세트아미노펜/카페인무수물/클로르페니라민말레산염/슈도에페드린염산염/DL-메틸에페드린염산염/티아민질산염/아스코르브산,"벤조산나트륨,조합향료(애플망고향 K-251292),자일리톨,시트르산,잔탄검,정제수",,일반의약품,완제의약품,신고,제조,,,,,,,N,,,,,,Acetaminophen/Anhydrous Caffeine/Chlorpheniramine Maleate/Pseudoephedrine Hydrochloride/DL-Methylephedrine Hydrochloride/Thiamine Nitrate/Ascorbic Acid
202500018,판텍에이정,PANTEC A Tab.,동아제약(주),"Dong-A Pharmaceutical Co., Ltd.",2025-01-03,의약품,5211,정상,,아세트아미노펜/카페인무수물/클로르페니라민말레산염/슈도에페드린염산염/DL-메틸에페드린염산염/티아민질산염/아스코르브산,"저치환도히드록시프로필셀룰로오스,미결정셀룰로오스,스테아르산마그네슘,히드록시프로필셀룰로오스",,일반의약품,완제의약품,신고,제조,,,,,,,N,,,,,,Acetaminophen/Anhydrous Caffeine/Chlorpheniramine Maleate/Pseudoephedrine Hydrochloride/DL-Methylephedrine Hydrochloride/Thiamine Nitrate/Ascorbic Acid
202402551,판텍콜드시럽,PANTEC Cold Syrup,동아제약(주),"Dong-A Pharmaceutical Co., Ltd.",2024-10-29,의약품,5209,정상,,카페인수화물/클로르페니라민말레산염/아세트아미노펜/디펜히드라민염산염/슈도에페드린염산염/DL-메틸에페드린염산염,"벤조산나트륨,자일리톨,시트르산,잔탄검,정제수",,일반의약품,완제의약품,신고,제조,,,,,,,N,,,,,,Caffeine Hydrate/Chlorpheniramine Maleate/Acetaminophen/Diphenhydramine Hydrochloride/Pseudoephedrine Hydrochloride/DL-Methylephedrine Hydrochloride
202107059,판텍큐노즈플러스연질캡슐,Pantec-Q Nose Plus Soft Cap.,동아제약(주),"Dong-A Pharmaceutical Co., Ltd.",2021-10-21,의약품,5169,정상,,아세트아미노펜/브롬페니라민말레산염/슈도에페드린염산염/덱스트로메토르판브롬화수소산염수화물/dl-메틸에페드린염산염,"프로필렌글리콜,폴리에틸렌글리콜400,젤라틴,홍화황색소,포비돈,소르비톨스페셜글리세린블렌드,정제수",,일반의약품,완제의약품,신고,제조,,타원형,,,19.5,9.7,N,"8806265016907,8806265016914",R05X,,202107059,,Acetaminophen/Brompheniramine Maleate/Pseudoephedrine Hydrochloride/Dextromethorphan Hydrobromide Hydrate/DL-Methylephedrine Hydrochloride
202107060,판텍큐코프플러스연질캡슐,Pantec-Q Cough Plus Soft Cap.,동아제약(주),"Dong-A Pharmaceutical Co., Ltd.",2021-10-21,의약품,5170,정상,,아세트아미노펜/클로르페니라민말레산염/구아이페네신/덱스트로메토르판브롬화수소산염수화물/dl-메틸에페드린염산염,"프로필렌글리콜,치자청색소,폴리에틸렌글리콜400,젤라틴,포비돈,소르비톨스페셜글리세린블렌드,정제수",,일반의약품,완제의약품,신고,제조,,타원형,,,16.7,9.9,N,"8806265017003,8806265017010",R05X,,202107060,,Acetaminophen/Chlorpheniramine Maleate/Guaifenesin/Dextromethorphan Hydrobromide Hydrate/DL-Methylephedrine Hydrochloride
202107058,판텍큐플러스연질캡슐,Pantec-Q Plus Soft Cap.,동아제약(주),"Dong-A Pharmaceutical Co., Ltd.",2021-10-21,의약품,5168,정상,,아세트아미노펜/브롬페니라민말레산염/덱스트로메토르판브롬화수소산염수화물/dl-메틸에페드린염산염/슈도에페드린염산염/구아이페네신,"프로필렌글리콜,락색소,폴리에틸렌글리콜400,젤라틴,포비돈,소르비톨스페셜글리세린블렌드,정제수",,일반의약품,완제의약품,신고,제조,,타원형,,,20.2,9.3,N,"8806265016808,8806265016815",R05X,,202107058,,Acetaminophen/Brompheniramine Maleate/Dextromethorphan Hydrobromide Hydrate/DL-Methylephedrine Hydrochloride/Pseudoephedrine Hydrochloride/Guaifenesin
202501997,판텍타임건조시럽,PANTEC TIME dry syrup,동아제약(주),"Dong-A Pharmaceutical Co., Ltd.",2025-07-31,의약품,5225,취하,,아세트아미노펜/디펜히드라민염산염/슈도에페드린염산염/덱스트로메토르판브롬화수소산염수화물/DL-메틸에페드린염산염/구아이페네신/리보플라빈/아스코르브산/글리신,"말토덱스트린,스테비올배당체,시트르산,염화나트륨,백당,포비돈,콜로이드성이산화규소,조합향료(유자라임향분말 JP3-25532E),조합향료(레몬향분말 JP3-25558E),아세설팜칼륨",,일반의약품,완제의약품,신고,제조,,,,,,,N,"8806265022120,8806265022113,8806265022106",R05X,,,,Acetaminophen/Diphenhydramine Hydrochloride/Pseudoephedrine Hydrochloride/Dextromethorphan Hydrobromide Hydrate/DL-Methylephedrine Hydrochloride/Guaifenesin/Riboflavin/Ascorbic Acid/Glycine
202500745,판텍타임나이트시럽,Pantec Time Night syrup,동아제약(주),"Dong-A Pharmaceutical Co., Ltd.",2025-03-31,의약품,5216,정상,,아세트아미노펜/디펜히드라민염산염/슈도에페드린염산염/DL-메틸에페드린염산염/덱스트로메토르판브롬화수소산염수화물/구아이페네신,"벤조산나트륨,조합향료(유자라임향 JW6-24115),스테비올배당체,폴리에틸렌글리콜400,폴리옥실40·경화피마자유,시트르산,염화나트륨,조합향료(시트러스향 MQ-53895),에데트산나트륨수화물,수크랄로스,에탄올(95),카라멜색소,조합향료(시트러스향MQ-58368),시트르산나트륨수화물,시클로덱스트린,잔탄검,조합향료(시트러스향MQ-62749),농글리세린,프락토올리고당,정제수",,일반의약품,완제의약품,신고,제조,,,,,,,N,,,,,,Acetaminophen/Diphenhydramine Hydrochloride/Pseudoephedrine Hydrochloride/DL-Methylephedrine Hydrochloride/Dextromethorphan Hydrobromide Hydrate/Guaifenesin
202502468,판텍타임산제,Pantec Time Powder,동아제약(주),"Dong-A Pharmaceutical Co., Ltd.",2025-09-17,의약품,5230,정상,,아세트아미노펜 제피세립/카페인무수물/DL-메틸에페드린염산염/티페피딘시트르산염/리보플라빈/클로르페니라민말레산염,"에틸셀룰로오스,조합향료(레몬향코튼),자일리톨,히드록시프로필베타덱스,스테아르산마그네슘,콜로이드성이산화규소,효소처리스테비아,탤크",,일반의약품,완제의약품,신고,제조,,,,,,,N,"8806265022700,8806265022724,8806265022717",R05X,,,,Microencapsulated Acetaminophen/Anhydrous Caffeine/DL-Methylephedrine Hydrochloride/Tipepidine Citrate/Riboflavin/Chlorpheniramine Maleate
202500746,판텍타임코프시럽,Pantec Time Cough syrup,동아제약(주),"Dong-A Pharmaceutical Co., Ltd.",2025-03-31,의약품,5217,정상,,아세트아미노펜/카페인무수물/DL-메틸에페드린염산염/덱스트로메토르판브롬화수소산염수화물/구아이페네신,"벤조산나트륨,조합향료(유자라임향 JW6-24115),스테비올배당체,폴리에틸렌글리콜400,폴리옥실40·경화피마자유,시트르산,염화나트륨,조합향료(시트러스향 MQ-53895),에데트산나트륨수화물,에탄올(95),수크랄로스,카라멜색소,조합향료(시트러스향MQ-58368),시트르산나트륨수화물,시클로덱스트린,잔탄검,조합향료(시트러스향MQ-62749),농글리세린,프락토올리고당,정제수",,일반의약품,완제의약품,신고,제조,,,,,,,N,,,,,,Acetaminophen/Anhydrous Caffeine/DL-Methylephedrine Hydrochloride/Dextromethorphan Hydrobromide Hydrate/Guaifenesin
202500612,판텍타임콜드시럽,Pantec Time Cold syrup,동아제약(주),"Dong-A Pharmaceutical Co., Ltd.",2025-03-18,의약품,5215,정상,,아세트아미노펜/클로르페니라민말레산염/카페인무수물/슈도에페드린염산염/DL-메틸에페드린염산염/덱스트로메토르판브롬화수소산염수화물/구아이페네신,"벤조산나트륨,조합향료(유자라임향 JW6-24115),스테비올배당체,폴리에틸렌글리콜400,폴리옥실40·경화피마자유,시트르산,염화나트륨,조합향료(시트러스향 MQ-53895),에데트산나트륨수화물,에탄올(95),카라멜색소,수크랄로스,조합향료(시트러스향MQ-58368),시트르산나트륨수화물,시클로덱스트린,잔탄검,조합향료(시트러스향MQ-62749),농글리세린,프락토올리고당,정제수",,일반의약품,완제의약품,신고,제조,,,,,,,N,,,,,,Acetaminophen/Chlorpheniramine Maleate/Anhydrous Caffeine/Pseudoephedrine Hydrochloride/DL-Methylephedrine Hydrochloride/Dextromethorphan Hydrobromide Hydrate/Guaifenesin
199000256,판토-에이내복액,Panto-A Oral Solution,삼성제약(주),"SAMSUNG PHARM.Co.,Ltd.",1990-08-09,의약품,2253,정상,,아세트아미노펜/클로르페니라민말레산염/dl-메틸에페드린염산염/구아이페네신/카페인무수물,"시트르산수화물,카라멜,이성화당,복숭아향P-22076,메틸파라벤,드링크향 606184,프로필파라벤,오렌지후레바F-981179,에탄올(95),효소처리스테비아,시트르산나트륨수화물,레몬향 FAC-09314 ,농글리세린,정제수",,일반의약품,완제의약품,신고,제조,,,,,,,N,"8806423039205,8806423039212",R05X,,199000256,,Acetaminophen/Chlorpheniramine Maleate/DL-Methylephedrine Hydrochloride/Guaifenesin/Anhydrous Caffeine
202501643,판피린나이트액,Panpyrin Night Sol.,동아제약(주),"Dong-A Pharmaceutical Co., Ltd.",2025-07-02,의약품,5224,정상,,아세트아미노펜/디펜히드라민염산염/슈도에페드린염산염/DL-메틸에페드린염산염/덱스트로메토르판브롬화수소산염수화물/구아이페네신,"벤조산나트륨,조합향료(유자라임향 JW6-24115),스테비올배당체,폴리에틸렌글리콜400,폴리옥실40·경화피마자유,시트르산,염화나트륨,조합향료(허브분말향DA),조합향료(시트러스향 MQ-53895),에데트산나트륨수화물,에탄올(95),수크랄로스,카라멜색소,조합향료(시트러스향MQ-58368),시트르산나트륨수화물,시클로덱스트린,조합향료(시트러스향MQ-62749),농글리세린,프락토올리고당,정제수",,일반의약품,완제의약품,신고,제조,,,,,,,N,"8806265021925,8806265021918,8806265021901",R05X,,,,Acetaminophen/Diphenhydramine Hydrochloride/Pseudoephedrine Hydrochloride/DL-Methylephedrine Hydrochloride/Dextromethorphan Hydrobromide Hydrate/Guaifenesin
202303219,판피린씨액,Panpyrin C Sol.,동아제약(주),"Dong-A Pharmaceutical Co., Ltd.",2023-11-27,의약품,5192,정상,,아세트아미노펜/카페인무수물/클로르페니라민말레산염/구아이페네신,"벤조산나트륨,아황산수소나트륨,사카린나트륨수화물,레몬엣센스,시트르산,고과당,에데트산나트륨수화물,포비돈,에탄올(95),카라멜색소,시트르산나트륨수화물,효소처리스테비아,농글리세린,정제수",,일반의약품,완제의약품,신고,제조,,,,,,,N,,,,,,Acetaminophen/Anhydrous Caffeine/Chlorpheniramine Maleate/Guaifenesin
201900691,판피린알파정,Panpyrin Alpha Tab.,동아제약(주),"Dong-A Pharmaceutical Co., Ltd.",2019-01-29,의약품,5128,유효기간만료,,아세트아미노펜/클로르페니라민말레산염/DL-메틸에페드린염산염/클로페라스틴염산염/카페인무수물/리보플라빈/푸르설티아민/아스코르브산97%과립,"저치환도히드록시프로필셀룰로오스,오파드라이AMBⅡ노란색88A620050  ,코포비돈,경화식물유,스테아르산마그네슘,경질무수규산,오파드라이 클리어 02M49010",,일반의약품,완제의약품,신고,제조,,,,,,,N,"8806265012404,8806265012411",R05X,,,,Acetaminophen/Chlorpheniramine Maleate/DL-Methylephedrine Hydrochloride/Cloperastine Hydrochloride/Anhydrous Caffeine/Riboflavin/Fursultiamine/Ascorbic Acid Granules 97%
202102669,판피린에이액,Panpyrin-A Sol.,동아제약(주),"Dong-A Pharmaceutical Co., Ltd.",2021-03-26,의약품,5160,취하,,아세트아미노펜/카페인무수물/클로르페니라민말레산염/구아이페네신/페닐레프린염산염,"벤조산나트륨,아황산수소나트륨,사카린나트륨수화물,레몬엣센스,시트르산,에데트산나트륨수화물,포비돈,카라멜색소,시트르산나트륨수화물,효소처리스테비아,프락토올리고당,농글리세린,에탄올,정제수",,일반의약품,완제의약품,신고,제조,,,,,,,N,,R05X,,,,Acetaminophen/Anhydrous Caffeine/Chlorpheniramine Maleate/Guaifenesin/Phenylephrine Hydrochloride
202303193,판피린에이액,Panpyrin-A Sol.,동아제약(주),"Dong-A Pharmaceutical Co., Ltd.",2023-11-22,의약품,5191,정상,,아세트아미노펜/카페인무수물/클로르페니라민말레산염/구아이페네신/티페피딘시트르산염,"벤조산나트륨,사카린나트륨수화물,레몬엣센스,시트르산,고과당,에데트산나트륨수화물,포비돈,에탄올(95),카라멜색소,조합향료(혼합과일향JW6-24114),시트르산나트륨수화물,효소처리스테비아,농글리세린,정제수",,일반의약품,완제의약품,신고,제조,,,,,,,N,"8806265020805,8806265020812,8806265020829,8806265020836,8806265020843,8806265020850,8806265020867",R05X,,202303193,,Acetaminophen/Anhydrous Caffeine/Chlorpheniramine Maleate/Guaifenesin/Tipepidine Citrate
200700547,판피린큐액,Panpyrin Q Sol.,동아제약(주),"Dong-A Pharmaceutical Co., Ltd.",2007-01-15,의약품,5003,정상,,티페피딘시트르산염/구아이페네신/dl-메틸에페드린염산염/클로르페니라민말레산염/카페인무수물/아세트아미노펜,"포비돈K-30,벤조산나트륨,레몬엣센스,사카린나트륨수화물,시트르산,고과당,에데트산나트륨수화물,카라멜색소,에탄올(95),조합향료(혼합과일향JW6-24114),시트르산나트륨수화물,효소처리스테비아,정제수,농글리세린",,일반의약품,완제의약품,신고,제조,,,,,,,N,"8806265001309,8806425036202,8806265001316,8806425036219,8806265001330,8806425036226,8806265001323,8806425036233",R05X,,200700547,,Tipepidine Citrate/Guaifenesin/DL-Methylephedrine Hydrochloride/Chlorpheniramine Maleate/Anhydrous Caffeine/Acetaminophen
201603651,판피린큐액(수출용),Panpyrin Q Sol.,동아제약(주),"Dong-A Pharmaceutical Co., Ltd.",2016-06-20,의약품,5089,정상,,아세트아미노펜/구아이페네신/페닐레프린염산염,"벤조산나트륨,프로필렌글리콜,포비돈 K30,아황산수소나트륨,사카린나트륨수화물,레몬엣센스,폴리에틸렌글리콜400,시트르산,고과당,에데트산나트륨수화물,카라멜색소,에탄올(95),효소처리스테비아,정제수,농글리세린",,일반의약품,완제의약품,허가,제조,의약품,,,,,,N,,,,,,Acetaminophen/Guaifenesin/Phenylephrine Hydrochloride
202103734,판피린큐콜드액,Panpyrin-Q Cold Sol.,동아제약(주),"Dong-A Pharmaceutical Co., Ltd.",2021-05-07,의약품,5161,정상,,아세트아미노펜/카페인무수물/클로르페니라민말레산염/구아이페네신/dl-메틸에페드린염산염/페닐레프린염산염,"벤조산나트륨,아황산수소나트륨,사카린나트륨수화물,레몬엣센스,시트르산,건조탄산나트륨,에데트산나트륨수화물,포비돈,에탄올(95),카라멜색소,시트르산나트륨수화물,효소처리스테비아,프락토올리고당,농글리세린,정제수",,일반의약품,완제의약품,신고,제조,,,,,,,N,"8806265016303,8806265016310",R05X,,,,Acetaminophen/Anhydrous Caffeine/Chlorpheniramine Maleate/Guaifenesin/DL-Methylephedrine Hydrochloride/Phenylephrine Hydrochloride
202502047,판피린타임나이트플루건조시럽,Panpyrin Time Nightflu dry syrup,동아제약(주),"Dong-A Pharmaceutical Co., Ltd.",2025-08-06,의약품,5226,정상,,아세트아미노펜/디펜히드라민염산염/슈도에페드린염산염/덱스트로메토르판브롬화수소산염수화물/DL-메틸에페드린염산염/리보플라빈/아스코르브산/글리신,"말토덱스트린,스테비올배당체,시트르산,염화나트륨,백당,포비돈,콜로이드성이산화규소,조합향료(유자향분말 9),조합향료(유자라임향분말 JP3-25532E),조합향료(레몬향분말 JP3-25558E),아세설팜칼륨,조합향료(시트러스향분말 3)",,일반의약품,완제의약품,신고,제조,,,,,,,N,"8806265022212,8806265022229,8806265022205",R05X,,,,Acetaminophen/Diphenhydramine Hydrochloride/Pseudoephedrine Hydrochloride/Dextromethorphan Hydrobromide Hydrate/DL-Methylephedrine Hydrochloride/Riboflavin/Ascorbic Acid/Glycine
202503342,판피린타임데이플루건조시럽,Panpyrin Time Dayflu dry syrup,동아제약(주),"Dong-A Pharmaceutical Co., Ltd.",2025-12-22,의약품,5234,정상,,아세트아미노펜/클로르페니라민말레산염/카페인무수물/슈도에페드린염산염/덱스트로메토르판브롬화수소산염수화물/DL-메틸에페드린염산염/리보플라빈/아스코르브산,"말토덱스트린,스테비올배당체,시트르산,염화나트륨,백당,포비돈,콜로이드성이산화규소,조합향료(유자향분말 9),조합향료(유자라임향분말 JP3-25532E),조합향료(레몬향분말 JP3-25558E),아세설팜칼륨,조합향료(시트러스향분말 3)",,일반의약품,완제의약품,신고,제조,,,,,,,N,"8806265023301,8806265023318,8806265023325",,,,,Acetaminophen/Chlorpheniramine Maleate/Anhydrous Caffeine/Pseudoephedrine Hydrochloride/Dextromethorphan Hydrobromide Hydrate/DL-Methylephedrine Hydrochloride/Riboflavin/Ascorbic Acid
202502770,판피린타임산제,Panpyrin Time Powder,동아제약(주),"Dong-A Pharmaceutical Co., Ltd.",2025-10-28,의약품,5233,정상,,아세트아미노펜/DL-메틸에페드린염산염/티페피딘시트르산염/리보플라빈/클로르페니라민말레산염,"에틸셀룰로오스,조합향료(레몬향코튼),트리에틸시트르산염,자일리톨,히드록시프로필베타덱스,스테아르산마그네슘,콜로이드성이산화규소,효소처리스테비아,탤크",,일반의약품,완제의약품,신고,제조,,,,,,,N,"8806265023127,8806265023110,8806265023103",R05X,,,,Acetaminophen/DL-Methylephedrine Hydrochloride/Tipepidine Citrate/Riboflavin/Chlorpheniramine Maleate
199400202,판피린티정,Panpyrin-T Tab.,동아제약(주),"Dong-A Pharmaceutical Co., Ltd.",1994-09-03,의약품,650,정상,,아세트아미노펜/클로르페니라민말레산염/카페인무수물,"아라비아고무가루,유당수화물,스테아르산마그네슘,탤크,옥수수전분,히드록시프로필셀룰로오스",,일반의약품,완제의약품,신고,제조,,장방형,,,15.3,7.0,N,"8806265000609,8806425036301,8806265000623,8806425036318,8806265000630,8806425036325,8806265000647,8806425036332,8806265000654,8806425036349,8806265000661,8806425036356,8806265000678,8806425036363,8806265000685,8806425036370",R05X,,199400202,,Acetaminophen/Chlorpheniramine Maleate/Anhydrous Caffeine
202004091,팜듀얼렉스정,PharmDualax Tab.,(주)유앤생명과학,Yu&life sciences,2020-05-29,의약품,113,취하,,아세트아미노펜/클로르족사존,"미결정셀룰로오스,유당수화물,스테아르산마그네슘,경질무수규산,카르복시메틸셀룰로오스칼슘,히드록시프로필셀룰로오스",,일반의약품,완제의약품,신고,제조,,,,,,,N,"8800588011205,8800588011229",M03BB53,,202004091,,Acetaminophen/Chlorzoxazone
201903799,팜플루노즈연질캡슐,Phamflunose Soft capsue,코스맥스파마(주),"COSMAX PHARMA CO., LTD.",2019-06-10,의약품,5162,정상,,아세트아미노펜/슈도에페드린염산염/dl-메틸에페드린염산염/덱스트로메토르판브롬화수소산염수화물/트리프롤리딘염산염수화물,"프로필렌글리콜,심황색소,폴리에틸렌글리콜400,젤라틴,포비돈,소르비톨소르비탄 액,정제수",,일반의약품,완제의약품,신고,제조,,타원형,,,14.8,9.7,N,"8800540011304,8800551021309,8800540011311,8800551021316",R05X,,201903799,,Acetaminophen/Pseudoephedrine Hydrochloride/DL-Methylephedrine Hydrochloride/Dextromethorphan Hydrobromide Hydrate/Triprolidine Hydrochloride Hydrate
201903798,팜플루코프연질캡슐,Phamflucough Soft capsue,코스맥스파마(주),"COSMAX PHARMA CO., LTD.",2019-06-10,의약품,5161,정상,,아세트아미노펜/구아이페네신/노스카핀염산염수화물/덱스트로메토르판브롬화수소산염수화물/트리프롤리딘염산염수화물,"프로필렌글리콜,치자청색소,폴리에틸렌글리콜400,젤라틴,포비돈,정제수,소르비톨 소르비탄액",,일반의약품,완제의약품,신고,제조,,타원형,,,14.7,9.9,N,"8800540011205,8800551020906,8800540011212,8800551020913",R05X,,201903798,,Acetaminophen/Guaifenesin/Noscapine Hydrochloride Hydrate/Dextromethorphan Hydrobromide Hydrate/Triprolidine Hydrochloride Hydrate
202401829,팜플루코프플러스연질캡슐,Phamflucough Plus Soft capsule,코스맥스파마(주),"COSMAX PHARMA CO., LTD.",2024-07-29,의약품,5250,정상,,아세트아미노펜/구아이페네신/노스카핀염산염수화물/덱스트로메토르판브롬화수소산염수화물/트리프롤리딘염산염수화물,"프로필렌글리콜,치자청색소,폴리에틸렌글리콜400,젤라틴,포비돈,정제수,소르비톨 소르비탄액",,일반의약품,완제의약품,신고,제조,,타원형,,,15.4,9.5,N,"8800551029008,8800551029015",R05X,,,,Acetaminophen/Guaifenesin/Noscapine Hydrochloride Hydrate/Dextromethorphan Hydrobromide Hydrate/Triprolidine Hydrochloride Hydrate
201903800,팜플루콜드연질캡슐,Phamflucold Soft capsue,코스맥스파마(주),"COSMAX PHARMA CO., LTD.",2019-06-10,의약품,5163,정상,,아세트아미노펜/구아이페네신/슈도에페드린염산염/dl-메틸에페드린염산염/덱스트로메토르판브롬화수소산염수화물/트리프롤리딘염산염수화물,"프로필렌글리콜,폴리에틸렌글리콜400,젤라틴,포비돈,안나토색소,정제수,소르비톨 소르비탄액",,일반의약품,완제의약품,신고,제조,,타원형,,,14.8,9.8,N,"8800540011403,8800551021002,8800540011410,8800551021019",R05X,,201903800,,Acetaminophen/Guaifenesin/Pseudoephedrine Hydrochloride/DL-Methylephedrine Hydrochloride/Dextromethorphan Hydrobromide Hydrate/Triprolidine Hydrochloride Hydrate
202402023,팜플루콜드플러스연질캡슐,Phamflucold Plus Soft capsule,코스맥스파마(주),"COSMAX PHARMA CO., LTD.",2024-08-22,의약품,5251,정상,,아세트아미노펜/구아이페네신/슈도에페드린염산염/dl-메틸에페드린염산염/덱스트로메토르판브롬화수소산염수화물/트리프롤리딘염산염수화물,"프로필렌글리콜,폴리에틸렌글리콜400,젤라틴,포비돈,안나토색소,정제수,소르비톨 소르비탄액",,일반의약품,완제의약품,신고,제조,,타원형,,,15.0,9.4,N,"8800551029107,8800551029114",R05X,,,,Acetaminophen/Guaifenesin/Pseudoephedrine Hydrochloride/DL-Methylephedrine Hydrochloride/Dextromethorphan Hydrobromide Hydrate/Triprolidine Hydrochloride Hydrate
201310642,패튼정,Patton Tab.,오스틴제약(주),"Austin pharm.co.,Ltd",2013-12-12,의약품,5058,유효기간만료,,아세트아미노펜/클로르족사존,"미결정셀룰로오스,유당수화물,스테아르산마그네슘,경질무수규산,카르복시메틸셀룰로오스칼슘,히드록시프로필셀룰로오스",,일반의약품,완제의약품,신고,제조,,,,,,,N,"8806543048507,8806543048514",M03BB53,,201310642,,Acetaminophen/Chlorzoxazone
202006645,퍼슨콜샷에프시럽,Firson Colshot F Syrup,(주)퍼슨,"Firson Co., Ltd.",2020-09-25,의약품,5130,유효기간만료,,아세트아미노펜/덱스트로메토르판브롬화수소산염수화물/클로르페니라민말레산염/dl-메틸에페드린염산염,"시트르산수화물,메틸파라벤,글리세린,자일리톨,프로필파라벤,시트르산나트륨수화물,정제수",,일반의약품,완제의약품,신고,제조,,,,,,,N,,,,,,Acetaminophen/Dextromethorphan Hydrobromide Hydrate/Chlorpheniramine Maleate/DL-Methylephedrine Hydrochloride
201900994,페나셋서방정,Penacet ER Tab.,(주)메디카코리아,"MEDICA KOREA Co., Ltd.",2019-02-19,의약품,5112,유효기간만료,,아세트아미노펜/트라마돌염산염,"저치환도히드록시프로필셀룰로오스,크로스포비돈,히프로멜로오스,콜로이드성이산화규소,포비돈,스테아르산마그네슘,오파드라이II노란색(85F420033)",,전문의약품,완제의약품,허가,제조,,,,,,,N,"8806460046600,8806460046617,8806460046624",N02AJ13,,,,Acetaminophen/Tramadol Hydrochloride
201900993,페나셋세미서방정,Penacet Semi ER Tab.,(주)메디카코리아,"MEDICA KOREA Co., Ltd.",2019-02-19,의약품,5111,유효기간만료,,아세트아미노펜/트라마돌염산염,"저치환도히드록시프로필셀룰로오스,크로스포비돈,히프로멜로오스,콜로이드성이산화규소,포비돈,스테아르산마그네슘,오파드라이II노란색(85F420033)",,전문의약품,완제의약품,허가,제조,,,,,,,N,"8806460046709,8806460046716,8806460046723",N02AJ13,,,,Acetaminophen/Tramadol Hydrochloride
200805387,"페나셋세미정(트라마돌염산염,아세트아미노펜)",Penacet Semi Tab.,(주)메디카코리아,"MEDICA KOREA Co., Ltd.",2008-05-13,의약품,451,정상,,트라마돌염산염/아세트아미노펜,"미결정셀룰로오스,오파드라이QX노란색(321A620000) ,스테아르산마그네슘,전분글리콜산나트륨,히드록시프로필셀룰로오스",,전문의약품,완제의약품,신고,제조,,장방형,,,12,5,N,"8806460027807,8806460027814,8806460027821,8806460027838,8806460027845,8806460027852",N02AJ13,200805387,,,Tramadol Hydrochloride/Acetaminophen
200805275,"페나셋정(트라마돌염산염,아세트아미노펜)",Penacet Tab.,(주)메디카코리아,"MEDICA KOREA Co., Ltd.",2008-05-08,의약품,450,정상,,아세트아미노펜/트라마돌염산염,"미결정셀룰로오스,오파드라이QX노란색(321A620000) ,스테아르산마그네슘,전분글리콜산나트륨,히드록시프로필셀룰로오스",,전문의약품,완제의약품,신고,제조,,장방형,,,15.6,6.5,N,"8806460027906,8806460027913,8806460027920,8806460027937,8806460027944",N02AJ13,200805275,,,Acetaminophen/Tramadol Hydrochloride
200301765,페르펜정(수출용),Perpen Tab,미래바이오제약(주),"Mirae Pharmaceutical Co., Ltd",2003-09-05,의약품,243,정상,,아세트아미노펜/말레인산돔페리돈,"라우릴황산나트륨,저치환도히드록시프로필셀룰로오스,폴리에칠렌글리콜 400,미결정셀룰로오스,히프로멜로오스,유당,산화티탄,탈크,카르복시메틸셀룰로오스칼슘,전분글리콜산나트륨,스테아린산마그네슘,히드록시프로필셀룰로오스",,일반의약품,완제의약품,신고,제조,,장방형,,,18.15,7.1,N,"8806575012002,8806575012019",N02CX,,,,Acetaminophen/Domperidone Maleate
201501690,페인리스서방정,Painless SR Tab.,주식회사제뉴원사이언스,GENUONE Sciences Inc.,2015-03-30,의약품,5378,정상,,아세트아미노펜/트라마돌염산염,"저치환도히드록시프로필셀룰로오스,크로스포비돈,히프로멜로오스,콜로이드성이산화규소,포비돈,스테아르산마그네슘,오파드라이Ⅱ노란색(85F420033)",,전문의약품,완제의약품,허가,제조,,장방형,,,19.2,8.7,N,"8806717046209,8806717046216,8806717046223",N02AJ13,201501690,,,Acetaminophen/Tramadol Hydrochloride
201505904,페인리스세미서방정,Painless Semi SR Tab.,주식회사제뉴원사이언스,GENUONE Sciences Inc.,2015-08-24,의약품,5389,정상,,아세트아미노펜/트라마돌염산염,"저치환도히드록시프로필셀룰로오스,크로스포비돈,히프로멜로오스,콜로이드성이산화규소,포비돈,스테아르산마그네슘,오파드라이Ⅱ노란색(85F420033)",,전문의약품,완제의약품,허가,제조,,원형,,,9.9,9.9,N,"8806717048104,8806717048111,8806717048128",N02AJ13,201505904,,,Acetaminophen/Tramadol Hydrochloride
200804912,페인리스세미정,Painless Semi Tab.,주식회사제뉴원사이언스,GENUONE Sciences Inc.,2008-04-29,의약품,198,정상,,트라마돌염산염/아세트아미노펜,"미결정셀룰로오스,크로스포비돈,스테아르산마그네슘,전호화전분,오파드라이II노란색(85F420033)",,전문의약품,완제의약품,신고,제조,,장방형,,,11.68,5.78,N,"8806717022203,8806717022210,8806717022227,8806717022234,8806717022241",N02AJ13,200804912,,,Tramadol Hydrochloride/Acetaminophen
200712868,페인리스정,Painless Tab.,주식회사제뉴원사이언스,GENUONE Sciences Inc.,2007-11-27,의약품,178,정상,,트라마돌염산염/아세트아미노펜,"미결정셀룰로오스,크로스포비돈,스테아르산마그네슘,전호화전분,오파드라이II노란색(85F420033)",,전문의약품,완제의약품,신고,제조,,장방형,,,15.58,6.78,N,"8806717022005,8806717022012,8806717022029,8806717022036,8806717022043,8806717022050,8806717022067,8806717022074",N02AJ13,200712868,,,Tramadol Hydrochloride/Acetaminophen
202502660,페인싹트리플정,Painssak triple Tab.,(주)한풍제약,"HANPOONG PHARM. Co., Ltd.",2025-10-15,의약품,5364,정상,,아세트아미노펜/아스피린/카페인무수물,"오파드라이흰색(20A680000),미결정셀룰로오스,스테아르산마그네슘,전분글리콜산나트륨,히드록시프로필셀룰로오스",,일반의약품,완제의약품,신고,제조,,타원형,,,17.1,10.1,N,"8806581087216,8806581087209",N02BE51,,,,Acetaminophen/Aspirin/Anhydrous Caffeine
201503319,펜노미아건조시럽(아세트아미노펜),PHENNOMIA DRY SYR.,(주)비보존제약,"VIVOZON PHARMACEUTICAL CO., LTD",2015-05-29,의약품,5054,유효기간만료,,아세트아미노펜,"딸기향코톤,콜리코트프로텍트,시트르산,아스파탐,수크랄로스,콜로이드성이산화규소,효소처리스테비아,D-만니톨",,일반의약품,완제의약품,신고,제조,,,,,,,N,"8806582028409,8806582028416",N02BE01,,201503319,,Acetaminophen
199601484,펜세타정(아세트아미노펜제피세립),Phenceta Tab.,대원제약(주),"Daewon Pharmaceutical Co., Ltd.",1996-10-04,의약품,36,정상,,아세트아미노펜제피세립,"스테아르산,미결정셀룰로오스,크로스카멜로오스나트륨,탤크",,일반의약품,완제의약품,신고,제조,,장방형,,,13.7,7.6,N,"8806718033109,8806718033116,8806718033123,8806718033130,8806718033147",N02BE01,,199601484,,Microencapsulated Acetaminophen
201901304,펜실연질캡슐,Pensil Soft Cap.,동화약품(주),"Dongwha Pharm. Co., Ltd.",2019-03-04,의약품,5143,정상,,아세트아미노펜/에텐자미드/카페인무수물,"프로필렌글리콜,폴리에틸렌글리콜 400,락색소,폴리에틸렌글리콜 4000,젤라틴,산화티탄,소르비톨스페셜글리세린블렌드,정제수",,일반의약품,완제의약품,신고,제조,,타원형,,,14.9,8.9,N,"8806427066702,8806427066719",N02BE51,,201901304,,Acetaminophen/Ethenzamide/Anhydrous Caffeine
201604641,펜싹코연질캡슐,Fenssackco Soft capsule,코스맥스파마(주),"COSMAX PHARMA CO., LTD.",2016-07-27,의약품,14,정상,,아세트아미노펜/슈도에페드린염산염/dl-메틸에페드린염산염/덱스트로메토르판브롬화수소산염수화물/트리프롤리딘염산염수화물,"프로필렌글리콜,심황색소,폴리에틸렌글리콜400,젤라틴,포비돈,정제수,소르비톨 소르비탄액",,일반의약품,완제의약품,신고,제조,,타원형,,,15.38,9.43,N,"8800540002104,8800542001006,8800551021101,8806129001100,8800540002111,8800542001013,8800551021118,8806129001117",R05X,,201604641,,Acetaminophen/Pseudoephedrine Hydrochloride/DL-Methylephedrine Hydrochloride/Dextromethorphan Hydrobromide Hydrate/Triprolidine Hydrochloride Hydrate
201604711,펜싹코프연질캡슐,Fenssackcough Soft capsule,코스맥스파마(주),"COSMAX PHARMA CO., LTD.",2016-07-29,의약품,15,정상,,아세트아미노펜/구아이페네신/노스카핀염산염수화물/덱스트로메토르판브롬화수소산염수화물/트리프롤리딘염산염수화물,"프로필렌글리콜,치자청색소,폴리에틸렌글리콜400,젤라틴,포비돈,정제수,소르비톨 소르비탄액",,일반의약품,완제의약품,신고,제조,,타원형,,,14.99,9.73,N,"8800540001701,8800542000702,8800551021200,8806129001001,8800540001718,8800542000719,8800551021217,8806129001018",R05X,,201604711,,Acetaminophen/Guaifenesin/Noscapine Hydrochloride Hydrate/Dextromethorphan Hydrobromide Hydrate/Triprolidine Hydrochloride Hydrate
201604720,펜싹콜연질캡슐,Fenssackcold Soft capsule,코스맥스파마(주),"COSMAX PHARMA CO., LTD.",2016-08-01,의약품,17,정상,,아세트아미노펜/구아이페네신/슈도에페드린염산염/dl-메틸에페드린염산염/덱스트로메토르판브롬화수소산염수화물/트리프롤리딘염산염수화물,"프로필렌글리콜,폴리에틸렌글리콜400,젤라틴,포비돈,안나토색소,정제수,소르비톨 소르비탄액",,일반의약품,완제의약품,신고,제조,,타원형,,,15.65,9.5,N,"8800540001503,8800542000900,8800551021408,8806129000806,8800540001510,8800542000917,8800551021415,8806129000813",R05X,,201604720,,Acetaminophen/Guaifenesin/Pseudoephedrine Hydrochloride/DL-Methylephedrine Hydrochloride/Dextromethorphan Hydrobromide Hydrate/Triprolidine Hydrochloride Hydrate
202300455,펜아콜정500밀리그램(아세트아미노펜),Phenacol Tab. 500mg,명문제약(주),"Myungmoon Pharm. Co., Ltd.",2023-02-06,의약품,5235,정상,,아세트아미노펜,"미결정셀룰로오스,탭쉴드흰색(11W001),콜로이드성이산화규소,스테아르산마그네슘,카르나우바납,전분글리콜산나트륨,히드록시프로필셀룰로오스",,일반의약품,완제의약품,신고,제조,,타원형,,,17.5,7.1,N,"8806498081406,8806498081413",N02BE01,,,,Acetaminophen
201309963,펜잘8시간이알서방정(아세트아미노펜),Penzal 8HOURS ER Tab.,(주)종근당,Chong Kun Dang Pharm.,2013-10-29,의약품,5125,정상,,아세트아미노펜,"탭쉴드흰색 11W001,미결정셀룰로오스,스테아르산마그네슘,포비돈,전호화전분,옥수수전분,전분글리콜산나트륨,히드록시에틸셀룰로오스,히드록시프로필셀룰로오스",,일반의약품,완제의약품,허가,제조,,장방형,,,19.2,7.7,N,"8806433066703,8806433066710,8806433066727,8806433066734,8806433066741",N02BE01,,201309963,,Acetaminophen
200200168,펜잘나이트정,Penzal Night Tab.,(주)종근당,Chong Kun Dang Pharm.,2002-10-10,의약품,121,취하,,아세트아미노펜/디펜히드라민시트르산염,"카르나우바왁스,저치환도히드록시프로필셀룰로오스,히프로멜로오스2910,폴리에틸렌글리콜6000,산화티탄,스테아르산마그네슘,탤크,적색40호,히드록시프로필셀룰로오스",,일반의약품,완제의약품,신고,제조,,,,,,,N,"8806433039400,8806433039417",N02BE51,,200200168,,Acetaminophen/Diphenhydramine Citrate
200810700,펜잘큐정,PENZAL-Q TAB.,(주)종근당,Chong Kun Dang Pharm.,2008-10-29,의약품,934,정상,,아세트아미노펜/카페인무수물/에텐자미드,"크로스카멜로오스나트륨,스테아르산마그네슘,전분글리콜산나트륨,히드록시프로필셀룰로오스,황색 203호",,일반의약품,완제의약품,신고,제조,,장방형,,,17.0,7.0,N,"8806433050207,8806433050214",N02BE51,,200810700,,Acetaminophen/Anhydrous Caffeine/Ethenzamide
201307514,펜콜정,Fencold Tab.,한국프라임제약(주),"KOREA PRIME PHARM CO.,LTD",2013-05-28,의약품,752,유효기간만료,,아세트아미노펜/에페드린염산염/카페인무수물,"황색4호,유당수화물,스테아르산마그네슘,경질무수규산,옥수수전분,전분글리콜산나트륨,청색1호,히드록시프로필셀룰로오스",,일반의약품,완제의약품,신고,제조,,,,,,,N,"8806636056907,8806636056914,8806636056921,8806636056938",R05X,,201307514,,Acetaminophen/Ephedrine Hydrochloride/Anhydrous Caffeine
200707218,펜큐어세미정,PENCURE-Semi Tab.,현대약품(주),"Hyundai Pharm Co., Ltd.",2007-06-22,의약품,857,정상,,트라마돌염산염/아세트아미노펜,"미결정셀룰로오스,크로스포비돈,스테아르산마그네슘,전호화전분,오파드라이II노란색(85F420033)",,전문의약품,완제의약품,신고,제조,,장방형,,,11,5,N,"8806420010702,8806420010719,8806420010726,8806420010733,8806420010740",N02AJ13,200707218,,,Tramadol Hydrochloride/Acetaminophen
200707219,펜큐어정,PENCURE Tab.,현대약품(주),"Hyundai Pharm Co., Ltd.",2007-06-22,의약품,858,정상,,트라마돌염산염/아세트아미노펜,"미결정셀룰로오스,크로스포비돈,스테아르산마그네슘,전호화전분,오파드라이II노란색(85F420033)",,전문의약품,완제의약품,신고,제조,,장방형,,,15.4,6.3,N,"8806420010801,8806420010818,8806420010825,8806420010832,8806420010849",N02AJ13,200707219,,,Tramadol Hydrochloride/Acetaminophen
200805370,펜클리어맥스정,PENCLEAR-MAX Tab.,(주)팜젠사이언스,"PharmGen Science, Inc.",2008-05-08,의약품,398,정상,,아세트아미노펜/트라마돌염산염,"오파드라이노란색(85F12347),스테아르산마그네슘,포비돈,콜로이드성이산화규소,전호화전분,분말셀룰로오스,옥수수전분,전분글리콜산나트륨",,전문의약품,완제의약품,신고,제조,,장방형,,,15.6,6.4,N,"8806701022905,8806701022912,8806701022929",N02AJ13,,,,Acetaminophen/Tramadol Hydrochloride
201403740,펜클리어정,PENCLEAR Tab.,(주)팜젠사이언스,"PharmGen Science, Inc.",2014-08-12,의약품,5059,정상,,아세트아미노펜/트라마돌염산염,"오파드라이노란색(85F12347),포비돈,콜로이드성이산화규소,스테아르산마그네슘,전호화전분,분말셀룰로오스,옥수수전분,전분글리콜산나트륨",,전문의약품,완제의약품,허가,제조,,장방형,,,12.1,5.1,N,"8806701036605,8806701036612,8806701036629",N02AJ13,,,,Acetaminophen/Tramadol Hydrochloride
201907809,펜탁연질캡슐,Pentac Soft Cap,(주)알피바이오,RP Bio Inc.,2019-11-07,의약품,5232,취하,,아세트아미노펜/에텐자미드/카페인무수물,"프로필렌글리콜,폴리에틸렌글리콜4000,락색소,폴리에틸렌글리콜400,젤라틴,산화티탄,소르비톨스페셜글리세린블렌드,정제수",,일반의약품,완제의약품,신고,제조,,,,,,,N,"8806616051403,8806616051410",N02BE51,,201907809,,Acetaminophen/Ethenzamide/Anhydrous Caffeine
200502450,편해정,Anacxen Tab.,알파제약(주),"Alpha Pharm. Co., Ltd.",2005-08-19,의약품,200,정상,,아세트아미노펜/카페인무수물,"저치환도히드록시프로필셀룰로오스,미결정셀룰로오스,스테아르산마그네슘,실리콘디옥시드,전분글리콜산나트륨,히드록시프로필셀룰로오스,청색1호",,일반의약품,완제의약품,신고,제조,,장방형,,,13.98,7.96,N,"8806542003903,8806542003910,8806542003927",N02BE51,,200502450,,Acetaminophen/Anhydrous Caffeine
200101555,포나민정,Ponamin Tab.,삼진제약(주),"SAMJIN PHARM.CO.,LTD",2001-07-06,의약품,150,정상,,아세트아미노펜/부틸스코폴라민브롬화물,"미결정셀룰로오스,이산화규소,폴리에틸렌글리콜6000,오파드라이흰색(03B28796),포비돈,스테아르산마그네슘,전분글리콜산나트륨",,일반의약품,완제의약품,신고,제조,,장방형,,,13.9,7.36,N,"8806478025307,8806478025314,8806478025321",A03DB04,,200101555,,Acetaminophen/Scopolamine Butylbromide
202203332,포펜정,Foppen TAB,한국신텍스제약(주),KOREA SYNTEX PHARMACEUTICAL,2022-08-22,의약품,930,정상,,아세트아미노펜/푸르설티아민/카페인무수물,"저치환도히드록시프로필셀룰로오스,미결정셀룰로오스,스테아르산마그네슘,경질무수규산,카르복시메틸셀룰로오스칼슘,탤크,히드록시프로필셀룰로오스",,일반의약품,완제의약품,신고,제조,,장방형,,,14.1,8.1,N,"8806230068900,8806230068917",R05X,,202203332,,Acetaminophen/Fursultiamine/Anhydrous Caffeine
202102362,폴라미노펜주(아세트아미노펜),Polaminofen Inj.,(주)바이오웰스팜,.,2021-03-16,의약품,5017,정상,,아세트아미노펜,"인산수소나트륨이수화물,수산화나트륨,주사용수,시스테인염산염일수화물,만니톨",,전문의약품,완제의약품,허가,수입,,,,,,,N,"8800784000102,8806556054908,8800784000119,8806556054915",N02BE01,,,터키,Acetaminophen
201400542,푸러펜정,Purufen Tab.,경남제약(주),"Kyung Nam Pharm. Co., Ltd.",2014-02-06,의약품,5030,취하,,클로르족사존/아세트아미노펜,"미결정셀룰로오스,히프로멜로오스,폴리에틸렌글리콜6000,산화티탄,스테아르산마그네슘,탤크,전분글리콜산나트륨,히드록시프로필셀룰로오스",,일반의약품,완제의약품,신고,제조,,장방형,,,19,8,N,"8806476031607,8806476031614",M03BB53,,201400542,,Chlorzoxazone/Acetaminophen
201900606,푸로콜에이캡슐,Procol-A Cap.,알파제약(주),"Alpha Pharm. Co., Ltd.",2019-01-23,의약품,5015,유효기간만료,,아세트아미노펜/클로르페니라민말레산염/슈도에페드린염산염/덱스트로메토르판브롬화수소산염수화물/dl-메틸에페드린염산염/구아이페네신/티아민염산염/리보플라빈/아스코르브산,"적갈색 캡슐(상,하),스테아르산마그네슘,탤크",,일반의약품,완제의약품,신고,제조,,,,,,,N,"8806542022102,8806542022119,8806542022126",R05X,,201900606,,Acetaminophen/Chlorpheniramine Maleate/Pseudoephedrine Hydrochloride/Dextromethorphan Hydrobromide Hydrate/DL-Methylephedrine Hydrochloride/Guaifenesin/Thiamine Hydrochloride/Riboflavin/Ascorbic Acid
202106040,푸르노즈연질캡슐,Flu Nose Soft capsule,코스맥스파마(주),"COSMAX PHARMA CO., LTD.",2021-08-19,의약품,5215,취하,,아세트아미노펜/브롬페니라민말레산염/슈도에페드린염산염/리보플라빈/푸르설티아민,"프로필렌글리콜,적색3호,콩기름,레시틴,토코페롤아세테이트,황색5호,황색4호,젤라틴,산화티탄,폴리에틸렌글리콜600,포비돈,황납,경질지방,정제수,소르비톨 소르비탄액",,일반의약품,완제의약품,신고,제조,,,,,,,N,,,,,,Acetaminophen/Brompheniramine Maleate/Pseudoephedrine Hydrochloride/Riboflavin/Fursultiamine
202105960,푸르코프연질캡슐,Flu Cough Soft capsule,코스맥스파마(주),"COSMAX PHARMA CO., LTD.",2021-08-13,의약품,5214,취하,,아세트아미노펜/구아이페네신/클로르페니라민말레산염/덱스트로메토르판브롬화수소산염수화물/리보플라빈/푸르설티아민,"프로필렌글리콜,콩기름,레시틴,토코페롤아세테이트,황색4호,젤라틴,산화티탄,폴리에틸렌글리콜600,포비돈,소르비톨소르비탄 액,황납,경질지방,정제수,청색1호",,일반의약품,완제의약품,신고,제조,,,,,,,N,,,,,,Acetaminophen/Guaifenesin/Chlorpheniramine Maleate/Dextromethorphan Hydrobromide Hydrate/Riboflavin/Fursultiamine
202105959,푸르콜드연질캡슐,Flu Cold Soft capsule,코스맥스파마(주),"COSMAX PHARMA CO., LTD.",2021-08-13,의약품,5213,취하,,아세트아미노펜/구아이페네신/슈도에페드린염산염/클로르페니라민말레산염/dl-메틸에페드린염산염/덱스트로메토르판브롬화수소산염수화물/리보플라빈/푸르설티아민,"프로필렌글리콜,콩기름,레시틴,토코페롤아세테이트,젤라틴,산화티탄,폴리에틸렌글리콜600,포비돈,황납,경질지방,적색40호,정제수,소르비톨 소르비탄액",,일반의약품,완제의약품,신고,제조,,,,,,,N,,,,,,Acetaminophen/Guaifenesin/Pseudoephedrine Hydrochloride/Chlorpheniramine Maleate/DL-Methylephedrine Hydrochloride/Dextromethorphan Hydrobromide Hydrate/Riboflavin/Fursultiamine
202500122,푸르펜에프정,Furphen F Tab.,(주)바스칸바이오제약,BASKHANBIOPharma Inc,2025-01-15,의약품,5127,정상,,아세트아미노펜/푸르설티아민/카페인무수물,"크로스카르멜로오스나트륨,미결정셀룰로오스,히프로멜로오스,황색4호,유당수화물,폴리에틸렌글리콜6000,산화티탄,스테아르산마그네슘,탤크,히드록시프로필셀룰로오스",,일반의약품,완제의약품,신고,제조,,타원형,,,14.1,8.2,N,"8806562054602,8806562054619",N02BE51,,,,Acetaminophen/Fursultiamine/Anhydrous Caffeine
202500121,푸르펜엠정,Furphen M Tab.,(주)바스칸바이오제약,BASKHANBIOPharma Inc,2025-01-15,의약품,5126,정상,,아세트아미노펜/푸르설티아민/산화마그네슘,"미결정셀룰로오스,히프로멜로오스,황색4호,유당수화물,이산화규소,폴리에틸렌글리콜6000,산화티탄,스테아르산마그네슘,탤크,전분글리콜산나트륨,히드록시프로필셀룰로오스",,일반의약품,완제의약품,신고,제조,,타원형,,,15.0,8.7,N,"8806562054503,8806562054510",N02BE51,,,,Acetaminophen/Fursultiamine/Magnesium Oxide
201903830,푸르펜정,Furphen Tab.,(주)바스칸바이오제약,BASKHANBIOPharma Inc,2019-06-12,의약품,5092,유효기간만료,,아세트아미노펜/푸르설티아민,"저치환도히드록시프로필셀룰로오스,황색4호,히프로멜로오스,폴리에틸렌글리콜6000,스테아르산마그네슘,카르복시메틸셀룰로오스칼슘,경질무수규산,탤크,히드록시프로필셀룰로오스",,일반의약품,완제의약품,신고,제조,,,,,,,N,"8806562050819,8806562050802",N02BE51,,201903830,,Acetaminophen/Fursultiamine
200711315,퓨어에이드 나이퀄시럽(수출용),Pureaid Niquil Syrup,맥널티제약(주),"McNulty Pharma, Co., LTD.",2007-10-12,마약류,2,정상,,아세트아미노펜/덱스트로메토르판브롬화수소산염수화물/독시라민숙신산염,"프로필렌글리콜,시트르산수화물,사카린나트륨수화물,체리과즙농축액,폴리에틸렌글리콜400,고과당,백당,수크랄로스,에탄올(95),시트르산나트륨수화물,잔탄검,체리에센스,폴리소르베이트 80,L-멘톨,식약청인정타르색소,정제수",,전문의약품,완제의약품,허가,제조,향정,,,,,,N,"8806415007106,8806415007113,8806415007120,8806415007137",N02BE51,,,,Acetaminophen/Dextromethorphan Hydrobromide Hydrate/Doxylamine Succinate
200711313,퓨어에이드 나이퀄시럽(수출용),Pureaid Niquil Syrup,맥널티제약(주),"McNulty Pharma, Co., LTD.",2007-10-12,마약류,2,정상,,아세트아미노펜/덱스트로메토르판브롬화수소산염수화물/독시라민숙신산염,"프로필렌글리콜,시트르산수화물,사카린나트륨수화물,체리과즙농축액,폴리에틸렌글리콜400,고과당,백당,수크랄로스,에탄올(95),시트르산나트륨수화물,잔탄검,체리에센스,폴리소르베이트 80,L-멘톨,식약청인정타르색소,정제수",,전문의약품,완제의약품,허가,수출,향정,,,,,,N,"8806415007007,8806415007014",N02BE51,,,,Acetaminophen/Dextromethorphan Hydrobromide Hydrate/Doxylamine Succinate
200902008,프로파인퓨전주(아세트아미노펜),Profa infusion Inj. (Acetaminophen),대한약품공업(주),"DAI HAN PHARM CO., LTD.",2009-03-18,의약품,645,정상,,아세트아미노펜,"수산화나트륨,L-시스테인염산염일수화물,인산일수소나트륨이수화물,염산,주사용수,D-만니톨",,전문의약품,완제의약품,허가,제조,,,,,,,N,"8806451037709,8806451037716,8806451037723,8806451037730,8806451037747,8806451037754,8806451037761,8806451037778",N02BE01,,,,Acetaminophen
202400648,프리노즈에스정,Freenose S Tab.,일양약품(주),"IL-YANG PHARM. CO., LTD.",2024-03-26,의약품,5282,정상,,아세트아미노펜/슈도에페드린염산염/클로르페니라민말레산염,"미결정셀룰로오스,히프로멜로오스,유당수화물,이산화규소,산화티탄,폴리에틸렌글리콜6000,스테아르산마그네슘,탤크,전분글리콜산나트륨,히드록시프로필셀룰로오스",,일반의약품,완제의약품,신고,제조,,타원형,,,14.1,8.2,N,"8806417064008,8806417064015",R05X,,202400648,,Acetaminophen/Pseudoephedrine Hydrochloride/Chlorpheniramine Maleate
200001519,프리노즈정,Freenose Tab.,일양약품(주),"IL-YANG PHARM. CO., LTD.",2000-11-02,의약품,121,유효기간만료,,아세트아미노펜/슈도에페드린염산염/클로르페니라민말레산염,"저치환도히드록시프로필셀룰로오스,오파드라이31F40501블루,미결정셀룰로오스,스테아르산마그네슘,탤크,히드록시프로필셀룰로오스,청색1호",,일반의약품,완제의약품,신고,제조,,,,,,,N,"8806417025306,8806417025313",R05X,,200001519,,Acetaminophen/Pseudoephedrine Hydrochloride/Chlorpheniramine Maleate
202006063,프리세펜주사(아세트아미노펜),Precephen Inj.,동국제약(주),"Dongkook Pharmaceutical Co.,Ltd.",2020-08-28,의약품,655,정상,,아세트아미노펜,"인산일수소나트륨무수물,수산화나트륨,L-시스테인염산염일수화물,염산,주사용수,D-만니톨",,전문의약품,완제의약품,신고,제조,,,,,,,N,"8806252020405,8806534058805,8806252020429,8806534058812,8806252020412",N02BE01,,,,Acetaminophen
202004406,프리에이시럽(아세트아미노펜),Free A Syrup (Acetaminophen),동국제약(주),"Dongkook Pharmaceutical Co.,Ltd.",2020-06-16,의약품,538,유효기간만료,,아세트아미노펜,"프로필렌글리콜,시트르산수화물,D-소르비톨 액,백당,수크랄로스,시트르산나트륨수화물,잔탄검,미결정셀룰로오스-카르복시메틸셀룰로오스나트륨,농글리세린,스트로베리후레바티-6653,정제수",,일반의약품,완제의약품,신고,제조,,,,,,,N,"8806534046406,8806534046413,8806534046420",N02BE01,,202004406,,Acetaminophen
201903258,프리피펜주(아세트아미노펜),PREFEPHEN Inj. (Acetaminophen),제이더블유신약(주),JW sinyak,2019-05-21,의약품,5703,정상,,아세트아미노펜,"수산화나트륨,인산일수소나트륨이수화물,염산,주사용수,시스테인염산염수화물,만니톨",,전문의약품,완제의약품,허가,제조,,,,,,,N,"8806441032707,8806441032714",N02BE01,201903258,,,Acetaminophen
202004816,플루콜캡슐,Flucol Cap.,경방신약(주),"KYUNGBANG Pharmaceutical Co.,Ltd",2020-07-02,의약품,5188,유효기간만료,,아세트아미노펜/슈도에페드린염산염/덱스트로메토르판브롬화수소산염수화물/클로르페니라민말레산염/갈근탕 건조엑스(10→1),"콜로이드성이산화규소,스테아르산마그네슘,옥수수전분,전분글리콜산나트륨,캡슐",,일반의약품,완제의약품,신고,제조,,,,,,,N,"8806613064604,8806613064611",R05X,,202004816,,Acetaminophen/Pseudoephedrine Hydrochloride/Dextromethorphan Hydrobromide Hydrate/Chlorpheniramine Maleate/Galgeuntang Dried Extract (10→1)
200300376,피로펜정,Piropen Tab.,정우신약(주),"Jung Woo Pharm Co.,Ltd.",2003-02-25,의약품,183,취하,,클로르족사존/아세트아미노펜,"미결정셀룰로오스,실리콘디옥사이드,유당수화물,스테아르산마그네슘,적색40호 알루미늄레이트,옥수수전분,전분글리콜산나트륨,히드록시프로필셀룰로오스",,일반의약품,완제의약품,신고,제조,,,,,,,N,"8806510031204,8806942003503,8806510031211,8806942003510",M03BB53,,200300376,,Chlorzoxazone/Acetaminophen
200900762,하노펜정(수출용),Hanopen Tap.,(주)하원제약,HAWON PHARMACEUTICAL CORPORATION,2009-01-20,의약품,430,정상,,아세트아미노펜/DL-메티오닌,"저치환도히드록시프로필셀룰로오스,미결정셀룰로오스,크로스포비돈,스테아르산마그네슘,D-만니톨",,일반의약품,완제의약품,신고,제조,,,,,,,N,8806515026809,N02BE51,,,,Acetaminophen/DL-Methionine
200904915,하드콜연질캡슐,Hardcol Soft Cap.,명문제약(주),"Myungmoon Pharm. Co., Ltd.",2009-07-06,의약품,532,유효기간만료,,아세트아미노펜/수도에페드린염산염/클로르페니라민말레산염,"프로필렌글리콜,황색5호,폴리에틸렌글리콜400,솔비톨스페샬글리세린블렌드,젤라틴,포비돈,정제수",,일반의약품,완제의약품,신고,제조,,,,,,,N,"8806498044500,8806498044517",R05X,,200904915,,Acetaminophen/Pseudoephedrine Hydrochloride/Chlorpheniramine Maleate
200202343,하디코정,HardyCo Tab.,광동제약(주),"Kwangdong Pharm Co., Ltd.",2002-06-28,의약품,97,유효기간만료,,아세트아미노펜/슈도에페드린염산염/클로르페니라민말레산염,"미결정셀룰로오스,스테아르산마그네슘,전호화전분,전분글리콜산나트륨,히드록시프로필셀룰로오스,오파드라이85G48950",,일반의약품,완제의약품,신고,제조,,,,,,,N,"8806418033904,8806418033911,8806418033928",R05X,,200202343,,Acetaminophen/Pseudoephedrine Hydrochloride/Chlorpheniramine Maleate
200301913,하디코프에프정,Hardicough F Tab.,광동제약(주),"Kwangdong Pharm Co., Ltd.",2003-09-25,의약품,168,정상,,아세트아미노펜/슈도에페드린염산염/덱스트로메토르판브롬화수소산염수화물/구아이페네신,"미결정셀룰로오스,유당수화물,스테아르산마그네슘,오파드라이II블루 85G40503,전분글리콜산나트륨,히드록시프로필셀룰로오스",,일반의약품,완제의약품,신고,제조,,장방형,,,18.50,8.10,N,"8806418034000,8806418034017,8806418034024",R05X,,200301913,,Acetaminophen/Pseudoephedrine Hydrochloride/Dextromethorphan Hydrobromide Hydrate/Guaifenesin
202303224,하디코플러스정,HardyCoPlus Tab.,광동제약(주),"Kwangdong Pharm Co., Ltd.",2023-11-27,의약품,5264,정상,,아세트아미노펜/슈도에페드린염산염/클로르페니라민말레산염/카페인무수물,"미결정셀룰로오스,오파드라이흰색(QX321A180025),스테아르산마그네슘,전호화전분,전분글리콜산나트륨,히드록시프로필셀룰로오스",,일반의약품,완제의약품,신고,제조,,장방형,,,18.3,7.9,N,"8806418073504,8806418073511",R05X,,202303224,,Acetaminophen/Pseudoephedrine Hydrochloride/Chlorpheniramine Maleate/Anhydrous Caffeine
202106150,하디콜맥스정,Hardicol Max Tab.,광동제약(주),"Kwangdong Pharm Co., Ltd.",2021-08-25,의약품,5234,정상,,아세트아미노펜/클로르페니라민말레산염/덱스트로메토르판브롬화수소산염수화물/카페인무수물/슈도에페드린염산염/구아이페네신/티아민질산염,"미결정셀룰로오스,유당수화물,스테아르산마그네슘,전분글리콜산나트륨,히드록시프로필셀룰로오스,오파드라이노란색85F42138",,일반의약품,완제의약품,신고,제조,,장방형,,,18.4,8.1,N,"8806418071203,8806418071210",R05X,,202106150,,Acetaminophen/Chlorpheniramine Maleate/Dextromethorphan Hydrobromide Hydrate/Anhydrous Caffeine/Pseudoephedrine Hydrochloride/Guaifenesin/Thiamine Nitrate
201707551,하디콜에스연질캡슐,,광동제약(주),"Kwangdong Pharm Co., Ltd.",2017-10-23,의약품,5158,정상,,아세트아미노펜/슈도에페드린염산염/dl-메틸에페드린염산염/클로르페니라민말레산염/덱스트로메토르판브롬화수소산염수화물/육계가루,"프로필렌글리콜,폴리에틸렌글리콜4000,치자청색소,폴리에틸렌글리콜400,솔비톨스페샬글리세린블렌드,젤라틴,산화티탄,카카오색소,정제수",,일반의약품,완제의약품,신고,제조,,타원형,,,15,9.5,N,"8806418064403,8806418064410",R05X,,201707551,,Acetaminophen/Pseudoephedrine Hydrochloride/DL-Methylephedrine Hydrochloride/Chlorpheniramine Maleate/Dextromethorphan Hydrobromide Hydrate/Cinnamon Bark Powder
200202342,하디콜정,Hardicol Power Tab.,광동제약(주),"Kwangdong Pharm Co., Ltd.",2002-06-20,의약품,96,정상,,아세트아미노펜/클로르페니라민말레산염/덱스트로메토르판브롬화수소산염수화물/카페인무수물/슈도에페드린염산염/구아이페네신/아스코르브산/갈근탕건조엑스[10→1],"오파드라이II브라운85G56954,미결정셀룰로오스,유당수화물,글리세릴베헤네이트,스테아르산마그네슘,전분글리콜산나트륨,히드록시프로필셀룰로오스",,일반의약품,완제의약품,신고,제조,,장방형,,,18.50,8.10,N,"8806418034505,8806418034512,8806418034529,8806418034536",R05X,,200202342,,Acetaminophen/Chlorpheniramine Maleate/Dextromethorphan Hydrobromide Hydrate/Anhydrous Caffeine/Pseudoephedrine Hydrochloride/Guaifenesin/Ascorbic Acid/Galgeuntang Dried Extract (10→1)
202203789,하디콜큐정,Hadicol Q Tab.,광동제약(주),"Kwangdong Pharm Co., Ltd.",2022-10-07,의약품,5246,정상,,아세트아미노펜/클로르페니라민말레산염/덱스트로메토르판브롬화수소산염수화물/슈도에페드린염산염/구아이페네신/티아민질산염,"미결정셀룰로오스,유당수화물,스테아르산마그네슘,전분글리콜산나트륨,히드록시프로필셀룰로오스,오파드라이노란색85F42138",,일반의약품,완제의약품,신고,제조,,,,,,,N,,,,,,Acetaminophen/Chlorpheniramine Maleate/Dextromethorphan Hydrobromide Hydrate/Pseudoephedrine Hydrochloride/Guaifenesin/Thiamine Nitrate
202101916,하디큐노즈연질캡슐,HardyQ Nose Soft Cap.,(주)알피바이오,RP Bio Inc.,2021-02-26,의약품,5259,정상,,아세트아미노펜/브롬페니라민말레산염/슈도에페드린염산염,"프로필렌글리콜,치자청색소,폴리에틸렌글리콜400,젤라틴,홍화황색소,포비돈,소르비톨스페셜글리세린블렌드,정제수",,일반의약품,완제의약품,신고,제조,,타원형,,,19.4,9.2,N,"8806616054107,8806616054114",R05X,,202101916,,Acetaminophen/Brompheniramine Maleate/Pseudoephedrine Hydrochloride
202102200,하디큐코프연질캡슐,HardyQ Cough Soft Cap.,(주)알피바이오,RP Bio Inc.,2021-03-09,의약품,5262,정상,,아세트아미노펜/dl-메틸에페드린염산염/덱스트로메토르판브롬화수소산염수화물/구아이페네신,"프로필렌글리콜,락색소,폴리에틸렌글리콜400,젤라틴,포비돈,소르비톨스페셜글리세린블렌드,정제수",,일반의약품,완제의약품,신고,제조,,타원형,,,19.8,9.3,N,"8806616053902,8806616053919",R05X,,202102200,,Acetaminophen/DL-Methylephedrine Hydrochloride/Dextromethorphan Hydrobromide Hydrate/Guaifenesin
202102171,하디큐콜드연질캡슐,HardyQ Cold Soft Cap.,(주)알피바이오,RP Bio Inc.,2021-03-09,의약품,5261,정상,,아세트아미노펜/클로르페니라민말레산염/dl-메틸에페드린염산염/슈도에페드린염산염/덱스트로메토르판브롬화수소산염수화물/구아이페네신,"프로필렌글리콜,치자청색소,폴리에틸렌글리콜400,젤라틴,홍화황색소,포비돈,소르비톨스페셜글리세린블렌드,정제수",,일반의약품,완제의약품,신고,제조,,타원형,,,19.6,9.2,N,"8806616054008,8806616054015",R05X,,202102171,,Acetaminophen/Chlorpheniramine Maleate/DL-Methylephedrine Hydrochloride/Pseudoephedrine Hydrochloride/Dextromethorphan Hydrobromide Hydrate/Guaifenesin
200102113,하벤-키즈시럽,Haben Kids Syrup,주식회사제뉴원사이언스,GENUONE Sciences Inc.,2001-03-21,의약품,668,정상,,아세트아미노펜/클로르페니라민말레산염/덱스트로메토르판브롬화수소산염수화물/dl-메틸에페드린염산염/구아이페네신/티아민질산염/리보플라빈,"시트르산수화물,베타덱스,메틸파라벤,조합향료(체리향 SK-97925),프로필파라벤,백당,시트르산나트륨수화물,효소처리스테비아,농글리세린,정제수",,일반의약품,완제의약품,신고,제조,,,,,,,N,"8806428017208,8806717029707,8806428017215,8806717029714",R05FA02,,200102113,,Acetaminophen/Chlorpheniramine Maleate/Dextromethorphan Hydrobromide Hydrate/DL-Methylephedrine Hydrochloride/Guaifenesin/Thiamine Nitrate/Riboflavin
200201776,하벤목에스캡슐,Haben-Mok Cap.,고려제약(주),"KOREAN DRUG. CO., LTD.",2002-07-10,의약품,83,정상,,아세트아미노펜/에텐자미드/구아이페네신/클로르페니라민말레산염/덱스트로메토르판브롬화수소산염수화물/황련건조엑스(8.93→1)/길경50%에탄올건조엑스(10→1),"스테아르산,포비돈,스테아르산마그네슘,경질무수규산,캡슐제",,일반의약품,완제의약품,신고,제조,,장방형,,,19.10,6.63,N,"8806428016300,8806428016317,8806428016324",R05X,,200201776,,Acetaminophen/Ethenzamide/Guaifenesin/Chlorpheniramine Maleate/Dextromethorphan Hydrobromide Hydrate/Coptis Rhizome Dried Extract (8.93→1)/Platycodon Root 50% Ethanol Dried Extract (10→1)
202008963,하벤에스액,Haben S Sol.,고려제약(주),"KOREAN DRUG. CO., LTD.",2020-12-17,의약품,5101,정상,,아세트아미노펜/구아이페네신/슈도에페드린염산염/DL-메틸에페드린염산염/카페인무수물/덱스트로메토르판브롬화수소산염수화물/클로르페니라민말레산염,"프로필렌글리콜,벤조산나트륨,베타덱스,시트르산수화물,D-소르비톨 액,염화나트륨,아스파탐,자일리톨,수크랄로스,포비돈,에탄올(95),잔탄검,시트르산나트륨수화물,포도엣센스#6,적색40호,농글리세린,정제수",,일반의약품,완제의약품,신고,제조,,,,,,,N,"8806428033208,8806428033222,8806428033215",R05X,,202008963,,Acetaminophen/Guaifenesin/Pseudoephedrine Hydrochloride/DL-Methylephedrine Hydrochloride/Anhydrous Caffeine/Dextromethorphan Hydrobromide Hydrate/Chlorpheniramine Maleate
201405163,하벤코정,Haben-Co Tab.,고려제약(주),"KOREAN DRUG. CO., LTD.",2014-11-05,의약품,5038,취하,,아세트아미노펜/슈도에페드린염산염/클로르페니라민말레산염,"미결정셀룰로오스,오파드라이 흰색(85F18422),스테아르산마그네슘,카르복시메틸셀룰로오스칼슘,경질무수규산,옥수수전분,히드록시프로필셀룰로오스",,일반의약품,완제의약품,신고,제조,,,,,,,N,"8806428027108,8806428027115",R05X,,201405163,,Acetaminophen/Pseudoephedrine Hydrochloride/Chlorpheniramine Maleate
202009037,하벤코프에스액,Haben Cough S Sol.,고려제약(주),"KOREAN DRUG. CO., LTD.",2020-12-18,의약품,5102,정상,,아세트아미노펜/구아이페네신/DL-메틸에페드린염산염/덱스트로메토르판브롬화수소산염수화물/클로르페니라민말레산염,"프로필렌글리콜,벤조산나트륨,베타덱스,시트르산수화물,D-소르비톨 액,염화나트륨,아스파탐,자일리톨,수크랄로스,포비돈,에탄올(95),잔탄검,시트르산나트륨수화물,포도엣센스#6,적색40호(알루라레드AC),농글리세린,정제수",,일반의약품,완제의약품,신고,제조,,,,,,,N,"8806428033406,8806428033413,8806428033420",R05X,,202009037,,Acetaminophen/Guaifenesin/DL-Methylephedrine Hydrochloride/Dextromethorphan Hydrobromide Hydrate/Chlorpheniramine Maleate
201306862,하벤코프큐연질캡슐,Haben Cough Q Soft Cap.,고려제약(주),"KOREAN DRUG. CO., LTD.",2013-04-11,의약품,5027,정상,,아세트아미노펜/dl-메틸에페드린염산염/덱스트로메토르판브롬화수소산염수화물/구아이페네신,"프로필렌글리콜,치자청색소,폴리에틸렌글리콜400,젤라틴,포비돈,소르비톨스페셜글리세린블렌드,정제수",,일반의약품,완제의약품,신고,제조,,타원형,,,16.6,10.1,N,"8806428025807,8806428025814,8806428025821",R05X,,201306862,,Acetaminophen/DL-Methylephedrine Hydrochloride/Dextromethorphan Hydrobromide Hydrate/Guaifenesin
202008854,하벤콜에스액,Haben Col S Sol.,고려제약(주),"KOREAN DRUG. CO., LTD.",2020-12-16,의약품,5100,정상,,아세트아미노펜/슈도에페드린염산염/DL-메틸에페드린염산염/카페인무수물/클로르페니라민말레산염,"프로필렌글리콜,벤조산나트륨,베타덱스,시트르산수화물,D-소르비톨 액,염화나트륨,아스파탐,자일리톨,수크랄로스,포비돈,에탄올(95),잔탄검,시트르산나트륨수화물,포도엣센스#6,적색40호(알루라레드AC),농글리세린,정제수",,일반의약품,완제의약품,신고,제조,,,,,,,N,"8806428033307,8806428033321,8806428033314",R05X,,202008854,,Acetaminophen/Pseudoephedrine Hydrochloride/DL-Methylephedrine Hydrochloride/Anhydrous Caffeine/Chlorpheniramine Maleate
201306597,하벤콜큐연질캡슐,Haben Col Q Soft Cap.,고려제약(주),"KOREAN DRUG. CO., LTD.",2013-04-03,의약품,5025,정상,,아세트아미노펜/클로르페니라민말레산염/슈도에페드린염산염,"프로필렌글리콜,락색소,폴리에틸렌글리콜400,젤라틴,포비돈,소르비톨스페셜글리세린블렌드,정제수",,일반의약품,완제의약품,신고,제조,,타원형,,,16.6,10.1,N,"8806428025609,8806428025616,8806428025623",R05X,,201306597,,Acetaminophen/Chlorpheniramine Maleate/Pseudoephedrine Hydrochloride
201306861,하벤큐연질캡슐,Haben Q Soft Cap.,고려제약(주),"KOREAN DRUG. CO., LTD.",2013-04-11,의약품,5026,정상,,아세트아미노펜/클로르페니라민말레산염/dl-메틸에페드린염산염/슈도에페드린염산염/덱스트로메토르판브롬화수소산염수화물/구아이페네신,"프로필렌글리콜,폴리에틸렌글리콜400,젤라틴,홍화황색소,포비돈,소르비톨스페셜글리세린블렌드,정제수",,일반의약품,완제의약품,신고,제조,,타원형,,,19,8,N,"8806428025906,8806428025913,8806428025920",R05X,,201306861,,Acetaminophen/Chlorpheniramine Maleate/DL-Methylephedrine Hydrochloride/Pseudoephedrine Hydrochloride/Dextromethorphan Hydrobromide Hydrate/Guaifenesin
202300909,하벤파워골드캡슐,Haben-Power Gold Cap.,고려제약(주),"KOREAN DRUG. CO., LTD.",2023-03-14,의약품,5114,정상,,아세트아미노펜/구아이페네신/슈도에페드린염산염/DL-메틸에페드린염산염/덱스트로메토르판브롬화수소산염수화물/클로르페니라민말레산염,"포비돈,스테아르산마그네슘,경질무수규산,탤크,캡슐",,일반의약품,완제의약품,신고,제조,,장방형,,,19.2,6.3,N,"8806428034601,8806428034618",R05X,,202300909,,Acetaminophen/Guaifenesin/Pseudoephedrine Hydrochloride/DL-Methylephedrine Hydrochloride/Dextromethorphan Hydrobromide Hydrate/Chlorpheniramine Maleate
200501892,하벤파워에스캡슐,Haben-Power Cap.,고려제약(주),"KOREAN DRUG. CO., LTD.",2005-08-11,의약품,132,정상,,아세트아미노펜/클로르페니라민말레산염/슈도에페드린염산염/클로페라스틴염산염/dl-메틸에페드린염산염/구아이페네신,"포비돈,스테아르산마그네슘,경질무수규산,탤크,캡슐제",,일반의약품,완제의약품,신고,제조,,장방형,,,19.10,6.63,N,"8806428017406,8806428017413,8806428017420",R05X,,200501892,,Acetaminophen/Chlorpheniramine Maleate/Pseudoephedrine Hydrochloride/Cloperastine Hydrochloride/DL-Methylephedrine Hydrochloride/Guaifenesin
202302998,하벤허브골드캡슐,Haben Herb Gold Cap.,고려제약(주),"KOREAN DRUG. CO., LTD.",2023-10-26,의약품,5116,정상,,아세트아미노펜/구아이페네신/슈도에페드린염산염/덱스트로메토르판브롬화수소산염수화물/클로르페니라민말레산염/티아민질산염/리보플라빈/감초건조엑스(5→1)/길경50%에탄올건조엑스(10→1)/계피건조엑스(31.3→1),"포비돈,스테아르산마그네슘,경질무수규산,캡슐",,일반의약품,완제의약품,신고,제조,,장방형,,,18.7,6.3,N,"8806428034908,8806428034915",R05X,,202302998,,Acetaminophen/Guaifenesin/Pseudoephedrine Hydrochloride/Dextromethorphan Hydrobromide Hydrate/Chlorpheniramine Maleate/Thiamine Nitrate/Riboflavin/Glycyrrhiza Dried Extract (5→1)/Platycodon Root 50% Ethanol Dried Extract (10→1)/Cinnamon Bark Dried Extract (31.3→1)
202300908,하벤허브골드캡슐,Haben Herb Gold Cap.,고려제약(주),"KOREAN DRUG. CO., LTD.",2023-03-14,의약품,5113,취하,,아세트아미노펜/구아이페네신/슈도에페드린염산염/덱스트로메토르판브롬화수소산염수화물/클로르페니라민말레산염/티아민질산염/리보플라빈/감초건조엑스(5→1)/길경50%에탄올건조엑스(10→1)/계피건조엑스(31.3→1),"포비돈,스테아르산마그네슘,경질무수규산,캡슐",,일반의약품,완제의약품,신고,제조,,,,,,,N,"8806428034502,8806428034519",R05X,,,,Acetaminophen/Guaifenesin/Pseudoephedrine Hydrochloride/Dextromethorphan Hydrobromide Hydrate/Chlorpheniramine Maleate/Thiamine Nitrate/Riboflavin/Glycyrrhiza Dried Extract (5→1)/Platycodon Root 50% Ethanol Dried Extract (10→1)/Cinnamon Bark Dried Extract (31.3→1)
201804378,하벤허브에프캡슐,Haben Herb F Cap.,고려제약(주),"KOREAN DRUG. CO., LTD.",2018-11-02,의약품,5082,취하,,아세트아미노펜/구아이페네신/슈도에페드린염산염/클로페라스틴염산염/클로르페니라민말레산염/티아민질산염/리보플라빈/감초건조엑스(5→1)/길경50%에탄올건조엑스(10→1)/계피건조엑스(31.3→1),"포비돈,스테아르산마그네슘,경질무수규산,캡슐",,일반의약품,완제의약품,신고,제조,,,,,,,N,"8806428031402,8806428031419",R05X,,201804378,,Acetaminophen/Guaifenesin/Pseudoephedrine Hydrochloride/Cloperastine Hydrochloride/Chlorpheniramine Maleate/Thiamine Nitrate/Riboflavin/Glycyrrhiza Dried Extract (5→1)/Platycodon Root 50% Ethanol Dried Extract (10→1)/Cinnamon Bark Dried Extract (31.3→1)
202402903,하이놀정,HAINOL,성이바이오제약주식회사,"SUNGYI BIO CO., LTD.",2024-12-10,의약품,60,정상,,아세트아미노펜/푸르설티아민/카페인무수물,"미결정셀룰로오스,스테아르산마그네슘,경질무수규산,탭쉴드노란색(11Y1550),전분글리콜산나트륨,히드록시프로필셀룰로오스",,일반의약품,완제의약품,신고,제조,,,,,,,N,,,,,,Acetaminophen/Fursultiamine/Anhydrous Caffeine
201802515,하이벤정,Hiben Tab.,정우신약(주),"Jung Woo Pharm Co.,Ltd.",2018-06-18,의약품,5131,유효기간만료,,아세트아미노펜/푸르설티아민/리보플라빈,"라우릴황산나트륨,미결정셀룰로오스,저치환도히드록시프로필세룰로오스,스테아르산마그네슘,카르복시메틸셀룰로오스칼슘,탤크,히드록시프로필셀룰로오스",,일반의약품,완제의약품,신고,제조,,,,,,,N,,,,,,Acetaminophen/Fursultiamine/Riboflavin
200805497,하이세펜정,Hycephen Tab.,(주)한국파마,"KOREA PHARMA Co., Ltd.",2008-05-15,의약품,444,정상,,아세트아미노펜/트라마돌염산염,"저치환도히드록시프로필셀룰로오스,크로스포비돈,미결정셀룰로오스,유당수화물,포비돈,스테아르산마그네슘,전호화전분,전분글리콜산나트륨,오파드라이II주황색(85F43040),오파드라이II노란색(85F42086),히드록시프로필셀룰로오스",,전문의약품,완제의약품,신고,제조,,장방형,,,15.51,6.4,N,"8806530044703,8806530044710,8806530044727,8806530044734,8806530044741,8806530044758",N02AJ13,,,,Acetaminophen/Tramadol Hydrochloride
200705993,하이셋세미정,HIGHCET SEMI,국제약품(주),"KUKJE pharmaceutical co., ltd",2007-05-25,의약품,637,정상,,아세트아미노펜/트라마돌염산염,"저치환도히드록시프로필셀룰로오스,크로스포비돈,포비돈,스테아르산마그네슘,오파드라이II노란색(85F42086)",,전문의약품,완제의약품,신고,제조,,장방형,,,12,5.1,N,"8806437025706,8806437025713,8806437025720",N02AJ13,,,,Acetaminophen/Tramadol Hydrochloride
200705994,하이셋정,HIGHCET,국제약품(주),"KUKJE pharmaceutical co., ltd",2007-05-25,의약품,638,정상,,아세트아미노펜/트라마돌염산염,"저치환도히드록시프로필셀룰로오스,크로스포비돈,포비돈,스테아르산마그네슘,오파드라이II노란색(85F42086)",,전문의약품,완제의약품,신고,제조,,장방형,,,14.9,6.5,N,"8806437025805,8806437025812,8806437025829",N02AJ13,,,,Acetaminophen/Tramadol Hydrochloride
201802355,하이스벤에프정,Highsben F Tab.,정우신약(주),"Jung Woo Pharm Co.,Ltd.",2018-06-05,의약품,5130,유효기간만료,,아세트아미노펜/푸르설티아민/카페인무수물,"라우릴황산나트륨,저치환도히드록시프로필셀룰로오스,황색5호,미결정셀룰로오스,카르복시메틸셀룰로오스,스테아르산마그네슘,탤크,히드록시프로필셀룰로오스",,일반의약품,완제의약품,신고,제조,,,,,,,N,,,,,,Acetaminophen/Fursultiamine/Anhydrous Caffeine
201202411,하이코돈정5.0밀리그램,HYCODONE Tablet 5.0mg,(주)비씨월드제약,"BCWORLD PHARM.CO.,LTD",2012-03-30,마약류,31,정상,,아세트아미노펜/히드로코돈타르타르산염,"미결정셀룰로오스,황색산화철,포비돈,스테아르산마그네슘,경질무수규산,전분글리콜산나트륨",,전문의약품,완제의약품,허가,제조,마약,장방형,,,13.5,6.8,N,"8806531026104,8806531026111,8806531026128",N02AJ22,,,,Acetaminophen/Hydrocodone Tartrate
201202412,하이코돈정7.5밀리그램,HYCODONE Tablet 7.5mg,(주)비씨월드제약,"BCWORLD PHARM.CO.,LTD",2012-03-30,마약류,32,정상,,아세트아미노펜/히드로코돈타르타르산염,"미결정셀룰로오스,포비돈,스테아르산마그네슘,경질무수규산,전분글리콜산나트륨",,전문의약품,완제의약품,허가,제조,마약,장방형,,,13.5,6.8,N,"8806531026203,8806531026210,8806531026227",N02AJ22,,,,Acetaminophen/Hydrocodone Tartrate
201702154,하이콘티서방정,High-conti SR Tab.,환인제약(주),"Whan In Pharm Co., Ltd.",2017-04-27,의약품,5095,정상,,아세트아미노펜/트라마돌염산염,"저치환도히드록시프로필셀룰로오스,크로스포비돈,히프로멜로오스,콜로이드성이산화규소,포비돈,스테아르산마그네슘,오파드라이II노란색(85F420033)",,전문의약품,완제의약품,허가,제조,,장방형,,,19.2,8.6,N,"8806572030719,8806572030726,8806572030702",N02AJ13,,,,Acetaminophen/Tramadol Hydrochloride
201702153,하이콘티세미서방정,High-conti Semi SR Tab.,환인제약(주),"Whan In Pharm Co., Ltd.",2017-04-27,의약품,5094,정상,,아세트아미노펜/트라마돌염산염,"저치환도히드록시프로필셀룰로오스,크로스포비돈,히프로멜로오스,콜로이드성이산화규소,포비돈,스테아르산마그네슘,오파드라이II노란색(85F420033)",,전문의약품,완제의약품,허가,제조,,원형,,,9.9,9.9,N,"8806572030818,8806572030825,8806572030801",N02AJ13,,,,Acetaminophen/Tramadol Hydrochloride
200710628,하이퍼셋세미정,Hypercet semi Tab.,한화제약(주),"Han Wha Pharma Co., Ltd.",2007-09-19,의약품,181,정상,,아세트아미노펜/트라마돌염산염,"미결정셀룰로오스,오파드라이QX노란색(321A620000) ,스테아르산마그네슘,전분글리콜산나트륨,히드록시프로필셀룰로오스",,전문의약품,완제의약품,신고,제조,,장방형,,,12.0,5.1,N,"8806516007906,8806516007913,8806516007920,8806516007937",N02AJ13,200710628,,,Acetaminophen/Tramadol Hydrochloride
200710087,하이퍼셋정,Hypercet Tab.,한화제약(주),"Han Wha Pharma Co., Ltd.",2007-09-03,의약품,179,정상,,아세트아미노펜/트라마돌염산염,"미결정셀룰로오스,오파드라이QX노란색(321A620000) ,스테아르산마그네슘,전분글리콜산나트륨,히드록시프로필셀룰로오스",,전문의약품,완제의약품,신고,제조,,장방형,,,15.6,6.5,N,"8806516008002,8806516008019,8806516008026,8806516008033",N02AJ13,200710087,,,Acetaminophen/Tramadol Hydrochloride
202303052,하이펜에스정,Highphen-S tab.,미래바이오제약(주),"Mirae Pharmaceutical Co., Ltd",2023-11-02,의약품,5207,정상,,아세트아미노펜/푸르설티아민/카페인무수물,"저치환도히드록시프로필셀룰로오스,미결정셀룰로오스,황색4호,히프로멜로오스,폴리에틸렌글리콜6000,스테아르산마그네슘,카르복시메틸셀룰로오스칼슘,탤크,히드록시프로필셀룰로오스",,일반의약품,완제의약품,신고,제조,,장방형,,,13.8,8.1,N,"8806575040203,8806575040210",R05X,,202303052,,Acetaminophen/Fursultiamine/Anhydrous Caffeine
200808686,하이펜정,Highphen Tab,미래바이오제약(주),"Mirae Pharmaceutical Co., Ltd",2008-08-13,의약품,337,유효기간만료,,아세트아미노펜/푸르설티아민,"라우릴황산나트륨,저치환도히드록시프로필셀룰로오스,미결정셀룰로오스,황색4호,스테아르산마그네슘,카르복시메틸셀룰로오스칼슘,옥수수전분,히드록시프로필셀룰로오스",,일반의약품,완제의약품,신고,제조,,,,,,,N,"8806575013504,8806575013511,8806575013528",N02BE51,,200808686,,Acetaminophen/Fursultiamine
202501607,하이플러스정,High Plus Tab.,경남제약(주),"Kyung Nam Pharm. Co., Ltd.",2025-06-27,의약품,5117,정상,,아세트아미노펜/푸르설티아민,"크로스카르멜로오스나트륨,히프로멜로오스,황색4호,유당수화물,폴리에틸렌글리콜6000,산화티탄,스테아르산마그네슘,경질무수규산,탤크,히드록시프로필셀룰로오스",,일반의약품,완제의약품,신고,제조,,타원형,,,15.0,8.7,N,"8806476040616,8806476040609",N02BE51,202501607,,,Acetaminophen/Fursultiamine
202500675,한독아세트아미노펜시럽,Handok Acetaminophen Syrup,(주)한독,Handok Inc.,2025-03-24,의약품,4136,정상,,아세트아미노펜,"프로필렌글리콜,시트르산수화물,베타덱스,폴리에틸렌글리콜400,소르빈산칼륨,미결정셀룰로오스·카르복시메틸셀룰로오스나트륨,수크랄로스,에데트산나트륨수화물,백당,잔탄검,D-소르비톨액,조합향료(딸기향62(HF-BC10997)),농글리세린,정제수",,일반의약품,완제의약품,신고,제조,,,,,,,N,,,,,,Acetaminophen
201804157,한신노콜-에스액,,(주)한국신약,HANKOOKSHINYAK,2018-10-22,의약품,1084,정상,,갈근탕엑스(10→1)/아세트아미노펜/클로르페니라민말레산염/펜톡시베린시트르산염/구아이페네신/카페인무수물,"시트르산수화물,L-글루탐산나트륨수화물,고과당55,백당,수크랄로스,시트르산나트륨수화물,정제수",,일반의약품,완제의약품,신고,제조,,,,,,,N,"8806550068406,8806550068413,8806550068420",R05X,,201804157,,Galgeuntang Extract (10→1)/Acetaminophen/Chlorpheniramine Maleate/Pentoxyverine Citrate/Guaifenesin/Anhydrous Caffeine
201801817,한신노콜1액(수출용),,(주)한국신약,HANKOOKSHINYAK,2018-04-27,의약품,1079,정상,,아세트아미노펜/클로로페니라민말레산염/덱스트로메토르판브롬화수소산염수화물/구아야콜설폰산칼륨/카페인무수물/혼합추출물연조엑스(2.8→1),"벤조산나트륨,시트르산수화물,L-글루탐산나트륨수화물,백당,시트르산나트륨수화물,D-소르비톨액,정제수",,일반의약품,완제의약품,허가,제조,,,,,,,N,"8806550069304,8806550069311",R05X,,,,Acetaminophen/Chlorpheniramine Maleate/Dextromethorphan Hydrobromide Hydrate/Potassium Guaiacolsulfonate/Anhydrous Caffeine/Mixed Extract Soft Extract (2.8→1)
199901895,한신노콜액,,(주)한국신약,HANKOOKSHINYAK,1999-08-30,의약품,84,유효기간만료,,갈근탕 연조엑스(3.33→1)/아세트아미노펜/클로르페니라민말레산염/덱스트로메토르판브롬화수소산염수화물/구아야콜설폰산칼륨/카페인무수물,"벤조산나트륨,시트르산수화물,L-글루탐산나트륨수화물,백당,시트르산나트륨수화물,D-소르비톨액,정제수",,일반의약품,완제의약품,신고,제조,,,,,,,N,"8806550017107,8806550017114,8806550017121",R05X,,199901895,,Galgeuntang Soft Extract (3.33→1)/Acetaminophen/Chlorpheniramine Maleate/Dextromethorphan Hydrobromide Hydrate/Potassium Guaiacolsulfonate/Anhydrous Caffeine
200002300,한신노콜캡슐,,(주)한국신약,HANKOOKSHINYAK,2000-10-13,의약품,92,유효기간만료,,갈근탕엑스분말(6→1)/아세트아미노펜/클로르페니라민말레산염/덱스트로메토르판브롬화수소산염수화물/구아야콜설폰산칼륨/카페인무수물,캡슐제,,일반의약품,완제의약품,신고,제조,,,,,,,N,"8806550017404,8806550017411,8806550017428,8806550017435,8806550017442",R05X,,200002300,,Galgeuntang Extract Powder (6→1)/Acetaminophen/Chlorpheniramine Maleate/Dextromethorphan Hydrobromide Hydrate/Potassium Guaiacolsulfonate/Anhydrous Caffeine
200201675,한신콜펜-에스정,,(주)한국신약,HANKOOKSHINYAK,2002-12-20,의약품,152,유효기간만료,,아세트아미노펜/카페인수화물/에텐자미드/감초가루/작약가루,"히프로멜로오스,유당수화물,폴리에틸렌글리콜6000,스테아르산마그네슘,옥수수전분",,일반의약품,완제의약품,신고,제조,,,,,,,N,"8806550050708,8806550050715,8806550050722,8806550050739",N02BE51,,200201675,,Acetaminophen/Caffeine Hydrate/Ethenzamide/Glycyrrhiza Powder/Peony Root Powder
200002301,한신한스콜에스캡슐,,(주)한국신약,HANKOOKSHINYAK,2000-10-13,의약품,93,정상,,소청룡탕엑스분말(8.4→1)/아세트아미노펜/클로르페니라민말레산염/티페피딘히벤즈산염/카페인무수물,"콜로이드성 이산화규소,미결정셀룰로오스,스테아르산마그네슘,캡슐제",,일반의약품,완제의약품,신고,제조,,장방형,,,21.3,7.5,N,"8806550052900,8806550052917,8806550052924,8806550052931,8806550052948,8806550052955,8806550052962",R05X,,200002301,,Socheongryongtang Extract Powder (8.4→1)/Acetaminophen/Chlorpheniramine Maleate/Tipepidine Hibenzate/Anhydrous Caffeine
199700122,한영아세트아미노펜제피세립,,한국휴텍스제약(주),"HUTECS KOREA PHARMACEUTICAL CO.,LTD.",1997-09-24,의약품,54,정상,,아세트아미노펜,"폴리에칠렌글리콜6000,히드록시프로필셀룰로오스",,,원료의약품,신고,제조,,,,,,,N,,,,,,Acetaminophen
201308359,한트라셋세미정,HANTRACET SEMI TAB,한올바이오파마(주),"HANALL BIOPHARMA CO., LTD.",2013-07-24,의약품,5030,정상,,트라마돌염산염/아세트아미노펜,"라우릴황산나트륨,오파드라이노란색(85F12347),미결정셀룰로오스,스테아르산마그네슘,옥수수전분,전분글리콜산나트륨",,전문의약품,완제의약품,허가,제조,,장방형,,,11.8,4.8,N,"8806556045203,8806556045227,8806556045210",N02AJ13,201308359,,,Tramadol Hydrochloride/Acetaminophen
201308360,한트라셋정,HANTRACET TAB,한올바이오파마(주),"HANALL BIOPHARMA CO., LTD.",2013-07-24,의약품,5031,정상,,트라마돌염산염/아세트아미노펜,"라우릴황산나트륨,오파드라이노란색(85F12347),미결정셀룰로오스,스테아르산마그네슘,옥수수전분,전분글리콜산나트륨",,전문의약품,완제의약품,허가,제조,,장방형,,,15.6,6.4,N,"8806556045302,8806556045326,8806556045319",N02AJ13,201308360,,,Tramadol Hydrochloride/Acetaminophen
201405342,한풍노즈액,Hanpoong Nose Solutions,(주)한풍제약,"HANPOONG PHARM. Co., Ltd.",2014-11-17,의약품,5039,정상,,소청룡탕연조엑스(1.67→1)/아세트아미노펜/카페인무수물/클로르페니라민말레산염,"결정과당,갈색설탕,정제수",,일반의약품,완제의약품,신고,제조,,,,,,,N,"8806581057004,8806581057011,8806581057028,8806581057035",R05X,,201405342,,Socheongryongtang Soft Extract (1.67→1)/Acetaminophen/Anhydrous Caffeine/Chlorpheniramine Maleate
201500849,한풍코프액,Hanpoong Cough Solutions,(주)한풍제약,"HANPOONG PHARM. Co., Ltd.",2015-02-16,의약품,5042,정상,,맥문동탕연조엑스(2.7→1)/아세트아미노펜/카페인무수물/클로르페니라민말레산염/티페피딘히벤즈산염,"결정과당,갈색설탕,정제수",,일반의약품,완제의약품,신고,제조,,,,,,,N,"8806581057202,8806581057219,8806581057226,8806581057233",R05X,,201500849,,Maegmundongtang Soft Extract (2.7→1)/Acetaminophen/Anhydrous Caffeine/Chlorpheniramine Maleate/Tipepidine Hibenzate
201405340,한풍콜드액,Hanpoong Cold Solutions,(주)한풍제약,"HANPOONG PHARM. Co., Ltd.",2014-11-14,의약품,5038,정상,,갈근탕연조엑스(3.08→1)/아세트아미노펜/카페인무수물/클로르페니라민말레산염,"결정과당,갈색설탕,정제수",,일반의약품,완제의약품,신고,제조,,,,,,,N,"8806581057103,8806581057110,8806581057127,8806581057134",R05X,,201405340,,Galgeuntang Soft Extract (3.08→1)/Acetaminophen/Anhydrous Caffeine/Chlorpheniramine Maleate
200612388,해금콜드액,Haegum Cold Soln,(주)한국신약,HANKOOKSHINYAK,2006-12-12,의약품,0243,유효기간만료,,소청룡탕연조엑스[2.77→1]/아세트아미노펜/덱스트로메토르판브롬화수소산염수화물/구아야콜설폰산칼륨,"벤조산나트륨,시트르산수화물,L-글루탐산나트륨수화물,백당,시트르산나트륨수화물,D-소르비톨액,정제수",,일반의약품,완제의약품,신고,제조,,,,,,,N,"8806550057707,8806550057714,8806550057721,8806550057738",R05X,,200612388,,Socheongryongtang Soft Extract (2.77→1)/Acetaminophen/Dextromethorphan Hydrobromide Hydrate/Potassium Guaiacolsulfonate
201901096,해슈펜에프정,Haesupen F Tablet,에이치엘비제약(주),"HLB Pharmaceutical Co., Ltd.",2019-02-22,의약품,5127,취하,,에페드린염산염/카페인무수물/아세트아미노펜,"미결정셀룰로오스,스테아르산마그네슘,전분글리콜산나트륨,히드록시프로필셀룰로오스",,일반의약품,완제의약품,신고,제조,,,,,,,N,"8806473036506,8806473036513",R05X,,201901096,,Ephedrine Hydrochloride/Anhydrous Caffeine/Acetaminophen
202501779,해여래시럽(아세트아미노펜),Haeyeorae,(주)퍼슨,"Firson Co., Ltd.",2025-07-14,의약품,5157,정상,,아세트아미노펜,"베타덱스,벤조산나트륨,시트르산수화물,조합향료(사과향15 HF-BD12972),프로필렌글리콜,D-소르비톨 액,미결정셀룰로오스·카르복시메틸셀룰로오스나트륨,포비돈,백당,수크랄로스,잔탄검,규산알루민산마그네슘,농글리세린,정제수",,일반의약품,완제의약품,신고,제조,,,,,,,N,"8806574019101,8806574019118,8806574019125",N02BE01,,,,Acetaminophen
200200134,향감캡슐,,(주)한풍제약,"HANPOONG PHARM. Co., Ltd.",2002-12-04,의약품,84,폐업,,향소산엑스/아세트아미노펜/에텐자미드/dl-메틸에페드린염산염/클로르페니라민말레산염/덱스트로메토르판브롬화수소산염수화물/카페인수화물,"유당수화물,스테아르산마그네슘,상 하부 미황색 캅셀,히드록시프로필셀룰로오스",,일반의약품,완제의약품,신고,제조,,장방형,,,21.27,7.53,N,"8806581041300,8806581041317,8806581041324",R05DA20,,,,Hyangsosan Extract/Acetaminophen/Ethenzamide/DL-Methylephedrine Hydrochloride/Chlorpheniramine Maleate/Dextromethorphan Hydrobromide Hydrate/Caffeine Hydrate
197600679,화덕아세트아미노펜,,화덕약품(주),,1976-01-22,의약품,182,정상,,아세트아미노펜,,,,원료의약품,신고,제조,,,,,,,N,,,,,,Acetaminophen
201900978,화이코프캡슐,Hwaicouph Cap.,정우신약(주),"Jung Woo Pharm Co.,Ltd.",2019-02-18,의약품,5148,유효기간만료,,아세트아미노펜/구아이페네신/수도에페드린염산염/덱스트로메토르판브롬화수소산염수화물,"상 하부 흰색의 캡슐,유당수화물,스테아르산마그네슘,탤크,경질무수규산,전분글리콜산나트륨",,일반의약품,완제의약품,신고,제조,,,,,,,N,"8806942053102,8806942053119",R05X,,,,Acetaminophen/Guaifenesin/Pseudoephedrine Hydrochloride/Dextromethorphan Hydrobromide Hydrate
202401331,화이투벤노즈시럽,Whituben Nose Syrup,동화약품(주),"Dongwha Pharm. Co., Ltd.",2024-05-29,의약품,5238,정상,,아세트아미노펜/슈도에페드린염산염/DL-메틸에페드린염산염/클로르페니라민말레산염/카페인무수물/리보플라빈포스페이트나트륨,"벤조산나트륨,시트르산수화물,프로필렌글리콜,베타덱스,조합향료(샤인머스캣향 522197),염화나트륨,자일리톨,에데트산나트륨수화물,수크랄로스,포비돈,시트르산나트륨수화물,조합향료(샤인머스캣향 522196),프락토올리고당,농글리세린,정제수",,일반의약품,완제의약품,신고,제조,,,,,,,N,"8806427075926,8806427075902,8806427075919",R05X,,202401331,,Acetaminophen/Pseudoephedrine Hydrochloride/DL-Methylephedrine Hydrochloride/Chlorpheniramine Maleate/Anhydrous Caffeine/Riboflavin Sodium Phosphate
201300045,화이투벤씨플러스캡슐,Whituben C Plus Capsules,동화약품(주),"Dongwha Pharm. Co., Ltd.",2013-01-04,의약품,5274,정상,,아세트아미노펜/클로르페니라민말레산염/dl-메틸에페드린염산염/클로페라스틴염산염/카페인무수물/티아민질산염/리보플라빈/아스코르브산,"이산화규소,스테아르산마그네슘,크로스카멜로오스나트륨,전호화전분,히드록시프로필셀룰로오스,캡슐",,일반의약품,완제의약품,신고,제조,,장방형,,,18.5,6.2,N,"8806427061509,8806939036811,8806427061516,8806427078811,8806939036804,8806427078804",R05X,,201300045,,Acetaminophen/Chlorpheniramine Maleate/DL-Methylephedrine Hydrochloride/Cloperastine Hydrochloride/Anhydrous Caffeine/Thiamine Nitrate/Riboflavin/Ascorbic Acid
202401290,화이투벤코프시럽,Whituben Cough Syrup,동화약품(주),"Dongwha Pharm. Co., Ltd.",2024-05-27,의약품,5236,정상,,아세트아미노펜/티페피딘시트르산염/DL-메틸에페드린염산염/구아이페네신/카페인무수물/리보플라빈포스페이트나트륨,"벤조산나트륨,시트르산수화물,프로필렌글리콜,베타덱스,베리믹스향 BC-F-2534,염화나트륨,자일리톨,에데트산나트륨수화물,수크랄로스,포비돈,시트르산나트륨수화물,천연라즈베리향 OB2-0582,프락토올리고당,농글리세린,정제수",,일반의약품,완제의약품,신고,제조,,,,,,,N,"8806427076107,8806427076114,8806427076121",R05X,,202401290,,Acetaminophen/Tipepidine Citrate/DL-Methylephedrine Hydrochloride/Guaifenesin/Anhydrous Caffeine/Riboflavin Sodium Phosphate
202401314,화이투벤콜드시럽,Whituben Cold Syrup,동화약품(주),"Dongwha Pharm. Co., Ltd.",2024-05-28,의약품,5237,정상,,아세트아미노펜/티페피딘시트르산염/DL-메틸에페드린염산염/클로르페니라민말레산염/구아이페네신/카페인무수물/리보플라빈포스페이트나트륨,"벤조산나트륨,시트르산수화물,프로필렌글리콜,베타덱스,염화나트륨,자일리톨,에데트산나트륨수화물,수크랄로스,포비돈,애플망고향SJ-B,시트르산나트륨수화물,프락토올리고당,농글리세린,정제수",,일반의약품,완제의약품,신고,제조,,,,,,,N,"8806427076022,8806427076015,8806427076008",R05X,,202401314,,Acetaminophen/Tipepidine Citrate/DL-Methylephedrine Hydrochloride/Chlorpheniramine Maleate/Guaifenesin/Anhydrous Caffeine/Riboflavin Sodium Phosphate
201300034,화이투벤큐노즈연질캡슐,Whituben Q nose Soft Cap.,동화약품(주),"Dongwha Pharm. Co., Ltd.",2013-01-03,의약품,5242,정상,,아세트아미노펜/슈도에페드린염산염/dl-메틸에페드린염산염/덱스트로메토르판브롬화수소산염수화물/트리프롤리딘염산염수화물,"프로필렌글리콜,폴리에틸렌글리콜400,솔비톨스페샬글리세린블렌드,젤라틴,홍화황색소,포비돈,정제수",,일반의약품,완제의약품,신고,제조,,타원형,,,14.9,9.9,N,"8806427076305,8806616039708,8806427076312,8806616039715",R05X,,201300034,,Acetaminophen/Pseudoephedrine Hydrochloride/DL-Methylephedrine Hydrochloride/Dextromethorphan Hydrobromide Hydrate/Triprolidine Hydrochloride Hydrate
201300036,화이투벤큐연질캡슐,Whituben Q Soft Cap.,동화약품(주),"Dongwha Pharm. Co., Ltd.",2013-01-03,의약품,5240,정상,,아세트아미노펜/구아이페네신/슈도에페드린염산염/dl-메틸에페드린염산염/덱스트로메토르판브롬화수소산염수화물/트리프롤리딘염산염수화물,"프로필렌글리콜,락색소,폴리에틸렌글리콜400,솔비톨스페샬글리세린블렌드,젤라틴,포비돈,정제수",,일반의약품,완제의약품,신고,제조,,타원형,,,14.9,9.9,N,"8806427076503,8806616039609,8806427076510,8806616039616",R05X,,201300036,,Acetaminophen/Guaifenesin/Pseudoephedrine Hydrochloride/DL-Methylephedrine Hydrochloride/Dextromethorphan Hydrobromide Hydrate/Triprolidine Hydrochloride Hydrate
201300035,화이투벤큐코프연질캡슐,Whituben Q cough Soft Cap.,동화약품(주),"Dongwha Pharm. Co., Ltd.",2013-01-03,의약품,5241,정상,,아세트아미노펜/구아이페네신/덱스트로메토르판브롬화수소산염수화물/노스카핀염산염수화물/트리프롤리딘염산염수화물,"프로필렌글리콜,치자청색소,폴리에틸렌글리콜400,솔비톨스페샬글리세린블렌드,젤라틴,포비돈,정제수",,일반의약품,완제의약품,신고,제조,,타원형,,,14.9,10.1,N,"8806427076404,8806616039807,8806427076411,8806616039814",R05X,,201300035,,Acetaminophen/Guaifenesin/Dextromethorphan Hydrobromide Hydrate/Noscapine Hydrochloride Hydrate/Triprolidine Hydrochloride Hydrate
202300078,화이투벤큐플러스노즈연질캡슐,Whituben Q Plus nose Soft Cap.,동화약품(주),"Dongwha Pharm. Co., Ltd.",2023-01-06,의약품,5265,정상,,아세트아미노펜/슈도에페드린염산염/DL-메틸에페드린염산염/덱스트로메토르판브롬화수소산염수화물/트리프롤리딘염산염수화물,"프로필렌글리콜,폴리에틸렌글리콜400,젤라틴,홍화황색소,포비돈,소르비톨스페셜글리세린블렌드,정제수",,일반의약품,완제의약품,신고,제조,,타원형,,,17.0,9.9,N,"8806427078101,8806616057306,8806427078118,8806616057313",R05X,,202300078,,Acetaminophen/Pseudoephedrine Hydrochloride/DL-Methylephedrine Hydrochloride/Dextromethorphan Hydrobromide Hydrate/Triprolidine Hydrochloride Hydrate
202300071,화이투벤큐플러스연질캡슐,Whituben Q Plus Soft Cap.,동화약품(주),"Dongwha Pharm. Co., Ltd.",2023-01-06,의약품,5266,정상,,아세트아미노펜/구아이페네신/슈도에페드린염산염/DL-메틸에페드린염산염/덱스트로메토르판브롬화수소산염수화물/트리프롤리딘염산염수화물,"프로필렌글리콜,락색소,폴리에틸렌글리콜400,젤라틴,포비돈,소르비톨스페셜글리세린블렌드,정제수",,일반의약품,완제의약품,신고,제조,,타원형,,,17.0,9.9,N,"8806427077906,8806616057207,8806427077913,8806616057214",R05X,,202300071,,Acetaminophen/Guaifenesin/Pseudoephedrine Hydrochloride/DL-Methylephedrine Hydrochloride/Dextromethorphan Hydrobromide Hydrate/Triprolidine Hydrochloride Hydrate
202300008,화이투벤큐플러스코프연질캡슐,Whituben Q Plus cough Soft Cap.,동화약품(주),"Dongwha Pharm. Co., Ltd.",2023-01-02,의약품,5267,정상,,아세트아미노펜/구아이페네신/덱스트로메토르판브롬화수소산염수화물/노스카핀염산염수화물/트리프롤리딘염산염수화물,"프로필렌글리콜,치자청색소,폴리에틸렌글리콜400,젤라틴,포비돈,소르비톨스페셜글리세린블렌드,정제수",,일반의약품,완제의약품,신고,제조,,타원형,,,16.6,10.0,N,"8806427078002,8806616057108,8806427078019,8806616057115",R05X,,202300008,,Acetaminophen/Guaifenesin/Dextromethorphan Hydrobromide Hydrate/Noscapine Hydrochloride Hydrate/Triprolidine Hydrochloride Hydrate
202501547,화이투벤키즈펜시럽,Whituben Kidsfen Syrup,동화약품(주),"Dongwha Pharm. Co., Ltd.",2025-06-23,의약품,5273,정상,,아세트아미노펜/리보플라빈포스페이트나트륨,"벤조산나트륨,시트르산수화물,프로필렌글리콜,베타덱스,조합향료(망고향 BD-F-0820),염화나트륨,자일리톨,에데트산나트륨수화물,수크랄로스,포비돈,시트르산나트륨수화물,천연망고향 RD2-1143,프락토올리고당,농글리세린,정제수",,일반의약품,완제의약품,신고,제조,,,,,,,N,"8806427078729,8806427078712,8806427078705",N02BE51,,,,Acetaminophen/Riboflavin Sodium Phosphate
202008049,화이트클로펜정,White clophen Tab.,(주)화이트생명과학,WHITE LIFE SCIENCE,2020-11-20,의약품,5116,취하,,아세트아미노펜/클로르족사존,"저치환도히드록시프로필셀룰로오스,미결정셀룰로오스,스테아르산마그네슘,카르복시메틸셀룰로오스칼슘,옥수수전분,전분글리콜산나트륨,히드록시프로필셀룰로오스",,일반의약품,완제의약품,신고,제조,,,,,,,N,"8806252022003,8806252022010,8806252022027",M03BB53,,,,Acetaminophen/Chlorzoxazone
200300189,화콜노즈정,Facol Nose Tablet,제이더블유중외제약(주),JW Pharmaceutical,2003-05-01,의약품,171,유효기간만료,,아세트아미노펜/수도에페드린염산염/클로르페니라민말레산염,"프로필렌글리콜,미결정셀룰로오스,히프로멜로오스,유당수화물,산화티탄,스테아르산마그네슘,카르나우바납,카르복시메틸셀룰로오스칼슘,옥수수전분,전분글리콜산나트륨,히드록시프로필셀룰로오스",,일반의약품,완제의약품,신고,제조,,,,,,,N,"8806449046508,8806449046515",R05X,,200300189,,Acetaminophen/Pseudoephedrine Hydrochloride/Chlorpheniramine Maleate
202600303,화콜노즈정,Facol Nose Tab.,제이더블유중외제약(주),JW Pharmaceutical,2026-02-03,의약품,5236,정상,,아세트아미노펜/슈도에페드린염산염/클로르페니라민말레산염/dl-메틸에페드린염산염/카페인무수물,"미결정셀룰로오스,유당수화물,포비돈,스테아르산마그네슘,전분글리콜산나트륨,탭쉴드 노란색 21Y1652",,일반의약품,완제의약품,신고,제조,,,,,,,N,"8806449155606,8806449155613",,,,,Acetaminophen/Pseudoephedrine Hydrochloride/Chlorpheniramine Maleate/DL-Methylephedrine Hydrochloride/Anhydrous Caffeine
201600391,화콜씨노즈연질캡슐,Facol C Nose Soft Tab.,제이더블유중외제약(주),JW Pharmaceutical,2016-01-21,의약품,5114,정상,,아세트아미노펜/브롬페니라민말레산염/슈도에페드린염산염,"프로필렌글리콜,폴리에틸렌글리콜400,젤라틴,홍화황색소,포비돈,소르비톨스페셜글리세린블렌드,정제수",,일반의약품,완제의약품,신고,제조,,타원형,,,19.6,8.9,N,"8806449141609,8806449141616",R05X,,201600391,,Acetaminophen/Brompheniramine Maleate/Pseudoephedrine Hydrochloride
202601162,화콜씨코프에스연질캡슐,Facol C Cough S Soft Cap.,제이더블유중외제약(주),JW Pharmaceutical,2026-04-21,의약품,5238,정상,,아세트아미노펜/DL-메틸에페드린염산염/덱스트로메토르판브롬화수소산염수화물/구아이페네신,"프로필렌글리콜,치자청색소,폴리에틸렌글리콜400,젤라틴,홍화황색소,포비돈,소르비톨스페셜글리세린블렌드,정제수",,일반의약품,완제의약품,신고,제조,,,,,,,N,,,,,,Acetaminophen/DL-Methylephedrine Hydrochloride/Dextromethorphan Hydrobromide Hydrate/Guaifenesin
201600358,화콜씨코프연질캡슐,Facol C Cough Soft Cap.,제이더블유중외제약(주),JW Pharmaceutical,2016-01-20,의약품,5112,정상,,아세트아미노펜/dl-메틸에페드린염산염/클로페라스틴염산염/구아이페네신,"프로필렌글리콜,치자청색소,폴리에틸렌글리콜400,젤라틴,홍화황색소,포비돈,소르비톨스페셜글리세린블렌드,정제수",,일반의약품,완제의약품,신고,제조,,타원형,,,19.6,8.9,N,"8806449141500,8806449141517",R05X,,201600358,,Acetaminophen/DL-Methylephedrine Hydrochloride/Cloperastine Hydrochloride/Guaifenesin
201600731,화콜씨콜드연질캡슐,Facol C Cold Soft Cap.,제이더블유중외제약(주),JW Pharmaceutical,2016-02-03,의약품,5118,정상,,아세트아미노펜/브롬페니라민말레산염/수도에페드린염산염/덱스트로메토르판브롬화수소산염수화물/구아이페네신,"프로필렌글리콜,락색소,폴리에틸렌글리콜400,젤라틴,포비돈,소르비톨스페셜글리세린블렌드,정제수",,일반의약품,완제의약품,신고,제조,,타원형,,,19.6,8.9,N,"8806449141708,8806449141715",R05X,,201600731,,Acetaminophen/Brompheniramine Maleate/Pseudoephedrine Hydrochloride/Dextromethorphan Hydrobromide Hydrate/Guaifenesin
202402751,화콜정,Facol Tab.,제이더블유중외제약(주),JW Pharmaceutical,2024-11-21,의약품,5209,정상,,아세트아미노펜/슈도에페드린염산염/클로르페니라민말레산염/덱스트로메토르판브롬화수소산염수화물,"오파드라이흰색(85F18422),미결정셀룰로오스,유당수화물,포비돈,스테아르산마그네슘,전분글리콜산나트륨",,일반의약품,완제의약품,신고,제조,,장방형,,,13.2,6.1,N,"8806449152209,8806449152216",R05X,,,,Acetaminophen/Pseudoephedrine Hydrochloride/Chlorpheniramine Maleate/Dextromethorphan Hydrobromide Hydrate
201504052,화콜콜드앤플루나잇연질캡슐(수출용),Facol Cold N Flu Night Soft Cap.(for export),제이더블유중외제약(주),JW Pharmaceutical,2015-06-19,의약품,5092,정상,,아세트아미노펜/구아이페네신/페닐레프린염산염/덱스트로메토르판브롬화수소산염수화물/디펜히드라민염산염,"프로필렌글리콜,치자청색소,폴리에틸렌글리콜400,젤라틴,포비돈,소르비톨스페셜글리세린블렌드,정제수",,일반의약품,완제의약품,허가,제조,,,,,,,N,"8806449140206,8806449140213",R05X,,,,Acetaminophen/Guaifenesin/Phenylephrine Hydrochloride/Dextromethorphan Hydrobromide Hydrate/Diphenhydramine Hydrochloride
201503843,화콜콜드앤플루데이앤드나잇연질캡슐(수출용),Facol Cold N Flu Day and Night Soft Cap.(for export),제이더블유중외제약(주),JW Pharmaceutical,2015-06-12,의약품,5089,정상,,아세트아미노펜/구아이페네신/페닐레프린염산염/덱스트로메토르판브롬화수소산염수화물/디펜히드라민염산염,"프로필렌글리콜,락색소,치자청색소,폴리에틸렌글리콜400,솔비톨스페샬글리세린블렌드,젤라틴,포비돈,정제수",,일반의약품,완제의약품,신고,제조,,,,,,,N,"8806449140008,8806449140015",R05X,,,,Acetaminophen/Guaifenesin/Phenylephrine Hydrochloride/Dextromethorphan Hydrobromide Hydrate/Diphenhydramine Hydrochloride
201503856,화콜콜드앤플루데이연질캡슐(수출용),Facol Cold N Flu Day Soft Cap.(for export),제이더블유중외제약(주),JW Pharmaceutical,2015-06-12,의약품,5091,정상,,아세트아미노펜/구아이페네신/페닐레프린염산염/덱스트로메토르판브롬화수소산염수화물,"프로필렌글리콜,락색소,폴리에틸렌글리콜400,젤라틴,포비돈,소르비톨스페셜글리세린블렌드,정제수",,일반의약품,완제의약품,신고,제조,,,,,,,N,"8806449140107,8806449140114",R05X,,,,Acetaminophen/Guaifenesin/Phenylephrine Hydrochloride/Dextromethorphan Hydrobromide Hydrate
201109442,화콜클래식원연질캡슐,Facol Classic One Soft Cap.,제이더블유중외제약(주),JW Pharmaceutical,2011-11-02,의약품,5033,정상,,아세트아미노펜/카페인무수물/구아이페네신/dl-메틸에페드린염산염/클로르페니라민말레산염,"프로필렌글리콜,폴리에틸렌글리콜400,에틸바닐린,젤라틴,포비돈,소르비톨스페셜글리세린블렌드,경질무수규산,적색40호,정제수,청색1호,적색산화철",,일반의약품,완제의약품,신고,제조,,타원형,,,21.4,7.6,N,"8806449134106,8806449134113",R05X,,201109442,,Acetaminophen/Anhydrous Caffeine/Guaifenesin/DL-Methylephedrine Hydrochloride/Chlorpheniramine Maleate
202001098,화콜키즈콜드시럽,Facol Kids Cold Syrup,제이더블유중외제약(주),JW Pharmaceutical,2020-02-18,의약품,5174,정상,,아세트아미노펜/클로르페니라민말레산염/펜톡시베린시트르산염/dl-메틸에페드린염산염/구아이페네신,"벤조산나트륨,시트르산수화물,혼합과일향,글리세린,염화나트륨,백당,수크랄로스,폴리에틸렌글리콜 1500,시트르산나트륨수화물,카르복시메틸셀룰로오스나트륨,히드록시에틸셀룰로오스,D-소르비톨액,조합향료(사과향HF-30630),정제수",,일반의약품,완제의약품,신고,제조,,,,,,,N,"8806449147601,8806449147625,8806449147618",R05X,,202001098,,Acetaminophen/Chlorpheniramine Maleate/Pentoxyverine Citrate/DL-Methylephedrine Hydrochloride/Guaifenesin
202402124,휴노린플러스비씨정,Noful BC Tab.,(주)휴온스생명과학,HuonsLifeSciences,2024-09-02,의약품,5139,정상,,에페드린염산염/카페인무수물/아세트아미노펜/아스코르브산과립97%/티아민질산염/리보플라빈,"미결정셀룰로오스,크로스포비돈,오파드라이 QX 노란색(321A220012),폴리에틸렌글리콜6000,스테아르산마그네슘,전호화전분,히드록시프로필셀룰로오스",,일반의약품,완제의약품,신고,제조,,,,,,,N,,,,,,Ephedrine Hydrochloride/Anhydrous Caffeine/Acetaminophen/Ascorbic Acid Granules 97%/Thiamine Nitrate/Riboflavin
202402175,휴노린플러스비정,Hunorinplus B Tab.,(주)휴온스생명과학,HuonsLifeSciences,2024-09-06,의약품,5140,정상,,에페드린염산염/카페인무수물/아세트아미노펜/티아민질산염/리보플라빈,"미결정셀룰로오스,크로스포비돈,폴리에틸렌글리콜6000,오파드라이 QX 초록색 (321A110028),스테아르산마그네슘,전호화전분,히드록시프로필셀룰로오스",,일반의약품,완제의약품,신고,제조,,,,,,,N,,,,,,Ephedrine Hydrochloride/Anhydrous Caffeine/Acetaminophen/Thiamine Nitrate/Riboflavin
201502928,휴니즈트라셋정,Huniz Tracet Tablet,(주)휴온스메디텍,"Huons Meditech Co., Ltd.",2015-05-14,의약품,70,정상,,아세트아미노펜/트라마돌염산염,"미결정셀룰로오스,크로스포비돈,스테아르산마그네슘,전호화전분,오파드라이II노란색(85F12347),전분글리콜산나트륨,히드록시프로필셀룰로오스",,전문의약품,완제의약품,허가,제조,,장방형,,,15.6,6.5,N,"8806704008906,8806704008913,8806704008920",N02AJ13,201502928,,,Acetaminophen/Tramadol Hydrochloride
202500015,휴엔솔플러스연질캡슐,Hugh and Sol Plus Soft capsule,코스맥스파마(주),"COSMAX PHARMA CO., LTD.",2025-01-03,의약품,5252,정상,,아세트아미노펜/구아이페네신/슈도에페드린염산염/dl-메틸에페드린염산염/덱스트로메토르판브롬화수소산염수화물/트리프롤리딘염산염수화물,"프로필렌글리콜,청색1호(브릴리안트블루FCF),폴리에틸렌글리콜400,젤라틴,포비돈,적색40호,정제수,소르비톨 소르비탄액",,일반의약품,완제의약품,신고,제조,,타원형,,,14.8,9.3,N,"8800551029305,8800551029312,8800551029329",R05X,,,,Acetaminophen/Guaifenesin/Pseudoephedrine Hydrochloride/DL-Methylephedrine Hydrochloride/Dextromethorphan Hydrobromide Hydrate/Triprolidine Hydrochloride Hydrate
200102966,"휴온스아세트아미노펜정500mg(수출명:파라메디코정,PARACARETab.)(수출용)",Acetaminiphen Huons Tab. 500mg (Acetaminophen)(for export),(주)휴온스,"Huons Co., Ltd.",2001-01-19,의약품,304,취하,,아세트아미노펜,"저치환도히드록시프로필셀룰로오스,히프로멜로오스2910,미결정셀룰로오스,히프로멜로오스,유당수화물,이산화규소,폴리에틸렌글리콜6000,산화티탄,스테아르산마그네슘,카르복시메틸셀룰로오스칼슘,탤크,옥수수전분,전분글리콜산나트륨,히드록시프로필셀룰로오스,농글리세린,식약청인정타르색소",,일반의약품,완제의약품,신고,제조,,,,,,,N,"8806706032701,8806706032718,8806706032725",N02BE01,,,,Acetaminophen
199600089,휴텍스에이에이피정325밀리그람(아세트아미노펜제피세립),Hutecs AAP Tab.,한국휴텍스제약(주),"HUTECS KOREA PHARMACEUTICAL CO.,LTD.",1996-10-01,의약품,26,유효기간만료,,아세트아미노펜제피세립,"포비돈K30,미결정셀룰로오스,유당수화물,스테아르산마그네슘,카르복시메틸셀룰로오스칼슘",,일반의약품,완제의약품,신고,제조,,,,,,,N,"8806491013206,8806491013213,8806491013220,8806491013237,8806491013244",N02BE01,,199600089,,Microencapsulated Acetaminophen
200712587,휴트라돌세미정,"Hutradol Semi Tab. (Acetaminophen, tramadol hydrochloride)",(주)휴온스,"Huons Co., Ltd.",2007-11-19,의약품,659,정상,,아세트아미노펜/트라마돌염산염,"미결정셀룰로오스,크로스포비돈,스테아르산마그네슘,전호화전분,오파드라이II노란색(85F12347),전분글리콜산나트륨,히드록시프로필셀룰로오스",,전문의약품,완제의약품,신고,제조,,장방형,,,12.0,5.15,N,"8806706043103,8806706043110,8806706043127,8806706043134,8806706043141,8806706043158",N02AJ13,200712587,,,Acetaminophen/Tramadol Hydrochloride
200712588,휴트라돌정,"Hutradol Tab. (Acetaminophen, tramadol hydrochloride)",(주)휴온스,"Huons Co., Ltd.",2007-11-19,의약품,660,정상,,아세트아미노펜/트라마돌염산염,"미결정셀룰로오스,크로스포비돈,스테아르산마그네슘,전호화전분,오파드라이II노란색(85F12347),전분글리콜산나트륨,히드록시프로필셀룰로오스",,전문의약품,완제의약품,신고,제조,,장방형,,,15.5,6.4,N,"8806706043202,8806706043219,8806706043226,8806706043233",N02AJ13,200712588,,,Acetaminophen/Tramadol Hydrochloride
201505342,휴펜정,Hupen Tab.,(주)테라젠이텍스,"THERAGEN ETEX CO., LTD.",2015-08-05,의약품,5119,유효기간만료,,아세트아미노펜/푸르설티아민,"라우릴황산나트륨,저치환도히드록시프로필셀룰로오스,미결정셀룰로오스,황색4호,스테아르산마그네슘,카르복시메틸셀룰로오스칼슘,옥수수전분,히드록시프로필셀룰로오스",,일반의약품,완제의약품,신고,제조,,,,,,,N,"8806985031501,8806985031518",R05X,,201505342,,Acetaminophen/Fursultiamine
202501583,히어로쿨산,HeroCool Powder,삼진제약(주),"SAMJIN PHARM.CO.,LTD",2025-06-26,의약품,5248,정상,,아세트아미노펜/리보플라빈,"에틸셀룰로오스,트리에틸시트르산염,자일리톨,히드록시프로필베타덱스,수크랄로스,콜로이드성이산화규소,스테아르산마그네슘,조합향료(딸기분말향71442),탤크,조합향료(바나나미크론비9693)",,일반의약품,완제의약품,신고,제조,,,,,,,N,"8806478059029,8806478059012,8806478059005",N02BE51,,,,Acetaminophen/Riboflavin
202105485,히트펜세미정,Heatfensemi Tab.,(주)라이트팜텍,"LitePharmTech Co.,Ltd.",2021-07-21,의약품,288,정상,,아세트아미노펜/에페드린염산염/카페인무수물,"크로스카르멜로오스나트륨,황색4호,유당수화물,포비돈,스테아르산마그네슘",,일반의약품,완제의약품,신고,제조,,장방형,,,10.5,5.1,N,"8806903034508,8806903034515,8806903034522",R05X,,202105485,,Acetaminophen/Ephedrine Hydrochloride/Anhydrous Caffeine
201605724,히트펜정,Hitpen Tab.,(주)라이트팜텍,"LitePharmTech Co.,Ltd.",2016-09-29,의약품,7,정상,,에페드린염산염/카페인무수물/아세트아미노펜,"적색3호,미결정셀룰로오스,유당수화물,이산화규소,젤라틴,포비돈,스테아르산마그네슘,전분글리콜산나트륨,히드록시프로필셀룰로오스",,일반의약품,완제의약품,신고,제조,,원형,,,11.0,11.0,N,"8806255005003,8806903001425,8806255005027,8806903001418,8806255005010,8806903001401,8806903001432",R05X,,201605724,,Ephedrine Hydrochloride/Anhydrous Caffeine/Acetaminophen
